"genotype","predicted effect"
"NCSI",-0.149242417666509
"NCSL",0.45027241333049
"NCNI",-0.733486286677727
"NCNL",-0.14924241766651
"NRSI",0.45027241333049
"NRSL",1.3559075606534
"NRNI",-0.149242417666509
"NRNL",-0.144893870049572
"ICSI",2.25645238731438
"ICSL",2.25899754764534
"ICNI",-0.44337870538259
"ICNL",0.149242417666509
"IRSI",0.753847569325436
"IRSL",1.05233240465845
"IRNI",0.751302408994471
"IRNL",0.753847569325435
