"id","effect","muts","cv","colors","enz"
"0000",0,0,NA,"#FFFFFF","DHFR"
"0001",0.301029995663981,1,NA,"#FFE9E8","DHFR"
"0010",-0.882728704344236,1,NA,"#BCF0FF","DHFR"
"0100",0.301029995663981,1,NA,"#FFE9E8","DHFR"
"1000",2.10720996964787,1,NA,"#FF635B","DHFR"
"0011",0,2,NA,"#FFFFFF","DHFR"
"0101",1.50514997831991,2,NA,"#FF918B","DHFR"
"0110",0,2,NA,"#FFFFFF","DHFR"
"1001",2.40823996531185,2,NA,"#FF4E45","DHFR"
"1010",-0.294136287716081,2,NA,"#E8FAFF","DHFR"
"1100",0.903089986991944,2,NA,"#FFBBB8","DHFR"
"0111",-0.294136287716081,3,NA,"#E8FAFF","DHFR"
"1011",0,3,NA,"#FFFFFF","DHFR"
"1101",0.903089986991944,3,NA,"#FFBBB8","DHFR"
"1110",0.602059991327962,3,NA,"#FFD0CE","DHFR"
"1111",0.903089986991944,4,NA,"#FFBBB8","DHFR"
