"indices","effect"
"INTERCEPT",0.528936786070937
"51",0.825287327744985
"59",0.147969837501027
"108",-1.049336397506
"164",0.373742334249013
"51|59",-0.375465761235989
"51|108",-0.228317657078949
"51|164",-0.149693264488003
"59|108",0.448999833165008
"59|164",-0.0709889115980558
"108|164",-0.0778026592469593
"51|59|108",0.678139223587946
"51|59|164",-0.00254516033096368
"51|108|164",0.15133673117598
"59|108|164",-0.221503909430048
