"indices","sign","effect"
"108|164",0,0.581698708680255
"59|164",0,0.903089986991944
"59|108",0,0.581698708680255
"51|108",1,-1.51861755301971
"51|108|164",0,-1.52551126096761
"51|59",0,-1.50514997831991
"51|59|164",0,-1.80617997398389
"51|59|108",0,-0.923451269639652
"51|59|108|164",0,-0.923451269639652
