MAE,Last MAE,Step,Enzyme,Linear MAE,Linear Last MAE
0.8777280863528629,2.4255384166360536,1,DHFR,0.20426459781249987,0.10477733737499939
0.44256109752871486,2.629003018930213,2,DHFR,0.16024150992187508,0.20384110712499837
0.12665952952026288,1.1657958008494145,3,DHFR,0.07118800848437531,0.010674767124999818
0.015580342380661652,0.498570956181168,4,DHFR,0.015504638124999897,0.015504638124998138
