"model_order","R2","(Adjusted)","Delta R2"
"order1","0.963117469976746","0.956024675741505","0.963117469976746"
"order2","0.979964658971024","0.961181526756359","0.0168471889942781"
"order3","0.995759610602382","0.97809132144564","0.0157949516313579"
"order4","0.99986257084111","0.995739696074412","0.00410296023872803"
