"indices","effect"
"INTERCEPT",2.28010306275
"21",0.983814303125001
"26",0.97023270775
"28",1.560161088875
"30",0.967862116125
"94",1.207772633875
"21|26",0.119578603375
"21|28",-0.0730115427500003
"21|30",0.12100641325
"21|94",0.139836198
"26|28",0.0463843141249997
"26|30",0.0633423206249998
"26|94",0.235274845625
"28|30",0.0240697982499997
"28|94",-0.0395972805000002
"30|94",-0.0196467810000002
"21|26|28",0.1118362525
"21|26|30",-0.11285681225
"21|26|94",-0.00272049224999987
"21|28|30",-0.00256486687499964
"21|28|94",-0.141225594625
"21|30|94",-0.00766617737499962
"26|28|30",-0.19240656075
"26|28|94",-0.11410271675
"26|30|94",0.1020125535
"28|30|94",-0.0693373336249996
"21|26|28|30",0.0444076151249995
"21|26|28|94",-0.0526411588750001
"21|26|30|94",0.0185862751249996
"21|28|30|94",0.12762640475
"26|28|30|94",-0.0856203256250006
