"id","effect","muts","cv","colors"
"00000",1,0,NA,"#FFFFFF"
"00001",1,1,NA,"#FFFFFF"
"00010",1,1,NA,"#FFFFFF"
"00100",1,1,NA,"#FFFFFF"
"01000",1,1,NA,"#FFFFFF"
"10000",1,1,NA,"#FFFFFF"
"00011",1.24616464034013,2,NA,"#FFFFFF"
"00101",4.06785682565059,2,NA,"#FFFBFB"
"00110",6.46935144751739,2,NA,"#FFFBFB"
"01001",2.09287115761936,2,NA,"#FFFFFF"
"01010",3.55299722111949,2,NA,"#FFFBFB"
"01100",2.26599326599327,2,NA,"#FFFFFF"
"10001",6.78923527844391,2,NA,"#FFFBFB"
"10010",8.53954391072295,2,NA,"#FFF7F7"
"10100",1.65267489711934,2,NA,"#FFFFFF"
"11000",2.14141414141414,2,NA,"#FFFFFF"
"00111",8.84299838149859,3,NA,"#FFF7F7"
"01011",32.986711067827,3,NA,"#FFE9E8"
"01101",18.248027840354,3,NA,"#FFF4F3"
"01110",9.73343331421935,3,NA,"#FFF7F7"
"10011",13.1248712820137,3,NA,"#FFF7F7"
"10101",4.69747658663193,3,NA,"#FFFBFB"
"10110",13.772530414937,3,NA,"#FFF7F7"
"11001",30.5210377152823,3,NA,"#FFE9E8"
"11010",9.6158087424463,3,NA,"#FFF7F7"
"11100",18.1069958847737,3,NA,"#FFF4F3"
"01111",34.201389274536,4,NA,"#FFE9E8"
"10111",44.4735591116303,4,NA,"#FFE2E1"
"11011",277.137030616343,4,NA,"#FF4E45"
"11101",68.5422481319096,4,NA,"#FFD4D2"
"11110",59.9231846199337,4,NA,"#FFD8D6"
"11111",266.402573959731,5,NA,"#FF554C"
