MAE,Last MAE,Step,Enzyme,Linear MAE,Linear Last MAE
0.8277985800076799,1.8056374448915933,1,DHFR,0.36690573826667866,0.22614548549893998
0.3763214026482449,2.7098124900681246,2,DHFR,0.33869265319024755,0.3388282854633221
3.3908068268421326e-5,5.425290922943526e-4,3,DHFR,3.390806826839704e-5,3.390806826852888e-5
