"positions","effects","identity","mut","condition"
"p51",1.80617997398389,"x000","1","c57_DHFR_ic50_c57"
"p51",1.50514997831991,"x001","2","c57_DHFR_ic50_c57"
"p51",-0.301029995663981,"x010","2","c57_DHFR_ic50_c57"
"p51",-0.301029995663981,"x011","3","c57_DHFR_ic50_c57"
"p51",0.301029995663981,"x100","2","c57_DHFR_ic50_c57"
"p51",0,"x101","3","c57_DHFR_ic50_c57"
"p51",0.903089986991944,"x110","3","c57_DHFR_ic50_c57"
"p51",0.903632516084238,"x111","4","c57_DHFR_ic50_c57"
"p59",0.301029995663981,"0x00","1","c57_DHFR_ic50_c57"
"p59",0.602059991327962,"0x01","2","c57_DHFR_ic50_c57"
"p59",-0.301029995663981,"0x10","2","c57_DHFR_ic50_c57"
"p59",-0.301029995663981,"0x11","3","c57_DHFR_ic50_c57"
"p59",-1.20411998265592,"1x00","2","c57_DHFR_ic50_c57"
"p59",-0.903089986991944,"1x01","3","c57_DHFR_ic50_c57"
"p59",0.903089986991944,"1x10","3","c57_DHFR_ic50_c57"
"p59",0.903632516084238,"1x11","4","c57_DHFR_ic50_c57"
"p108",0,"00x0","1","c57_DHFR_ic50_c57"
"p108",-0.301029995663981,"00x1","2","c57_DHFR_ic50_c57"
"p108",-0.602059991327962,"01x0","2","c57_DHFR_ic50_c57"
"p108",-1.20411998265592,"01x1","3","c57_DHFR_ic50_c57"
"p108",-2.10720996964787,"10x0","2","c57_DHFR_ic50_c57"
"p108",-2.10720996964787,"10x1","3","c57_DHFR_ic50_c57"
"p108",0,"11x0","3","c57_DHFR_ic50_c57"
"p108",-0.300487466571687,"11x1","4","c57_DHFR_ic50_c57"
"p164",0.602059991327962,"000x","1","c57_DHFR_ic50_c57"
"p164",0.301029995663981,"001x","2","c57_DHFR_ic50_c57"
"p164",0.903089986991944,"010x","2","c57_DHFR_ic50_c57"
"p164",0.301029995663981,"011x","3","c57_DHFR_ic50_c57"
"p164",0.301029995663981,"100x","2","c57_DHFR_ic50_c57"
"p164",0.301029995663981,"101x","3","c57_DHFR_ic50_c57"
"p164",0.602059991327962,"110x","3","c57_DHFR_ic50_c57"
"p164",0.301572524756275,"111x","4","c57_DHFR_ic50_c57"
