"genotype","predicted effect"
"NCSI",-3.3908068268397e-05
"NCSL",0.602093899396231
"NCNI",3.39080682683554e-05
"NCNL",0.300996087595712
"NRSI",0.30106390373225
"NRSL",1.20408607458765
"NRNI",-0.301063903732249
"NRNL",3.39080682681819e-05
"ICSI",1.80621388205216
"ICSL",2.1071760615796
"ICNI",-0.30106390373225
"ICNL",3.39080682678489e-05
"IRSI",0.602026083259693
"IRSL",1.20415389072419
"IRNI",0.60209389939623
"IRNL",0.903598608015969
