pos,mutations,idiosync
p51,Order 1,1.6091310533646088
p59,Order 1,1.6092470425992436
p108,Order 1,1.755384506047331
p164,Order 1,0.4550121964915504
p51|p59,Order 2,3.1287087432298217
p51|p108,Order 2,3.1479932604315417
p51|p164,Order 2,0.3479130093823635
p59|p108,Order 2,3.1479240864906943
p59|p164,Order 2,0.34728655125610147
p108|p164,Order 2,0.491580223811977
p51|p59|p108,Order 3,7.672520003044811e-4
p51|p59|p164,Order 3,7.67252000304167e-4
p51|p108|p164,Order 3,7.672520003043241e-4
p59|p108|p164,Order 3,7.672520003049521e-4
