"model_order","R2","(Adjusted)","Delta R2"
"order1","0.644300150033293","0.514954750045399","0.644300150033293"
"order2","0.757981645149349","0.273944935448046","0.113681495116056"
"order3","0.999999997632708","0.99999996449062","0.242018352483359"
