"id","effect","muts","cv","colors","enz"
"0000",0,0,NA,"#FFFFFF","DHFR"
"0001",0.602059991327962,1,NA,"#FFCDCA","DHFR"
"0010",0,1,NA,"#FFFFFF","DHFR"
"0100",0.301029995663981,1,NA,"#FFE6E4","DHFR"
"1000",1.80617997398389,1,NA,"#FF665F","DHFR"
"0011",0.301029995663981,2,NA,"#FFE6E4","DHFR"
"0101",1.20411998265592,2,NA,"#FF9893","DHFR"
"0110",-0.301029995663981,2,NA,"#E4F9FF","DHFR"
"1001",2.10720996964787,2,NA,"#FF4E45","DHFR"
"1010",-0.301029995663981,2,NA,"#E4F9FF","DHFR"
"1100",0.602059991327962,2,NA,"#FFCDCA","DHFR"
"0111",0,3,NA,"#FFFFFF","DHFR"
"1011",0,3,NA,"#FFFFFF","DHFR"
"1101",1.20411998265592,3,NA,"#FF9893","DHFR"
"1110",0.602059991327962,3,NA,"#FFCDCA","DHFR"
"1111",0.903632516084238,4,NA,"#FFB4B0","DHFR"
