"indices","effect"
"INTERCEPT",0.564465149938233
"51",0.6021278074645
"59",6.78161365349504e-05
"108",-0.827764671939411
"164",0.451612809632507
"51|59",-0.0751896827794594
"51|108",-0.300962179527445
"51|164",-0.0751896827794584
"59|108",0.30109781180052
"59|164",0.0753253150525313
"108|164",-0.150447181695453
"51|59|108",0.677385306380495
"51|59|164",6.78161365370965e-05
"51|108|164",0.0753253150525323
"59|108|164",-0.0751896827794575
