"genotype","predicted effect"
"MEGN",-0.196562499999999
"LEGN",0.2215625
"MKGN",1.6895625
"MESN",1.9725625
"MEGD",0.1215625
"LKGN",-0.1315625
"LESN",1.6124375
"LEGD",-0.2165625
"MKSN",1.9384375
"MKGD",-0.218562499999999
"MESD",1.9914375
"LKSN",0.1555625
"LKGD",0.1285625
"LESD",0.2395625
"MKSD",2.3055625
"LKSD",2.0554375
