MAE,Last MAE,Step,Enzyme,Linear MAE,Linear Last MAE
0.2895979642601098,0.0360243290174751,1,TEM,0.31885545900356466,0.4623935157246326
0.2902209676712426,0.638268401607043,2,TEM,0.22758259778199963,0.5513980355063655
0.21043741747036224,3.3669986795257953,3,TEM,0.21050316009518558,0.21050316009518544
