"id","effect","muts","cv","colors"
"0000",1,0,NA,"#FFF4F3"
"0001",1,1,NA,"#FFF4F3"
"0010",1,1,NA,"#FFF4F3"
"0100",1,1,NA,"#FFF4F3"
"1000",1,1,NA,"#FFF4F3"
"0011",1.1044776119403,2,NA,"#FFF0F0"
"0101",14.3333333333333,2,NA,"#FF4E45"
"0110",0.891376451077944,2,NA,"#FFF4F3"
"1001",1,2,NA,"#FFF4F3"
"1010",0.340298507462687,2,NA,"#FFFBFB"
"1100",0.833333333333333,2,NA,"#FFF4F3"
"0111",0.0652244456462953,3,NA,"#FFF4F3"
"1011",0.13236921131658,3,NA,"#FFFFFF"
"1101",0.0697674418604651,3,NA,"#FFF4F3"
"1110",0.164014687882497,3,NA,"#FFFFFF"
"1111",2328.08417910448,4,NA,"#FFF4F3"
