"genotype","predicted effect"
"MEGN",-0.210503160095186
"MEGD",0.210502532528619
"MESN",1.51298215314618
"MESD",1.13530214046719
"MKGN",0.28939284586954
"MKGD",1.02614844465619
"MKSN",1.12164696277934
"MKSD",1.55630857281311
"LEGN",0.210506892350394
"LEGD",-0.210490834539515
"LESN",0.6243075741621
"LESD",0.210502507508525
"LKGN",-0.210498639331099
"LKGD",0.21050665364565
"LKSN",0.21050665364565
"LKSD",1.13529632340863
