pos,mutations,idiosync
p69,Order 1,1.2765430255246732
p104,Order 1,1.4369405523118908
p238,Order 1,1.266399214578538
p276,Order 1,1.4096300548635192
p69|p104,Order 2,2.2859424807763875
p69|p238,Order 2,2.3915814712789687
p69|p276,Order 2,2.2392098199564807
p104|p238,Order 2,2.277183786207089
p104|p276,Order 2,2.1165927053141598
p238|p276,Order 2,2.2302676046913934
p69|p104|p238,Order 3,4.761655197077682
p69|p104|p276,Order 3,4.761655197077682
p69|p238|p276,Order 3,4.761655197077682
p104|p238|p276,Order 3,4.761655197077682
