p69,x000,1,0,TEM,growth,ZOX
p69,x001,2,0,TEM,growth,ZOX
p69,x010,2,-0.4681399557003726,TEM,growth,ZOX
p69,x011,3,-1.3463529744506386,TEM,growth,ZOX
p69,x100,2,-0.07918124604762482,TEM,growth,ZOX
p69,x101,3,-1.235528446907549,TEM,growth,ZOX
p69,x110,3,-1.3324384599156054,TEM,growth,ZOX
p69,x111,4,0,TEM,growth,ZOX
p104,0x00,1,0,TEM,growth,ZOX
p104,0x01,2,1.156347200859924,TEM,growth,ZOX
p104,0x10,2,-0.04993884355250826,TEM,growth,ZOX
p104,0x11,3,-0.07918124604762482,TEM,growth,ZOX
p104,1x00,2,-0.07918124604762482,TEM,growth,ZOX
p104,1x01,3,-0.07918124604762482,TEM,growth,ZOX
p104,1x10,3,-0.914237347767741,TEM,growth,ZOX
p104,1x11,4,1.2671717284030137,TEM,growth,ZOX
p238,00x0,1,0,TEM,growth,ZOX
p238,00x1,2,0.04315691703014979,TEM,growth,ZOX
p238,01x0,2,-0.04993884355250833,TEM,growth,ZOX
p238,01x1,3,-1.1923715298773991,TEM,growth,ZOX
p238,10x0,2,-0.4681399557003726,TEM,growth,ZOX
p238,10x1,3,-1.3031960574204888,TEM,growth,ZOX
p238,11x0,3,-1.3031960574204888,TEM,growth,ZOX
p238,11x1,4,0.04315691703014979,TEM,growth,ZOX
p276,000x,1,0,TEM,growth,ZOX
p276,001x,2,0.04315691703014979,TEM,growth,ZOX
p276,010x,2,1.156347200859924,TEM,growth,ZOX
p276,011x,3,0.013914514535033229,TEM,growth,ZOX
p276,100x,2,0,TEM,growth,ZOX
p276,101x,3,-0.8350561017201162,TEM,growth,ZOX
p276,110x,3,0,TEM,growth,ZOX
p276,111x,4,1.3463529744506386,TEM,growth,ZOX
