mean,max,obs,geno,enzyme_name,measure_type,cond
0.34559432586702843,1.3031960574204888,0,0000,TEM,growth,ZOX
0.8606271404527291,1.3463529744506386,0,0001,TEM,growth,ZOX
-0.13191354539170208,0.04315691703014979,1.3031960574204888,0010,TEM,growth,ZOX
0.7768077228934266,1.2532572138679805,0.07918124604762482,0100,TEM,growth,ZOX
0.27835203390670543,0.8350561017201162,0,1000,TEM,growth,ZOX
-0.6731764872253193,0,1.3463529744506386,0011,TEM,growth,ZOX
-0.5623519596822296,0.11082452754308969,1.235528446907549,0101,TEM,growth,ZOX
-0.6592619726902861,0.013914514535033229,1.3324384599156054,0110,TEM,growth,ZOX
0,0,0,1001,TEM,growth,ZOX
-0.8350561017201162,-0.8350561017201162,0.8350561017201162,1010,TEM,growth,ZOX
0,0,0,1100,TEM,growth,ZOX
0,0,1.3463529744506386,0111,TEM,growth,ZOX
1.3463529744506386,1.3463529744506386,0,1011,TEM,growth,ZOX
1.3463529744506386,1.3463529744506386,0,1101,TEM,growth,ZOX
1.3463529744506386,1.3463529744506386,0,1110,TEM,growth,ZOX
