MAE,Last MAE,Step,Enzyme,Linear MAE,Linear Last MAE
0.8013447611434616,0.050914439412571344,1,TEM,0.5246562499999999,1.1583750000000002
0.4711906778617879,1.5011433418556388,2,TEM,0.500625,0.9825000000000004
0.26487330343646853,4.237972854983496,3,TEM,0.264875,0.26487500000000064
