MAE,Last MAE,Step,Enzyme,Linear MAE,Linear Last MAE
0.22772034365613647,0.3797025860084155,1,TEM,0.14839527196833918,0.29951308385762543
0.129969391855681,0.2370366210071148,2,TEM,0.1366448767758508,0.23421769162542458
0.08797926546921546,1.4076682475074471,3,TEM,0.08796522569052184,0.0879652256905219
