"genotype","predicted effect"
"MEGN",-0.264875
"LEGN",0.00287499999999997
"MKGN",2.052875
"MESN",1.726875
"MEGD",-0.540124999999999
"LKGN",0.0501250000000002
"LESN",1.816125
"LEGD",-0.816875
"MKSN",1.375125
"MKGD",-0.700875
"MESD",1.685125
"LKSN",1.912875
"LKGD",-0.076125
"LESD",0.325875
"MKSD",-0.391125
"LKSD",1.870125
