"genotype","predicted effect"
"MEGN",-0.0879652256905218
"LEGN",-0.0311793203021231
"MKGN",0.509135075081034
"MESN",0.4569634802492
"MEGD",-0.492375515944204
"LKGN",0.022106233375505
"LESN",0.375282208041172
"LEGD",-0.393794104236272
"MKSN",0.310292830950255
"MKGD",-0.30928402468358
"MESD",0.356971345657739
"LKSN",0.487493150142192
"LKGD",-0.0746174756740282
"LESD",0.111571894616503
"MKSD",-0.31077092340961
"LKSD",0.382611101344664
