genotype,avg,pos,mutations
x000,-0.11918640771920865,p69,1
x001,0.2746494504438108,p69,1
x010,0.09467713157576452,p69,1
x011,-0.4202983380088273,p69,1
x100,-0.3110142165705821,p69,1
x101,0.05871396623277175,p69,1
x110,0.001733712809000476,p69,1
x111,0.8703188153721904,p69,1
0x00,0.42160392686983106,p104,1
0x01,0.3589187235129816,p104,1
0x10,0.028724151261894815,p104,1
0x11,-0.8446313075868492,p104,1
1x00,0.22977611801845763,p104,1
1x01,0.14298323930194257,p104,1
1x10,-0.06421926750486923,p104,1
1x11,0.44598584579416833,p104,1
00x0,0.3692158574101428,p238,1
00x1,1.0256484547838396,p238,1
01x0,-0.023663918197793454,p238,1
01x1,-0.17790157631599124,p238,1
10x0,0.583079396705116,p238,1
10x1,0.33070066633120154,p238,1
11x0,0.2890840111817891,p238,1
11x1,0.6337032728234273,p238,1
000x,-0.5800442515102421,p276,1
001x,0.07638834586345478,p276,1
010x,-0.6427294548670915,p276,1
011x,-0.7969671129852893,p276,1
100x,-0.18620839334722267,p276,1
101x,-0.43858712372113706,p276,1
110x,-0.2730012720637377,p276,1
111x,0.0716179895779005,p276,1
xx00,-0.19182780885137346,p69|p104,2
xx01,-0.21593548421103903,p69|p104,2
xx10,-0.09294341876676404,p69|p104,2
xx11,1.2906171533810178,p69|p104,2
x0x0,0.21386353929497315,p69|p238,2
x0x1,-0.694947788452638,p69|p238,2
x1x0,0.31274792937958257,p69|p238,2
x1x1,0.8116048491394185,p69|p238,2
x00x,0.3938358581630194,p69|p276,2
x01x,-0.5149754695845918,p69|p276,2
x10x,0.36972818280335384,p69|p276,2
x11x,0.8685851025631899,p69|p276,2
0xx0,-0.39287977560793624,p104|p238,2
0xx1,-1.2035500310998308,p104|p238,2
1xx0,-0.2939953855233268,p104|p238,2
1xx1,0.30300260649222577,p104|p238,2
0x0x,-0.06268520335684946,p104|p276,2
0x1x,-0.873355458848744,p104|p276,2
1x0x,-0.08679287871651506,p104|p276,2
1x1x,0.5102051132990375,p104|p276,2
00xx,0.6564325973736969,p238|p276,2
01xx,-0.15423765811819778,p238|p276,2
10xx,-0.25237873037391445,p238|p276,2
11xx,0.3446192616416382,p238|p276,2
xxx0,0.09888439008460942,p69|p104|p238,3
xxx1,1.5065526375920568,p69|p104|p238,3
xx0x,-0.02410767535966557,p69|p104|p276,3
xx1x,1.3835605721477817,p69|p104|p276,3
x0xx,-0.9088113277476112,p69|p238|p276,3
x1xx,0.498856919759836,p69|p238|p276,3
0xxx,-0.8106702554918945,p104|p238|p276,3
1xxx,0.5969979920155526,p104|p238|p276,3
xxxx,1.4076682475074473,p69|p104|p238|p276,4
