pos,mutations,idiosync
p69,Order 1,2.832444324910381
p104,Order 1,2.872141353707535
p238,Order 1,2.3279415234040317
p276,Order 1,2.298591524238989
p69|p104,Order 2,5.407523953697891
p69|p238,Order 2,4.1134106957597085
p69|p276,Order 2,4.527026715284703
p104|p238,Order 2,4.072984823786822
p104|p276,Order 2,4.490326124426689
p238|p276,Order 2,2.8003322920472686
p69|p104|p238,Order 3,5.9933986884866846
p69|p104|p276,Order 3,5.9933986884866846
p69|p238|p276,Order 3,5.9933986884866854
p104|p238|p276,Order 3,5.9933986884866846
