pos,mutations,idiosync
p69,Order 1,0.7955664048958727
p104,Order 1,0.8391910575852405
p238,Order 1,0.7587459010423724
p276,Order 1,0.6495921235455132
p69|p104,Order 2,1.4614000277657926
p69|p238,Order 2,1.2552583481106698
p69|p276,Order 2,1.1543691914136331
p104|p238,Order 2,1.2388992131532301
p104|p276,Order 2,1.136558828189342
p238|p276,Order 2,0.8554235496423976
p69|p104|p238,Order 3,1.9907435269469989
p69|p104|p276,Order 3,1.9907435269469986
p69|p238|p276,Order 3,1.9907435269469986
p104|p238|p276,Order 3,1.9907435269469984
