"model_order","R2","(Adjusted)","Delta R2"
"order1","0.593804019318292","0.44609638997949","0.593804019318292"
"order2","0.776249941618871","0.328749824856613","0.182445922300579"
"order3","0.933067985036505","-0.00398022445242652","0.156818043417634"
