"model_order","R2","(Adjusted)","Delta R2"
"order1","0.56182108153869","0.402483293007304","0.56182108153869"
"order2","0.693136207979719","0.0794086239391566","0.131315126441029"
"order3","0.940941193163987","0.114117897459804","0.247804985184268"
