"id","effect","muts","cv","colors","enz"
"0000",0,0,NA,"#FFFFFF","TEM"
"0001",-0.580044251510242,1,NA,"#45D7FF","TEM"
"0010",0.369215857410143,1,NA,"#FF8D87","TEM"
"0100",0.421603926869831,1,NA,"#FF7F79","TEM"
"1000",-0.119186407719209,1,NA,"#D9F7FF","TEM"
"0011",0.445604203273598,2,NA,"#FF7871","TEM"
"0101",-0.22112552799726,2,NA,"#B8EFFF","TEM"
"0110",0.397940008672038,2,NA,"#FF8680","TEM"
"1001",-0.305394801066431,2,NA,"#9EEAFF","TEM"
"1010",0.463892988985907,2,NA,"#FF716A","TEM"
"1100",0.110589710299249,2,NA,"#FFDBD9","TEM"
"0111",-0.399027104313252,3,NA,"#80E3FF","TEM"
"1011",0.0253058652647703,3,NA,"#FFF7F7","TEM"
"1101",-0.162411561764489,3,NA,"#CAF3FF","TEM"
"1110",0.399673721481038,3,NA,"#FF8680","TEM"
"1111",0.471291711058939,4,NA,"#FF6D66","TEM"
