"indices","effect"
"INTERCEPT",0.62675
"69",0.0177499999999999
"104",0.26975
"238",1.32675
"276",-0.9145
"69|104",0.3375
"69|238",0.3645
"69|276",0.29475
"104|238",-0.4665
"104|276",-0.25775
"238|276",0.0792500000000002
"69|104|238",0.67975
"69|104|276",0.793
"69|238|276",-0.226
"104|238|276",0.1885
