"indices","effect"
"INTERCEPT",0.0820275455948703
"69",0.0558133306371626
"104",0.0901864005918674
"238",0.378548680708288
"276",-0.346477016771938
"69|104",0.0987416821753959
"69|238",0.080062074537074
"69|276",0.139494302970468
"104|238",-0.197977092976146
"104|276",-0.0637951362209472
"238|276",0.0740649539785569
"69|104|238",0.200674084623473
"69|104|276",0.169974971098887
"69|238|276",-0.0513784212881857
"104|238|276",-0.0267657025643684
