"indices","sign","effect"
"238|276",1,0.656432597373697
"104|238",0,-0.392879775607936
"104|238|276",1,-0.609802637082983
"69|276",0,0.393835858163019
"69|238",0,0.213863539294973
"69|238|276",1,0.355320667084078
"69|104",0,-0.191827808851373
"69|104|238",0,-0.271959655079727
"69|104|238|276",0,0.379702586008416
