"id","effect","muts","cv","colors"
"0000",1,0,NA,"#FFD8D6"
"0001",1,1,NA,"#FFD8D6"
"0010",1,1,NA,"#FFD8D6"
"0100",1,1,NA,"#FFD8D6"
"1000",1,1,NA,"#FFD8D6"
"0011",4.53348932436385,2,NA,"#FF4E45"
"0101",0.865595114644544,2,NA,"#FFDBD9"
"0110",0.404687904687905,2,NA,"#FFF0F0"
"1001",2.47648589153492,2,NA,"#FF9F9A"
"1010",1.63630229419703,2,NA,"#FFBFBC"
"1100",0.642942583732057,2,NA,"#FFE6E4"
"0111",0.245582469917071,3,NA,"#FFF4F3"
"1011",2.26631705519038,3,NA,"#FFA6A2"
"1101",1.30381259058465,3,NA,"#FFCDCA"
"1110",0.534614021456127,3,NA,"#FFE9E8"
"1111",2.3971907101785,4,NA,"#FFA29E"
