p69,x000,1,0,TEM,growth,CRO
p69,x001,2,0.3938358581630194,TEM,growth,CRO
p69,x010,2,0.21386353929497315,TEM,growth,CRO
p69,x011,3,-0.3011119302896187,TEM,growth,CRO
p69,x100,2,-0.19182780885137346,TEM,growth,CRO
p69,x101,3,0.17790037395198038,TEM,growth,CRO
p69,x110,3,0.12092012052820912,TEM,growth,CRO
p69,x111,4,0.989505223091399,TEM,growth,CRO
p104,0x00,1,0,TEM,growth,CRO
p104,0x01,2,-0.06268520335684946,TEM,growth,CRO
p104,0x10,2,-0.39287977560793624,TEM,growth,CRO
p104,0x11,3,-1.2662352344566803,TEM,growth,CRO
p104,1x00,2,-0.19182780885137343,TEM,growth,CRO
p104,1x01,3,-0.2786206875678885,TEM,growth,CRO
p104,1x10,3,-0.4858231943747003,TEM,growth,CRO
p104,1x11,4,0.024381918924337276,TEM,growth,CRO
p238,00x0,1,0,TEM,growth,CRO
p238,00x1,2,0.6564325973736969,TEM,growth,CRO
p238,01x0,2,-0.39287977560793624,TEM,growth,CRO
p238,01x1,3,-0.547117433726134,TEM,growth,CRO
p238,10x0,2,0.2138635392949732,TEM,growth,CRO
p238,10x1,3,-0.03851519107894125,TEM,growth,CRO
p238,11x0,3,-0.08013184622835368,TEM,growth,CRO
p238,11x1,4,0.2644874154132845,TEM,growth,CRO
p276,000x,1,0,TEM,growth,CRO
p276,001x,2,0.6564325973736969,TEM,growth,CRO
p276,010x,2,-0.06268520335684946,TEM,growth,CRO
p276,011x,3,-0.21692286147504725,TEM,growth,CRO
p276,100x,2,0.3938358581630194,TEM,growth,CRO
p276,101x,3,0.14145712778910502,TEM,growth,CRO
p276,110x,3,0.3070429794465044,TEM,growth,CRO
p276,111x,4,0.6516622410881425,TEM,growth,CRO
