mean,max,obs,geno,enzyme_name,measure_type,cond
0.02289728126263078,0.42160392686983106,0,0000,TEM,growth,CRO
0.5530722095802106,1.0256484547838396,-0.5800442515102421,0001,TEM,growth,CRO
0.06659654290037137,0.09467713157576452,0.3692158574101428,0010,TEM,growth,CRO
-0.325802529878489,-0.023663918197793454,0.42160392686983106,0100,TEM,growth,CRO
0.208882373792117,0.583079396705116,-0.11918640771920865,1000,TEM,growth,CRO
-0.6324648227978382,-0.4202983380088273,0.44560420327359757,0011,TEM,growth,CRO
-0.05959380504160974,0.05871396623277175,-0.22112552799726048,0101,TEM,growth,CRO
-0.3976167000881444,0.001733712809000476,0.3979400086720376,0110,TEM,growth,CRO
0.23684195281657205,0.33070066633120154,-0.3053948010664313,1001,TEM,growth,CRO
-0.25140319561300317,-0.06421926750486923,0.4638929889859073,1010,TEM,growth,CRO
0.008041369559025707,0.2890840111817891,0.11058971029924898,1100,TEM,growth,CRO
0.8703188153721904,0.8703188153721904,-0.3990271043132517,0111,TEM,growth,CRO
0.44598584579416833,0.44598584579416833,0.02530586526477026,1011,TEM,growth,CRO
0.6337032728234273,0.6337032728234273,-0.16241156176448873,1101,TEM,growth,CRO
0.0716179895779005,0.0716179895779005,0.3996737214810381,1110,TEM,growth,CRO
