MAE,Last MAE,Step,Enzyme,Linear MAE,Linear Last MAE
0.5930941391110665,1.5010370118476648,1,TEM,0.3421432747206452,0.5836120396374528
0.49748232217028177,2.054550687736493,2,TEM,0.2774338303200384,0.46517162264259826
0.24066348620322023,3.8506157792515228,3,TEM,0.24066348620321995,0.2406634862032202
