genotype,avg,pos,mutations
x000,-0.5228787452803376,p69,1
x001,-0.12569416292836325,p69,1
x010,0.5645821957340433,p69,1
x011,-0.20164536352806936,p69,1
x100,0.296094777988469,p69,1
x101,0.054357662322592704,p69,1
x110,0.1461280356782381,p69,1
x111,2.591594557649797,p69,1
0x00,-0.149966742310231,p104,1
0x01,0.2356653370432427,p104,1
0x10,0.257924115061636,p104,1
0x11,-2.2218487496163566,p104,1
1x00,0.6690067809585756,p104,1
1x01,0.41571716229419864,p104,1
1x10,-0.16053004499416926,p104,1
1x11,0.5713911715615104,p104,1
00x0,-0.1972262747080243,p238,1
00x1,0.26121944151563087,p238,1
01x0,0.21066458266384264,p238,1
01x1,-2.1962946451439684,p238,1
10x0,0.8902346663063566,p238,1
10x1,0.18526824091592475,p238,1
11x0,0.060697840353611726,p238,1
11x1,0.3409422501832365,p238,1
000x,-0.018181392829336417,p276,1
001x,0.44026432339431876,p276,1
010x,0.36745068652413726,p276,1
011x,-2.0395085412836735,p276,1
100x,0.37900318952263795,p276,1
101x,-0.3259632358677939,p276,1
110x,0.12571357085826096,p276,1
111x,0.4059579806878857,p276,1
xx00,0.8189735232688067,p69|p104,2
xx01,0.18005182525095595,p69|p104,2
xx10,-0.41845416005580527,p69|p104,2
xx11,2.7932399211778667,p69|p104,2
x0x0,1.087460941014381,p69|p238,2
x0x1,-0.07595120059970611,p69|p238,2
x1x0,-0.1499667423102309,p69|p238,2
x1x1,2.5372368953272044,p69|p238,2
x00x,0.3971845823519744,p69|p276,2
x01x,-0.7662275592621127,p69|p276,2
x10x,-0.2417371156658763,p69|p276,2
x11x,2.445466521971559,p69|p276,2
0xx0,0.407890857371867,p104|p238,2
0xx1,-2.4575140866595993,p104|p238,2
1xx0,-0.8295368259527448,p104|p238,2
1xx1,0.15567400926731179,p104|p238,2
0x0x,0.38563207935347366,p104|p276,2
0x1x,-2.4797728646779924,p104|p276,2
1x0x,-0.25328961866437694,p104|p276,2
1x1x,0.7319212165556797,p104|p276,2
00xx,0.45844571622365515,p238|p276,2
01xx,-2.406959227807811,p238|p276,2
10xx,-0.7049664253904319,p238|p276,2
11xx,0.28024440982962473,p238|p276,2
xxx0,-1.2374276833246118,p69|p104|p238,3
xxx1,2.613188095926911,p69|p104|p238,3
xx0x,-0.6389216980178507,p69|p104|p276,3
xx1x,3.211694081233672,p69|p104|p276,3
x0xx,-1.163412141614087,p69|p238|p276,3
x1xx,2.6872036376374355,p69|p238|p276,3
0xxx,-2.865404944031466,p104|p238|p276,3
1xxx,0.9852108352200566,p104|p238|p276,3
xxxx,3.8506157792515228,p69|p104|p238|p276,4
