"indices","effect"
"INTERCEPT",-0.052711974838207
"69",0.350317369704546
"104",-0.0478301212501988
"238",-0.0555617372391733
"276",-0.0831579273741953
"69|104",0.421726388705228
"69|238",0.424847486678956
"69|276",0.229335803674443
"104|238",-0.340435755746645
"104|276",-0.201938648429152
"238|276",-0.29665444089312
"69|104|238",0.171970051575287
"69|104|276",0.321596547901977
"69|238|276",0.190473937002918
"104|238|276",-0.235024263601426
