"id","effect","muts","cv","colors"
"0000",1,0,NA,"#FFF7F7"
"0001",1,1,NA,"#FFF7F7"
"0010",1,1,NA,"#FFF7F7"
"0100",1,1,NA,"#FFF7F7"
"1000",1,1,NA,"#FFF7F7"
"0011",2.87372837519398,2,NA,"#FFEDEC"
"0101",2.43014439476149,2,NA,"#FFF0F0"
"0110",2.55794296899328,2,NA,"#FFF0F0"
"1001",2.49565519638512,2,NA,"#FFF0F0"
"1010",12.2309711286089,2,NA,"#FFBBB8"
"1100",6.59133709981168,2,NA,"#FFDBD9"
"0111",0.024353630298254,3,NA,"#FFFFFF"
"1011",6.0211451670731,3,NA,"#FFDFDD"
"1101",9.1805454913212,3,NA,"#FFCDCA"
"1110",11.9370671886353,3,NA,"#FFBBB8"
"1111",31.6983759437592,4,NA,"#FF4E45"
