MAE,Last MAE,Step,Enzyme,Linear MAE,Linear Last MAE
0.3228189386323998,1.2835915154445718,1,MPH,0.210505179755174,0.4894403810747038
0.11221026499197698,0.5903706226556582,2,MPH,0.07095291456476306,0.07003041753061257
0.04231417014823287,0.3753672546753932,3,MPH,0.021158520276654373,0.025971060284774694
0.012357878425496455,0.3954521096158856,4,MPH,0.012357878425496852,0.012357878425496516
