"id","effect","muts","cv","colors","enz"
"00000",0,0,NA,"#FFFFFF","MPH"
"00001",-0.0400051616715838,1,NA,"#FBFEFF","MPH"
"00010",-0.688246138944246,1,NA,"#9EEAFF","MPH"
"00100",0.89707700320942,1,NA,"#FF8680","MPH"
"01000",0.0791812460476248,1,NA,"#FFF4F3","MPH"
"10000",-0.193141970481183,1,NA,"#E4F9FF","MPH"
"00011",-0.512861624522813,2,NA,"#B8EFFF","MPH"
"00101",0.868644438394826,2,NA,"#FF8D87","MPH"
"00110",0.432969290874406,2,NA,"#FFC6C3","MPH"
"01001",0.155336037465062,2,NA,"#FFE9E8","MPH"
"01010",-0.515700160653214,2,NA,"#B8EFFF","MPH"
"01100",1.08635983067475,2,NA,"#FF6D66","MPH"
"10001",-0.277366077466188,2,NA,"#D9F7FF","MPH"
"10010",-0.692503962086787,2,NA,"#9EEAFF","MPH"
"10100",0.292256071356476,2,NA,"#FFD8D6","MPH"
"11000",0.0755469613925307,2,NA,"#FFF4F3","MPH"
"00111",0.88309335857569,3,NA,"#FF8A84","MPH"
"01011",-0.286509456906058,3,NA,"#D6F6FF","MPH"
"01101",1.05690485133647,3,NA,"#FF746D","MPH"
"01110",0.638489256954637,3,NA,"#FFAAA5","MPH"
"10011",-0.448550002027125,3,NA,"#BFF1FF","MPH"
"10101",-0.0227337875727074,3,NA,"#FBFEFF","MPH"
"10110",0.0791812460476248,3,NA,"#FFF4F3","MPH"
"11001",0.423245873936808,3,NA,"#FFC6C3","MPH"
"11010",-0.235823867609669,3,NA,"#DDF7FF","MPH"
"11100",0.53655844257153,3,NA,"#FFB8B4","MPH"
"01111",1.12710479836481,4,NA,"#FF6A62","MPH"
"10111",0.613841821876069,4,NA,"#FFADA9","MPH"
"11011",0.547774705387823,4,NA,"#FFB8B4","MPH"
"11101",0.880813592280791,4,NA,"#FF8A84","MPH"
"11110",0.330413773349191,4,NA,"#FFD4D2","MPH"
"11111",1.3384564936046,5,NA,"#FF4E45","MPH"
