MAE,Last MAE,Step,Enzyme,Linear MAE,Linear Last MAE
0.4581343057079512,0.801032344060316,1,MPH,0.3274948898096049,0.6456620455775588
0.3079036009701381,1.6534961243921462,2,MPH,0.13785723295983668,0.26402616158021575
0.05374197866449347,0.09913870223499588,3,MPH,0.04754580977480635,0.0444222662438194
0.012654608783376351,0.40494748106804135,4,MPH,0.012654608783376577,0.01265460878337743
