"id","effect","muts","cv","colors"
"00000",1,0,NA,"#FFF0F0"
"00001",1,1,NA,"#FFF0F0"
"00010",1,1,NA,"#FFF0F0"
"00100",1,1,NA,"#FFF0F0"
"01000",1,1,NA,"#FFF0F0"
"10000",1,1,NA,"#FFF0F0"
"00011",1.82784467928238,2,NA,"#FFE6E4"
"00101",0.28370607028754,2,NA,"#FFFBFB"
"00110",6.84615384615384,2,NA,"#FF9F9A"
"01001",1.16641775526022,2,NA,"#FFEDEC"
"01010",1.96859353664087,2,NA,"#FFE2E1"
"01100",1.55029585798817,2,NA,"#FFE9E8"
"10001",0.176907031394397,2,NA,"#FFFBFB"
"10010",0.937698664971392,2,NA,"#FFF0F0"
"10100",0.1,2,NA,"#FFFFFF"
"11000",0.669959411218153,2,NA,"#FFF4F3"
"00111",3.54773856095733,3,NA,"#FF4E45"
"01011",1.02211122044493,3,NA,"#FFC2BF"
"01101",0.991251599317283,3,NA,"#FFF7F7"
"01110",0.299540358560977,3,NA,"#FFA6A2"
"10011",4.19495201389435,3,NA,"#FFEDEC"
"10101",4.69794608040877,3,NA,"#FFFFFF"
"10110",0.273566939630547,3,NA,"#FFFBFB"
"11001",8.44221640263705,3,NA,"#FFEDEC"
"11010",0.984751169048864,3,NA,"#FFEDEC"
"11100",1.17236864099849,3,NA,"#FFFFFF"
"01111",0.642558021196907,4,NA,"#FF837C"
"10111",0.495845554551018,4,NA,"#FFF7F7"
"11011",0.531267299736434,4,NA,"#FF837C"
"11101",0.511779330972912,4,NA,"#FFFBFB"
"11110",3.61625640497822,4,NA,"#FFF7F7"
"11111",2.54066544605244,5,NA,"#FFA6A2"
