"genotype","predicted effect"
"L-HIF",0.0126546087833754
"L-HIL",0.482889728763071
"L-HTF",-0.995621269484596
"L-HTL",-0.212828425488075
"L-LIF",0.987345391216623
"L-LIL",0.961067574561978
"L-LTF",0.865134602420233
"L-LTL",1.60012924793636
"LSHIF",0.215232095830297
"LSHIL",0.802939772816618
"LSHTF",-0.448269292423847
"LSHTL",0.36025739418673
"LSLIF",1.43095590010313
"LSLIL",1.41709767121903
"LSLTF",1.02873807637485
"LSLTL",1.69479968515721
"R-HIF",1.07013076153307
"R-HIL",0.838729411484202
"R-HTF",0.0845366160895013
"R-HTL",0.687183117083869
"R-LIF",1.09543997909983
"R-LIL",0.93819685010517
"R-LTF",0.331737664901734
"R-LTL",1.35507728960559
"RSHIF",1.14937517593979
"RSHIL",1.86066599303202
"RSHTF",0.400645155297875
"RSHTL",1.78203193485952
"RSLIF",1.38354473831236
"RSLIL",1.97549728998462
"RSLTF",0.992657980367123
"RSLTL",2.61162748705229
