"id","effect","muts","cv","colors","enz"
"00000",0,0,NA,"#FFFFFF","MPH"
"00001",0.495544337546448,1,NA,"#FFDFDD","MPH"
"00010",-0.98296666070122,1,NA,"#B8EFFF","MPH"
"00100",1,1,NA,"#FFBBB8","MPH"
"01000",0.227886704613674,1,NA,"#FFF0F0","MPH"
"10000",1.08278537031645,1,NA,"#FFB4B0","MPH"
"00011",-0.22548303427145,2,NA,"#F0FBFF","MPH"
"00101",0.948412965778601,2,NA,"#FFBFBC","MPH"
"00110",0.852479993636856,2,NA,"#FFC6C3","MPH"
"01001",0.790285164033242,2,NA,"#FFC9C7","MPH"
"01010",-0.460923901207223,2,NA,"#DDF7FF","MPH"
"01100",1.41830129131975,2,NA,"#FF9F9A","MPH"
"10001",0.826074802700826,2,NA,"#FFC6C3","MPH"
"10010",0.0718820073061254,2,NA,"#FFFBFB","MPH"
"10100",1.08278537031645,2,NA,"#FFB4B0","MPH"
"11000",1.13672056715641,2,NA,"#FFB1AD","MPH"
"00111",1.61278385671974,3,NA,"#FF918B","MPH"
"01011",0.372912002970107,3,NA,"#FFE6E4","MPH"
"01101",1.42975228000241,3,NA,"#FF9F9A","MPH"
"01110",1.04139268515823,3,NA,"#FFB8B4","MPH"
"10011",0.699837725867246,3,NA,"#FFD0CE","MPH"
"10101",0.950851458888546,3,NA,"#FFBFBC","MPH"
"10110",0.344392273685111,3,NA,"#FFE6E4","MPH"
"11001",1.8733206018154,3,NA,"#FF7F79","MPH"
"11010",0.413299764081252,3,NA,"#FFE2E1","MPH"
"11100",1.39619934709574,3,NA,"#FF9F9A","MPH"
"01111",1.68214507637383,4,NA,"#FF8D87","MPH"
"10111",1.34242268082221,4,NA,"#FFA29E","MPH"
"11011",1.76937732607614,4,NA,"#FF8680","MPH"
"11101",1.96284268120124,4,NA,"#FF7C75","MPH"
"11110",0.980003371583746,4,NA,"#FFBBB8","MPH"
"11111",2.62428209583567,5,NA,"#FF4E45","MPH"
