"indices","sign","effect"
"271|273",0,0.261939288883321
"258|273",0,-0.547131371767847
"258|271",0,0.835446654338076
"258|271|273",0,1.10020617987451
"193|271",0,0.294156054880323
"193|271|273",1,0.632447621511204
"193|258",0,0.190414586706072
"193|258|273",0,-0.293678762157714
"193|258|271",0,0.796472641245771
"193|258|271|273",0,0.941680694914929
"72|273",0,-0.752254905162072
"72|258",0,-1
"72|258|273",0,-1.62747824897435
"72|258|271",0,-0.755426435930119
"72|258|271|273",0,-0.252940366339472
"72|193|271|273",0,0.946127574300786
"72|193|258",0,-0.914472727834387
"72|193|258|273",0,-0.84337373127533
"72|193|258|271",0,-0.347702042645158
"72|193|258|271|273",0,0.801032344060316
