"id","effect","muts","cv","colors"
"00000",1,0,0,"#FFFFFF"
"00001",1,1,0,"#FFFFFF"
"00010",1,1,0.0409424405656529,"#FFFFFF"
"00100",1,1,0.120527259488621,"#FFFFFF"
"01000",1,1,0,"#FFFFFF"
"10000",1,1,0,"#FFFFFF"
"00011",28.2282142552482,2,0,"#FFFBFB"
"00101",170.352784372527,2,0,"#FFF0F0"
"00110",1.51885089947004,2,0.0312369846736453,"#FFFFFF"
"01001",16.4150943396226,2,0,"#FFFFFF"
"01010",19.6054254007398,2,0,"#FFFFFF"
"01100",10.5298013245033,2,0,"#FFFFFF"
"10001",1,2,0,"#FFFFFF"
"10010",1.23304562268804,2,0,"#FFFFFF"
"10100",1.35761589403973,2,0,"#FFFFFF"
"11000",1,2,0,"#FFFFFF"
"00111",0.0287594514356611,3,0.0312369846736453,"#FFF0F0"
"01011",0.0349142141383521,3,0,"#FFE6E4"
"01101",0.0338073424575406,3,0,"#FFB4B0"
"01110",0.0238814088781877,3,0.0743180582016409,"#FFFFFF"
"10011",9.11260989010989,3,0,"#FFE6E4"
"10101",0.736585365853659,3,0,"#FFF0F0"
"10110",0.65839247311828,3,0.0312369846736453,"#FFFFFF"
"11001",15.6704980842912,3,0,"#FFEDEC"
"11010",0.0510062893081761,3,0,"#FFFFFF"
"11100",1.08866390550698,3,0.115504682043295,"#FFFFFF"
"01111",84.4651491484052,4,0.136792027548932,"#FF837C"
"10111",0.789892174546393,4,0.093710954020936,"#FFA29E"
"11011",0.111345211636222,4,0,"#FFE6E4"
"11101",0.0473350437877382,4,0.157027173582785,"#FFC2BF"
"11110",28.3314836294615,4,0.252296709592227,"#FFFFFF"
"11111",1.85983057505873,5,0.923360559010751,"#FF4E45"
