pos,mutations,idiosync
p4205,Order 1,1.0712962061565754
p42,Order 1,1.2689153288582373
p104,Order 1,1.5373097957214672
p182,Order 1,1.4861736189872017
p238,Order 1,1.6732955605572426
p4205|p42,Order 2,1.5678546562101852
p4205|p104,Order 2,1.4882769236132753
p4205|p182,Order 2,1.6273517346843651
p4205|p238,Order 2,1.2638453904633349
p42|p104,Order 2,1.9458264059510884
p42|p182,Order 2,2.0422019239541207
p42|p238,Order 2,2.038197403555788
p104|p182,Order 2,1.6370725777874335
p104|p238,Order 2,2.0169530949885006
p182|p238,Order 2,1.728641890131565
p4205|p42|p104,Order 3,2.295803042112207
p4205|p42|p182,Order 3,2.0677957747676086
p4205|p42|p238,Order 3,1.6751271027070416
p4205|p104|p182,Order 3,1.8394874758892914
p4205|p104|p238,Order 3,1.3834686906578224
p4205|p182|p238,Order 3,0.9586727157928192
p42|p104|p182,Order 3,3.008027202522215
p42|p104|p238,Order 3,2.7529073895048732
p42|p182|p238,Order 3,2.565846225549311
p104|p182|p238,Order 3,2.385686832124541
p4205|p42|p104|p182,Order 4,0.38109291308683985
p4205|p42|p104|p238,Order 4,0.38109291308683985
p4205|p42|p182|p238,Order 4,0.3810929130868396
p4205|p104|p182|p238,Order 4,0.3810929130868398
p42|p104|p182|p238,Order 4,0.38109291308683985
