"indices","sign","effect"
"182|238",0,1.45068340511745
"104|238",0,2.23134923639372
"104|182",0,0.181515142713591
"104|182|238",0,2.32232838218256
"42|238",0,1.21524338301783
"42|182",1,1.2923762701093
"42|182|238",0,2.50130532947573
"42|104",0,1.02242017702728
"42|104|238",0,2.99802382933452
"42|104|182",0,0.874371534165696
"42|104|182|238",0,3.22911901405311
"4205|182|238",0,2.50130532947573
"4205|104|238",0,2.23134923639372
"4205|104|182",0,0.223756059551429
"4205|104|182|238",0,3.08900297512336
"4205|42|238",0,2.41032618368689
"4205|42|182|238",0,2.50130532947573
"4205|42|104",0,1.19209091497857
"4205|42|104|238",0,2.90518323739415
"4205|42|104|182",0,1.11339932281613
"4205|42|104|182|238",0,3.37899099086522
