"id","effect","muts","cv","colors"
"00000",1,0,0,"#FFFFFF"
"00001",1,1,0,"#FFFFFF"
"00010",1,1,0.0409424405656529,"#FFFFFF"
"00100",1,1,0.120527259488621,"#FFFFFF"
"01000",1,1,0,"#FFFFFF"
"10000",1,1,0,"#FFFFFF"
"00011",28.2282142552482,2,0,"#FFFBFB"
"00101",170.352784372527,2,0,"#FFF0F0"
"00110",1.51885089947004,2,0.0312369846736453,"#FFFFFF"
"01001",16.4150943396226,2,0,"#FFFFFF"
"01010",19.6054254007398,2,0,"#FFFFFF"
"01100",10.5298013245033,2,0,"#FFFFFF"
"10001",1,2,0,"#FFFFFF"
"10010",1.23304562268804,2,0,"#FFFFFF"
"10100",1.35761589403973,2,0,"#FFFFFF"
"11000",1,2,0,"#FFFFFF"
"00111",210.052755083264,3,0,"#FFF0F0"
"01011",317.179660175728,3,0,"#FFE6E4"
"01101",995.460035819901,3,0,"#FFB4B0"
"01110",7.48809825168829,3,0.0430810735279956,"#FFFFFF"
"10011",317.179660175728,3,0,"#FFE6E4"
"10101",170.352784372527,3,0,"#FFF0F0"
"10110",1.6740023354374,3,0,"#FFFFFF"
"11001",257.232704402516,3,0,"#FFEDEC"
"11010",1.23304562268804,3,0,"#FFFFFF"
"11100",15.5629139072848,3,0.115504682043295,"#FFFFFF"
"01111",1694.80218037841,4,0,"#FF837C"
"10111",1227.44763972861,4,0,"#FFA29E"
"11011",317.179660175728,4,0,"#FFE6E4"
"11101",803.865217210213,4,0.0415224915394897,"#FFC2BF"
"11110",12.9837254309535,4,0,"#FFFFFF"
"11111",2393.26610926164,5,0,"#FF4E45"
