genotype,avg,pos,mutations,likely,enzyme_name,measure_type,cond
x0000,0,p4205,1,FALSE,TEM,MIC,weinreich
0x000,0,p42,1,FALSE,TEM,MIC,weinreich
00x00,0.17897694729316943,p104,1,FALSE,TEM,MIC,weinreich
000x0,-0.09097914578884395,p182,1,FALSE,TEM,MIC,weinreich
0000x,1.2013971243204515,p238,1,TRUE,TEM,MIC,weinreich
xx000,0,p4205|p42,2,FALSE,TEM,MIC,weinreich
x0x00,0.13277691376258483,p4205|p104,2,FALSE,TEM,MIC,weinreich
x00x0,0.09097914578884395,p4205|p182,2,FALSE,TEM,MIC,weinreich
x000x,0,p4205|p238,2,FALSE,TEM,MIC,weinreich
0xx00,1.022420177027282,p42|p104,2,FALSE,TEM,MIC,weinreich
0x0x0,1.2923762701092956,p42|p182,2,FALSE,TEM,MIC,weinreich
0x00x,1.2152433830178293,p42|p238,2,FALSE,TEM,MIC,weinreich
00xx0,0.18151514271359087,p104|p182,2,FALSE,TEM,MIC,weinreich
00x0x,2.231349236393721,p104|p238,2,TRUE,TEM,MIC,weinreich
000xx,1.4506834051174484,p182|p238,2,FALSE,TEM,MIC,weinreich
xxx00,0.03689382418869991,p4205|p42|p104,3,FALSE,TEM,MIC,weinreich
xx0x0,-1.2923762701092956,p4205|p42|p182,3,FALSE,TEM,MIC,weinreich
xx00x,1.195082800669061,p4205|p42|p238,3,FALSE,TEM,MIC,weinreich
x0xx0,-0.18151514271359084,p4205|p104|p182,3,FALSE,TEM,MIC,weinreich
x0x0x,-0.13277691376258483,p4205|p104|p238,3,FALSE,TEM,MIC,weinreich
x00xx,0.959642778569442,p4205|p182|p238,3,FALSE,TEM,MIC,weinreich
0xxx0,-1.6219400556844727,p42|p104|p182,3,FALSE,TEM,MIC,weinreich
0xx0x,-1.4709889671043153,p42|p104|p238,3,TRUE,TEM,MIC,weinreich
0x0xx,-1.456997728768839,p42|p182|p238,3,FALSE,TEM,MIC,weinreich
00xxx,-1.541219402042195,p104|p182|p238,3,FALSE,TEM,MIC,weinreich
xxxx0,1.452269317733188,p4205|p42|p104|p182,4,FALSE,TEM,MIC,weinreich
xxx0x,-1.3248172167981251,p4205|p42|p104|p238,4,FALSE,TEM,MIC,weinreich
xx0xx,-0.9533284549180514,p4205|p42|p182|p238,4,FALSE,TEM,MIC,weinreich
x0xxx,-0.102432188703899,p4205|p104|p182|p238,4,FALSE,TEM,MIC,weinreich
0xxxx,1.9266775532737652,p42|p104|p182|p238,4,TRUE,TEM,MIC,weinreich
xxxxx,0.26947338310584,p4205|p42|p104|p182|p238,5,TRUE,TEM,MIC,weinreich
