"model_order","R2","(Adjusted)","Delta R2"
"order1","0.946669977661064","0.94105629109907","0.946669977661064"
"order2","0.958383385296852","0.937575077945278","0.011713407635788"
"order3","0.97708198090259","0.934371127130144","0.0186985956057382"
"order4","0.996059234164068","0.964533107476609","0.0189772532614777"
"order5","0.999779863394025","0.986131393823591","0.0037206292299572"
