"indices","effect"
"INTERCEPT",-0.98591713819478
"67",-0.0809269805729861
"142",0.0209335793280953
"154",-0.185722945653824
"158",-1.64674346271416
"180",0.0661271912848007
"215",0.0305095794726782
"67|142",0.0913365056958984
"67|154",0.0502031661251434
"67|158",-0.00617724345332859
"67|180",-0.0684157840105118
"67|215",0.0589145357837136
"142|154",0.0435722632385262
"142|158",-0.0319162534509063
"142|180",0.0208313432061833
"142|215",0.048124481143865
"154|158",0.0715851806989078
"154|180",0.00834870810559331
"154|215",0.0212055660353426
"158|180",0.0565455347420877
"158|215",-0.0206267892364516
"180|215",-0.0120822411866694
"67|142|154",-0.0205590789974731
"67|142|158",0.0700463847529338
"67|142|180",0.0217618316535824
"67|142|215",-0.0299797167614329
"67|154|158",0.0228748446141114
"67|154|180",0.0493622061381087
"67|154|215",-0.0531806769282226
"67|158|180",-0.0650395295732079
"67|158|215",0.0660715363552762
"67|180|215",0.0713414910416284
"142|154|158",0.0241343277488549
"142|154|180",0.038757710656042
"142|154|215",-0.0167751358634053
"142|158|180",-0.0792268616076217
"142|158|215",0.0306019893160112
"142|180|215",0.0226817623555676
"154|158|180",-0.0848983733203767
"154|158|215",0.00919913922206598
"154|180|215",0.0306029697779858
"158|180|215",-0.0999459094160591
"67|142|154|158",-0.0489075841353342
"67|142|154|180",-0.0700730837834842
"67|142|154|215",0.0395683740453987
"67|142|158|180",0.0479019631730197
"67|142|158|215",-0.0409224993854518
"67|142|180|215",-0.0774191331314024
"67|154|158|180",0.0633303683740658
"67|154|158|215",-0.0562432567507622
"67|154|180|215",-0.0323503179425525
"67|158|180|215",0.0156305146258187
"142|154|158|180",0.0658305729445364
"142|154|158|215",-0.0619476346530658
"142|154|180|215",-0.100117682444599
"142|158|180|215",0.0458189516161182
"154|158|180|215",0.0878005507063125
"67|142|154|158|180",-0.054028744381908
"67|142|154|158|215",0.0434482606426812
"67|142|154|180|215",0.0678452982609574
"67|142|158|180|215",-0.0133552868148297
"67|154|158|180|215",-0.0340585788956297
"142|154|158|180|215",-0.00967121671628671
