"indices","sign","effect"
"180|215",1,-0.266974166505599
"158|180",0,1.59551152201078
"154|215",0,-0.329643312813126
"154|158",0,0.358242684737313
"154|158|215",0,0.190925349989137
"154|158|180",0,0.443650666078563
"154|158|180|215",0,0.234021588637863
"142|215",1,-0.534036586261782
"142|180",1,-0.174637515455245
"142|158|215",0,-0.219479738065139
"142|154",0,-0.461106784079951
"142|154|215",1,-0.394101302040045
"142|154|180|215",1,-0.230206678206068
"142|154|158|180",0,0.343970024969313
"67|215",1,-0.472562611116314
"67|180",1,-0.38110271205248
"67|180|215",1,-0.275683265903378
"67|154",0,-0.203006120845283
"67|154|215",1,-0.611585246253951
"67|154|180",0,-0.222885894316826
"67|154|180|215",1,-0.286344356101618
"67|154|158|180",0,0.178542442201033
"67|142",1,-0.338043203556715
"67|142|215",1,-0.656406362129523
"67|142|180",1,-0.305221237615801
"67|142|180|215",0,-0.405310594972227
"67|142|158",0,-0.18076418753478
"67|142|154",1,-0.436375207281278
"67|142|154|215",1,-0.536488545117468
"67|142|154|180",0,-0.22570322326025
"67|142|154|180|215",1,-0.318595926040517
"67|142|154|158|180",0,0.226101987139389
