"genotype","predicted effect"
"MEGN",6.07833921029902e-05
"MEGD",-6.07704369771292e-05
"MESN",-6.11309608738655e-05
"MESD",-2.56545426710273
"MKGN",-6.07698585993391e-05
"MKGD",6.07970486103596e-05
"MKSN",6.06994491999172e-05
"MKSD",-2.56557578997163
"LEGN",-6.07790534081018e-05
"LEGD",6.06566686055873e-05
"LESN",-2.56545318404655
"LESD",-2.56557688950299
"LKGN",6.05381156169391e-05
"LKGD",-6.07759350432022e-05
"LKSN",-2.56460031464669
"LKSD",-2.56545324389108
