"model_order","R2","(Adjusted)","Delta R2"
"order1","0.733350275101821","0.636386738775211","0.733350275101821"
"order2","0.933350256341347","0.80005076902404","0.199999981239526"
"order3","0.999999997604674","0.999999964070114","0.0666497412633272"
