"indices","effect"
"INTERCEPT",-0.962007152545777
"69",-0.64125669298133
"104",0.000122090169150017
"238",-1.92401422507678
"276",-0.641500765689254
"69|104",0.000122009725136275
"69|238",-0.641256592893989
"69|276",0.641256637431885
"104|238",0.000122115469084789
"104|276",-0.000121525762912909
"238|276",-0.641500799376625
"69|104|238",0.000122042142513387
"69|104|276",-0.000121467627240817
"69|238|276",0.641256610283579
"104|238|276",-0.000121618503816908
