"indices","sign","effect"
"238|276",0,-2.5654310959658
"104|238|276",0,-2.5654310959658
"69|238",0,-2.5654310959658
"69|238|276",0,-2.5654310959658
"69|104|238",0,-2.56383735295924
"69|104|238|276",0,-2.5654310959658
