"genotype","predicted effect"
"NCSI",-9.43689570931383e-16
"NCSL",0.301029995663981
"NCNI",0.301029995663981
"NCNL",0.903089986991944
"NRSI",5.55111512312578e-16
"NRSL",0.903089986991943
"NRNI",0.30102999566398
"NRNL",0.903089986991945
"ICSI",1.20411998265592
"ICSL",1.50514997831991
"ICNI",0.30102999566398
"ICNL",0.903089986991944
"IRSI",0.30102999566398
"IRSL",0.903089986991944
"IRNI",0.602059991327963
"IRNL",0.903089986991944
