pos,mutations,idiosync
p51,Order 1,1.0551397343407893
p59,Order 1,0.9519404303287918
p108,Order 1,1.0176671265452824
p164,Order 1,0.42572070254911615
p51|p59,Order 2,1.4331894459192576
p51|p108,Order 2,1.3903979922460115
p51|p164,Order 2,0.34759949806150287
p59|p108,Order 2,1.5545122132206535
p59|p164,Order 2,0.7772561066103266
p108|p164,Order 2,0.6951989961230055
p51|p59|p108,Order 3,0
p51|p59|p164,Order 3,1.1102230246251565e-16
p51|p108|p164,Order 3,0
p59|p108|p164,Order 3,0
