"model_order","R2","(Adjusted)","Delta R2"
"order1","0.590551181102363","0.441660701503223","0.590551181102363"
"order2","0.834645669291339","0.503937007874017","0.244094488188976"
"order3","1","1","0.165354330708661"
