p51,p59,p108,p164,numbers,genotype,observed effect,epistatic effect,average effect,WT effect,cv,mutations,2 step,3 step,final step
-1,-1,-1,-1,0000,NCSI,0,-9.43689570931383e-16,0.22577249674798489,0,NA,0,0,0,0
-1,-1,-1,1,0001,NCSL,0.3010299956639812,0.3010299956639814,0.7525749891599536,0.3010299956639812,NA,1,0.3010299956639812,0.3010299956639812,0.3010299956639812
-1,-1,1,-1,0010,NCNI,0.3010299956639812,0.3010299956639815,0.225772496747985,0.3010299956639812,NA,1,0.3010299956639812,0.3010299956639812,0.3010299956639812
-1,-1,1,1,0011,NCNL,0.9030899869919435,0.9030899869919435,0.7525749891599538,0.6020599913279624,NA,2,0.9030899869919435,0.9030899869919435,0.9030899869919435
-1,1,-1,-1,0100,NRSI,0,5.551115123125783e-16,0.1505149978319898,0,NA,1,0,0,0
-1,1,-1,1,0101,NRSL,0.9030899869919435,0.9030899869919433,0.6773174902439585,0.3010299956639812,NA,2,0.9030899869919435,0.9030899869919435,0.9030899869919435
-1,1,1,-1,0110,NRNI,0.3010299956639812,0.30102999566398037,0.1505149978319899,0.3010299956639812,NA,2,0.3010299956639812,0.3010299956639812,0.3010299956639812
-1,1,1,1,0111,NRNL,0.9030899869919435,0.9030899869919446,0.6773174902439587,0.6020599913279624,NA,3,1.5051499783199058,0.9030899869919435,0.9030899869919435
1,-1,-1,-1,1000,ICSI,1.2041199826559248,1.2041199826559206,0.6020599913279612,1.2041199826559248,NA,1,1.2041199826559248,1.2041199826559248,1.2041199826559248
1,-1,-1,1,1001,ICSL,1.505149978319906,1.5051499783199096,1.12886248373993,1.505149978319906,NA,2,1.505149978319906,1.505149978319906,1.505149978319906
1,-1,1,-1,1010,ICNI,0.3010299956639812,0.3010299956639803,0.6020599913279614,1.505149978319906,NA,2,0.30102999566398125,0.30102999566398125,0.30102999566398125
1,-1,1,1,1011,ICNL,0.9030899869919435,0.9030899869919444,1.1288624837399301,1.8061799739838873,NA,3,0.9030899869919436,0.9030899869919436,0.9030899869919436
1,1,-1,-1,1100,IRSI,0.3010299956639812,0.3010299956639802,0.5268024924119661,1.2041199826559248,NA,2,0.30102999566398125,0.30102999566398125,0.30102999566398125
1,1,-1,1,1101,IRSL,0.9030899869919435,0.9030899869919444,1.0536049848239348,1.505149978319906,NA,3,1.204119982655925,0.9030899869919438,0.9030899869919438
1,1,1,-1,1110,IRNI,0.6020599913279624,0.6020599913279625,0.5268024924119663,1.505149978319906,NA,3,-0.6020599913279623,0.6020599913279625,0.6020599913279625
1,1,1,1,1111,IRNL,0.9030899869919435,0.9030899869919435,1.053604984823935,1.8061799739838873,NA,4,0.6020599913279625,0.9030899869919438,0.9030899869919439
