"genotype","predicted effect"
"LFDLKI",-0.020730563999998
"IFDLKI",0.092806565000004
"LFGLKI",-0.233966742333332
"LFDLKT",0.217844204666668
"IFGPKI",-1.94457582344444
"LFGPKT",-1.80080680983333
"LLDLKI",0.163672805666668
"LFDLQI",-0.104363664499998
"ILDLKI",-0.0560588436666651
"IFGLKI",-0.316846130333332
"IFDLKT",-0.127125667333332
"LFGLKT",-0.336601907333332
"LLDPKI",-1.93548590533333
"LLGPKI",-1.97193737533333
"LLGPKT",-1.95064250433333
"LLGLKI",-0.556167644333332
"LLDLQI",-0.102682583666665
"LLDLKT",-0.141142732666665
"IFDLQI",-0.362011731333331
"LFGLQI",-0.340180588333332
"LFDPQI",-0.490261227333333
"ILGPKT",-1.74766910733333
"LFDLQT",-0.144349080666664
"ILGLKI",-0.377378920999999
"ILDLQI",-0.114911258666665
"ILDPKI",-1.87621849833333
"ILDLKT",-0.141980058333332
"IFGLQI",-0.432186101999999
"IFGLKT",-0.496752571333332
"IFDPKT",-1.70534825566667
"LLDPQI",-1.776361572
"LLDPKT",-1.80867116333333
"LFGPQI",-1.875318031
"IFDPQI",-1.99334859466667
"IFDLQT",-0.0285684063333311
"LLGLQI",-0.120360694333332
"LLGLKT",-0.232398948666665
"LLDLQT",0.217670265333335
"LFDPQT",-1.75017315133333
"LFGLQT",-0.216148217333332
"ILGLQI",-0.265701991333332
"ILGPKI",-1.8753179615
"ILGLKT",-0.253175417333332
"ILDPQI",-1.86228572666667
"ILDLQT",0.0115647946666686
"ILDPKT",-1.62747269366667
"IFGPQI",-2.02328906566667
"IFGLQT",-0.268121131333332
"IFGPKT",-2.00114096633333
"IFDPQT",-1.90577833833333
"LLGPQI",-1.80518788366667
"LLGLQT",-0.166456322999999
"LLDPQT",-1.80005034733333
"LFGPQT",-1.869482315
"ILGPQI",-1.79511588033333
"ILGLQT",-0.130420119333332
"ILDPQT",-1.67331750633333
"IFGPQT",-1.85758379266667
"LLGPQT",-1.78988469733333
"ILGPQT",-1.79094539133333
"LFDPKI",-1.98488430833333
"LFGPKI",-1.85843567966667
"IFDPKI",-2.057778292
"LFDPKT",-1.85668976466667
