"model_order","R2","(Adjusted)","Delta R2"
"order1","0.942177140462122","0.940370176101563","0.942177140462122"
"order2","0.953501163510648","0.947984352401741","0.0113240230485256"
"order3","0.971411337914456","0.96394550896218","0.0179101744038083"
"order4","0.989552330503056","0.98543212281412","0.0181409925885998"
"order5","0.99307035551864","0.989911252887431","0.00351802501558363"
"order6","0.993312028056019","0.990190974482162","0.000241672537379278"
