"id","effect","muts","cv","colors"
"00000",1,0,0.0335514597454662,"#FFF7F7"
"00001",1,1,0.00660890600772887,"#FFF7F7"
"00010",1,1,0.00370443912779637,"#FFF7F7"
"00100",1,1,0.0146386481536467,"#FFF7F7"
"01000",1,1,0.00145153201100864,"#FFF7F7"
"10000",1,1,0.00814708784565825,"#FFF7F7"
"00011",1.64206247325631,2,8.33534143938894e-06,"#FFF4F3"
"00101",1.02700509194406,2,9.94628044693697e-05,"#FFF7F7"
"00110",1.67547683081394,2,0.00741662104201483,"#FFF4F3"
"01001",1.30665204678363,2,0.00588138137203776,"#FFF4F3"
"01010",1.23983739837398,2,0.0182038362849927,"#FFF4F3"
"01100",1.28855090832277,2,0.00114110009307324,"#FFF4F3"
"10001",0.903194022497742,2,0.00292692172529953,"#FFF7F7"
"10010",1.54484228149614,2,0.0758139204578297,"#FFF4F3"
"10100",0.387544018871021,2,0.00116638310691125,"#FFFBFB"
"11000",1.5470618824753,2,0.000698518636486462,"#FFF4F3"
"00111",1.83301895692964,3,0.00810726682803941,"#FFD8D6"
"01011",0.866255961158508,3,0.0250909306866653,"#FFEDEC"
"01101",0.763515103322109,3,0.0126829221044801,"#FFF4F3"
"01110",0.837283256197249,3,0.027004130117369,"#FFEDEC"
"10011",1.29654737714268,3,0.156026060689314,"#FFE9E8"
"10101",0.572349952613596,3,0.00588908126729109,"#FFFFFF"
"10110",1.15384836682387,3,0.118141548435979,"#FFF7F7"
"11001",2.06901227115131,3,0.0110205541099991,"#FFE2E1"
"11010",1.24344457059251,3,0.517042295857022,"#FFE2E1"
"11100",0.733688746693057,3,0.0078334891492188,"#FFFBFB"
"01111",1.26435098722322,4,0.1067599556005,"#FFC9C7"
"10111",1.81261433924119,4,0.390604241651101,"#FFDFDD"
"11011",1.47936505985153,4,0.813063711891428,"#FF4E45"
"11101",2.21057043201802,4,0.0496291941458686,"#FFF4F3"
"11110",0.7871664707671,4,0.782435409613899,"#FFF0F0"
"11111",0.402298015632711,5,3.14496709144119,"#FF746D"
