pos,mutations,idiosync
p72,Order 1,0.8231813151823533
p193,Order 1,0.5755027835149011
p258,Order 1,0.6817003527716582
p271,Order 1,0.7515624687122505
p273,Order 1,0.6851911763903005
p72|p193,Order 2,0.5622119022510355
p72|p258,Order 2,0.2503312344502114
p72|p271,Order 2,0.317379064356702
p72|p273,Order 2,0.5803891139788657
p193|p258,Order 2,0.3105365733581692
p193|p271,Order 2,0.2783993455971328
p193|p273,Order 2,0.5271948238765896
p258|p271,Order 2,0.4626856367608839
p258|p273,Order 2,0.39801518579652545
p271|p273,Order 2,0.4591403391892609
p72|p193|p258,Order 3,0.4496485992616643
p72|p193|p271,Order 3,0.41770577887712845
p72|p193|p273,Order 3,0.28613289160204525
p72|p258|p271,Order 3,0.42231723562986845
p72|p258|p273,Order 3,0.2928237720186889
p72|p271|p273,Order 3,0.24091495667273308
p193|p258|p271,Order 3,0.4309413890394397
p193|p258|p273,Order 3,0.30513012754633234
p193|p271|p273,Order 3,0.2557315968467971
p258|p271|p273,Order 3,0.26319646545597475
p72|p193|p258|p271,Order 4,0.5592537366878378
p72|p193|p258|p273,Order 4,0.5592537366878378
p72|p193|p271|p273,Order 4,0.5592537366878378
p72|p258|p271|p273,Order 4,0.5592537366878377
p193|p258|p271|p273,Order 4,0.5592537366878377
