"model_order","R2","(Adjusted)","Delta R2"
"order1","0.776732171819355","0.764328403587097","0.776732171819355"
"order2","0.966638193625226","0.960382854929956","0.189906021805871"
"order3","0.988511758559458","0.984408815187837","0.0218735649342325"
"order4","0.989821465006844","0.985123679625387","0.00130970644738548"
"order5","0.990462632222181","0.9858429697048","0.000641167215337246"
