"id","effect","muts","cv","colors","enz"
"00000",0,0,0.0335514597454662,"#FFFFFF","MPH"
"00001",-0.0400051616715838,1,0.00660890600772887,"#FBFEFF","MPH"
"00010",-0.688246138944246,1,0.00370443912779637,"#9EEAFF","MPH"
"00100",0.89707700320942,1,0.0146386481536467,"#FF8680","MPH"
"01000",0.0791812460476248,1,0.00145153201100864,"#FFF4F3","MPH"
"10000",-0.193141970481183,1,0.00814708784565825,"#E4F9FF","MPH"
"00011",-0.512861624522813,2,8.33534143938894e-06,"#B8EFFF","MPH"
"00101",0.868644438394826,2,9.94628044693697e-05,"#FF8D87","MPH"
"00110",0.432969290874406,2,0.00741662104201483,"#FFC6C3","MPH"
"01001",0.155336037465062,2,0.00588138137203776,"#FFE9E8","MPH"
"01010",-0.515700160653214,2,0.0182038362849927,"#B8EFFF","MPH"
"01100",1.08635983067475,2,0.00114110009307324,"#FF6D66","MPH"
"10001",-0.277366077466188,2,0.00292692172529953,"#D9F7FF","MPH"
"10010",-0.692503962086787,2,0.0758139204578297,"#9EEAFF","MPH"
"10100",0.292256071356476,2,0.00116638310691125,"#FFD8D6","MPH"
"11000",0.0755469613925307,2,0.000698518636486462,"#FFF4F3","MPH"
"00111",0.88309335857569,3,0.000582847640115823,"#FF8A84","MPH"
"01011",-0.286509456906058,3,0.000997377688195467,"#D6F6FF","MPH"
"01101",1.05690485133647,3,0.00556097783489977,"#FF746D","MPH"
"01110",0.638489256954637,3,0.000242572697288184,"#FFAAA5","MPH"
"10011",-0.448550002027125,3,0.077276883164745,"#BFF1FF","MPH"
"10101",-0.0227337875727074,3,0.00169631363061093,"#FBFEFF","MPH"
"10110",0.0791812460476248,3,0.0337446238292238,"#FFF4F3","MPH"
"11001",0.423245873936808,3,0.00151373237617538,"#FFC6C3","MPH"
"11010",-0.235823867609669,3,0.422326020477713,"#DDF7FF","MPH"
"11100",0.53655844257153,3,0.00482748731274784,"#FFB8B4","MPH"
"01111",1.12710479836481,4,0.001123968925919,"#FF6A62","MPH"
"10111",0.613841821876069,4,0.0150086399525134,"#FFADA9","MPH"
"11011",0.547774705387823,4,0.000350956730342599,"#FFB8B4","MPH"
"11101",0.880813592280791,4,0.000289379776601851,"#FF8A84","MPH"
"11110",0.330413773349191,4,0.00797356643300149,"#FFD4D2","MPH"
"11111",1.3384564936046,5,0.000279818428464587,"#FF4E45","MPH"
