"indices","effect"
"INTERCEPT",0.260029478152274
"72",-0.126062257889095
"193",0.375889388312785
"258",0.858414323882107
"271",-0.20587652061071
"273",0.266243125313331
"72|193",0.187593096844337
"72|258",-0.242314444264307
"72|271",0.171539034663986
"72|273",0.100197865154435
"193|258",-0.00617810695590182
"193|271",0.0286073180215541
"193|273",0.148002835458202
"258|271",0.186333850163156
"258|273",0.0408644354511483
"271|273",0.231865169182412
"72|193|258",-0.0254189482743363
"72|193|271",0.00482776193027724
"72|193|273",0.123002077986487
"72|258|271",0.0155344385992348
"72|258|273",-0.0134981326001285
"72|271|273",0.0611509212728358
"193|258|271",-0.0406891201942194
"193|258|273",-0.00253058060837861
"193|271|273",-0.00158119977908947
"258|271|273",0.0821038131553947
"72|193|258|271",-0.0348185495727331
"72|193|258|273",0.0145649444183762
"72|193|271|273",5.9703902856066e-05
"72|258|271|273",0.0033001606723038
"193|258|271|273",-0.0162225617319527
"72|193|258|271|273",-0.0288360611901537
