genotype,avg,pos,mutations,likely,enzyme_name,measure_type,cond
x0000,-0.19314197048118256,p72,1,FALSE,MPH,catact,MnPTM
0x000,0.07918124604762482,p193,1,FALSE,MPH,catact,MnPTM
00x00,0.8970770032094203,p258,1,TRUE,MPH,catact,MnPTM
000x0,-0.6882461389442457,p271,1,FALSE,MPH,catact,MnPTM
0000x,-0.04000516167158381,p273,1,FALSE,MPH,catact,MnPTM
xx000,0.18950768582608848,p72|p193,2,FALSE,MPH,catact,MnPTM
x0x00,-0.41167896137176174,p72|p258,2,FALSE,MPH,catact,MnPTM
x00x0,0.18888414733864115,p72|p271,2,FALSE,MPH,catact,MnPTM
x000x,-0.04421894531342138,p72|p273,2,FALSE,MPH,catact,MnPTM
0xx00,0.11010158141770306,p193|p258,2,TRUE,MPH,catact,MnPTM
0x0x0,0.09336473224340665,p193|p271,2,FALSE,MPH,catact,MnPTM
0x00x,0.11615995308902079,p193|p273,2,FALSE,MPH,catact,MnPTM
00xx0,0.2241384266092311,p258|p271,2,FALSE,MPH,catact,MnPTM
00x0x,0.011572596856989303,p258|p273,2,FALSE,MPH,catact,MnPTM
000xx,0.215389676093016,p271|p273,2,FALSE,MPH,catact,MnPTM
xxx00,-0.1344881420763623,p72|p193|p258,3,FALSE,MPH,catact,MnPTM
xx0x0,0.09462643035999782,p72|p193|p271,3,FALSE,MPH,catact,MnPTM
xx00x,0.31576306644026153,p72|p193|p273,3,FALSE,MPH,catact,MnPTM
x0xx0,0.06214873968752227,p72|p258|p271,3,FALSE,MPH,catact,MnPTM
x0x0x,-0.24233834880116745,p72|p258|p273,3,FALSE,MPH,catact,MnPTM
x00xx,0.11278839095165141,p72|p271|p273,3,FALSE,MPH,catact,MnPTM
0xxx0,-0.07712759362850292,p193|p258|p271,3,FALSE,MPH,catact,MnPTM
0xx0x,-0.11718236761270169,p193|p258|p273,3,TRUE,MPH,catact,MnPTM
0x0xx,-0.06235376376329628,p193|p271|p273,3,FALSE,MPH,catact,MnPTM
00xxx,0.2631669564228627,p258|p271|p273,3,FALSE,MPH,catact,MnPTM
xxxx0,-0.10393341288838956,p72|p193|p258|p271,4,FALSE,MPH,catact,MnPTM
xxx0x,0.3445043567218641,p72|p193|p258|p273,4,FALSE,MPH,catact,MnPTM
xx0xx,0.17007535717184377,p72|p193|p271|p273,4,FALSE,MPH,catact,MnPTM
x0xxx,0.25830541129009765,p72|p258|p271|p273,4,FALSE,MPH,catact,MnPTM
0xxxx,0.10186765199586335,p193|p258|p271|p273,4,TRUE,MPH,catact,MnPTM
xxxxx,-0.39545210961588606,p72|p193|p258|p271|p273,5,TRUE,MPH,catact,MnPTM
