MAE,Last MAE,Step,Enzyme,Linear MAE,Linear Last MAE
0.5930941391110665,1.5010370118476648,1,TEM,0.34215625000000005,0.5834999999999999
0.49748232217028177,2.054550687736493,2,TEM,0.277453125,0.46487500000000015
0.24066348620322023,3.8506157792515228,3,TEM,0.24050000000000002,0.24049999999999994
