"model_order","R2","(Adjusted)","Delta R2"
"order1","0.108160359195553","-0.216144964733337","0.108160359195553"
"order2","0.634150771379045","-0.0975476858628648","0.525990412183492"
"order3","0.814475504999717","-1.78286742500425","0.180324733620672"
