"indices","effect"
"INTERCEPT",-0.052625
"69",0.35025
"104",-0.04775
"238",-0.0555000000000001
"276",-0.0827499999999999
"69|104",0.42125
"69|238",0.425
"69|276",0.23025
"104|238",-0.3405
"104|276",-0.20175
"238|276",-0.297
"69|104|238",0.1715
"69|104|276",0.32175
"69|238|276",0.191
"104|238|276",-0.2355
