mean,max,obs,geno,enzyme_name,measure_type,cond
-0.22206328878198234,-0.018181392829336417,0,0000,TEM,growth,FEP
0.1237302052101701,0.26121944151563087,-0.018181392829336417,0001,TEM,growth,FEP
0.4209235447299994,0.5645821957340433,-0.1972262747080243,0010,TEM,growth,FEP
0.2914033490588163,0.36745068652413726,-0.149966742310231,0100,TEM,growth,FEP
0.6460815455958567,0.8902346663063566,-0.5228787452803376,1000,TEM,growth,FEP
-1.211747056572213,-0.20164536352806936,0.24303804868629444,0011,TEM,growth,FEP
-1.0709684914106878,0.054357662322592704,0.21748394421390627,0101,TEM,growth,FEP
-0.9466902528027177,0.1461280356782381,0.06069784035361165,0110,TEM,growth,FEP
0.3004927016050617,0.41571716229419864,-0.14387555575769967,1001,TEM,growth,FEP
-0.2432466404309816,-0.16053004499416926,0.367355921026019,1010,TEM,growth,FEP
0.09320570560593634,0.12571357085826096,0.146128035678238,1100,TEM,growth,FEP
2.591594557649797,2.591594557649797,-1.978810700930062,0111,TEM,growth,FEP
0.5713911715615104,0.5713911715615104,0.04139268515822508,1011,TEM,growth,FEP
0.3409422501832365,0.3409422501832365,0.27184160653649897,1101,TEM,growth,FEP
0.4059579806878857,0.4059579806878857,0.20682587603184974,1110,TEM,growth,FEP
