"id","effect","muts","cv","colors"
"0000",1,0,NA,"#FF5148"
"0001",1,1,NA,"#FF5148"
"0010",1,1,NA,"#FF5148"
"0100",1,1,NA,"#FF5148"
"1000",1,1,NA,"#FF5148"
"0011",1,2,NA,"#FF5148"
"0101",1.02566735112936,2,NA,"#FF4E45"
"0110",0.0583162217659138,2,NA,"#FFF4F3"
"1001",1,2,NA,"#FF5148"
"1010",1,2,NA,"#FF5148"
"1100",1.02669404517454,2,NA,"#FF4E45"
"0111",0.962959438311551,3,NA,"#FFF4F3"
"1011",1,3,NA,"#FF5148"
"1101",0.974974974974975,3,NA,"#FF4E45"
"1110",17.1478873239437,3,NA,"#FF4E45"
"1111",1.03846533946788,4,NA,"#FF4E45"
