"indices","effect"
"INTERCEPT",-0.156812368606023
"69",0.31357813937449
"104",-0.313624675352373
"238",-0.310591220949162
"276",0.000730961490860991
"69|104",0.313578190339165
"69|238",0.310637860895175
"69|276",-0.000684282831633998
"104|238",-0.310591300249604
"104|276",0.000730890324611446
"238|276",-0.0021484963680317
"69|104|238",0.310637764557256
"69|104|276",-0.000684405305637061
"69|238|276",0.00210185642101139
"104|238|276",-0.00214837982341972
