p69,p104,p238,p276,numbers,genotype,observed effect,epistatic effect,average effect,WT effect,cv,mutations,2 step,3 step,final step
-1,-1,-1,-1,0000,MEGN,0,-0.0010509577576953528,-0.001858970887930786,0,NA,0,0,0,0
-1,-1,-1,1,0001,MEGD,0,0.0010509639001746003,-0.0011280093970697652,0,NA,1,0,0,0
-1,-1,1,-1,0010,MESN,0,0.0010509981704510962,-0.31245019183709283,0,NA,1,0,0,0
-1,-1,1,1,0011,MESD,0,-0.0010510261029258183,-0.3117192303462318,0,NA,2,0,0,0
-1,1,-1,-1,0100,MKGN,-0.011441043121384482,-0.010588434096041318,-0.3154836462403036,-0.011441043121384482,NA,1,-0.011441043121384482,-0.011441043121384482,-0.011441043121384482
-1,1,-1,1,0101,MKGD,-4.345117740176917e-4,-0.001359161530835043,-0.31475268474944257,-0.011441043121384482,NA,2,-4.345117740176922e-4,-4.345117740176922e-4,-4.345117740176922e-4
-1,1,1,-1,0110,MKSN,-1.245651664288981,-1.2466478481347751,-0.6260748671894656,-0.011441043121384482,NA,2,-1.245651664288981,-1.245651664288981,-1.245651664288981
-1,1,1,1,0111,MKSD,-1.2510371387438386,-1.2502160407944947,-0.6253439056986045,-0.011441043121384482,NA,3,-1.2346451329416142,-1.2510371387438386,-1.2510371387438386
1,-1,-1,-1,1000,LEGN,0,0.0010506288867193968,0.3117191684865592,0,NA,1,0,0,0
1,-1,-1,1,1001,LEGD,0,-0.0010509173494274503,0.3124501299774202,0,NA,2,0,0,0
1,-1,1,-1,1010,LESN,0,-0.0010509353513195848,0.0011279475373971587,0,NA,2,0,0,0
1,-1,1,1,1011,LESD,0,0.0010509981653324093,0.0018589090282581794,0,NA,3,0,0,0
1,1,-1,-1,1100,LKGN,0,-0.0012371852765349343,-0.0019055068658136304,-0.011441043121384482,NA,2,3.9898639947466563e-17,3.9898639947466563e-17,3.9898639947466563e-17
1,1,-1,1,1101,LKGD,0,0.001050998172106464,-0.0011745453749526097,-0.011441043121384482,NA,3,0.01100653134736683,5.204170427930421e-17,5.204170427930421e-17
1,1,1,-1,1110,LKSN,0,0.0010509387475703298,-0.31249672781497567,-0.011441043121384482,NA,3,-1.2342106211675965,0,0
1,1,1,1,1111,LKSD,0,-0.0010509173446684346,-0.3117657663241146,-0.011441043121384482,NA,4,-1.2232040898202297,-0.016392005802224347,-1.0408340855860843e-17
