MAE,Last MAE,Step,Enzyme,Linear MAE,Linear Last MAE
0.4068021944147439,0.14561391600731532,1,TEM,0.43483728261544513,1.0103102172705092
0.22109845096697203,1.4391150384956624,2,TEM,0.31888103183080724,0.7935271373074778
0.20444389685567108,3.2711023496907368,3,TEM,0.20411822779147956,0.2041182277914795
