genotype,avg,pos,mutations
x000,-0.28066871301627333,p69,1
x001,0.08341829899087952,p69,1
x010,-1.8982529260536338,p69,1
x011,-2.350202663576469,p69,1
x100,0.16126748273865688,p69,1
x101,0.1249387366082999,p69,1
x110,-1.9437974848159771,p69,1
x111,2.7880380558017275,p69,1
0x00,0.17318626841227402,p104,1
0x01,0.11590405307236476,p104,1
0x10,0.08493357493671612,p104,1
0x11,-2.4013551860238502,p104,1
1x00,0.6151224641672042,p104,1
1x01,0.15742449068978515,p104,1
1x10,0.03938901617437285,p104,1
1x11,2.736885533354346,p104,1
00x0,0.09691001300805642,p238,1
00x1,0.35274985259034886,p238,1
01x0,0.008657319532498514,p238,1
01x1,-2.164509386505866,p238,1
10x0,-1.520674200029304,p238,1
10x1,-2.0808711099769996,p238,1
11x0,-2.0964076480221356,p238,1
11x1,0.4985899326875614,p238,1
000x,0.2304489213782739,p276,1
001x,0.48628876096056634,p276,1
010x,0.17316670603836465,p276,1
011x,-2,p276,1
100x,0.5945359333854268,p276,1
101x,0.03433902343773121,p276,1
110x,0.13683795990800768,p276,1
111x,2.7318355406177046,p276,1
xx00,0.4419361957549302,p69|p104,2
xx01,0.041520437617420386,p69|p104,2
xx10,-0.04554455876234331,p69|p104,2
xx11,5.138240719378196,p69|p104,2
x0x0,-1.6175842130373606,p69|p238,2
x0x1,-2.4336209625673484,p69|p238,2
x1x0,-2.1050649675546342,p69|p238,2
x1x1,2.6630993191934276,p69|p238,2
x00x,0.3640870120071529,p69|p276,2
x01x,-0.45194973752283496,p69|p276,2
x10x,-0.03632874613035697,p69|p276,2
x11x,4.731835540617705,p69|p276,2
0xx0,-0.0882526934755579,p104|p238,2
0xx1,-2.517259239096215,p104|p238,2
1xx0,-0.5757334479928313,p104|p238,2
1xx1,2.579461042664561,p104|p238,2
0x0x,-0.057282215339909265,p104|p276,2
0x1x,-2.486288760960566,p104|p276,2
1x0x,-0.45769797347741903,p104|p276,2
1x1x,2.697496517179973,p104|p276,2
00xx,0.25583983958229245,p238|p276,2
01xx,-2.173166706038365,p238|p276,2
10xx,-0.5601969099476956,p238|p276,2
11xx,2.594997580709697,p238|p276,2
xxx0,-0.4874807545172735,p69|p104|p238,3
xxx1,5.096720281760775,p69|p104|p238,3
xx0x,-0.40041575813750985,p69|p104|p276,3
xx1x,5.183785278140539,p69|p104|p276,3
x0xx,-0.8160367495299878,p69|p238|p276,3
x1xx,4.768164286748062,p69|p238|p276,3
0xxx,-2.429006545620657,p104|p238|p276,3
1xxx,3.1551944906573923,p104|p238|p276,3
xxxx,5.584201036278048,p69|p104|p238|p276,4
