genotype,avg,pos,mutations
x000,-0.07160414774328619,p69,1
x001,0.018967839075979966,p69,1
x010,-1.5802802170047203,p69,1
x011,-1.4659932816576202,p69,1
x100,0.034455509365501694,p69,1
x101,0.02136305161552568,p69,1
x110,-1.3646990755333586,p69,1
x111,1.9170257649352362,p69,1
0x00,0.037426497940623665,p104,1
0x01,0.026328938722349086,p104,1
0x10,0.020203386088286986,p104,1
0x11,-1.8524534726462278,p104,1
1x00,0.14348615504941153,p104,1
1x01,0.0287241512618948,p104,1
1x10,0.23578452755964885,p104,1
1x11,1.5305655739466286,p104,1
00x0,0.021189299069938092,p238,1
00x1,0.06805327298558261,p238,1
01x0,0.003966187217601412,p238,1
01x1,-1.8107291383829944,p238,1
10x0,-1.487486770191496,p238,1
10x1,-1.4169078477480177,p238,1
11x0,-1.3951883976812587,p238,1
11x1,0.08493357493671612,p238,1
000x,0.04921802267018165,p276,1
001x,0.09608199658582618,p276,1
010x,0.038120463451907075,p276,1
011x,-1.7765748621486888,p276,1
100x,0.1397900094894478,p276,1
101x,0.21036893193292627,p276,1
110x,0.02502800570193106,p276,1
111x,1.505149978319906,p276,1
xx00,0.10605965710878788,p69|p104,2
xx01,0.0023952125395457144,p69|p104,2
xx10,0.21558114147136176,p69|p104,2
xx11,3.3830190465928567,p69|p104,2
x0x0,-1.508676069261434,p69|p238,2
x0x1,-1.4849611207336002,p69|p238,2
x1x0,-1.3991545848988602,p69|p238,2
x1x1,1.8956627133197106,p69|p238,2
x00x,0.09057198681926615,p69|p276,2
x01x,0.1142869353471001,p69|p276,2
x10x,-0.013092457749976014,p69|p276,2
x11x,3.281724840468595,p69|p276,2
0xx0,-0.01722311185233668,p104|p238,2
0xx1,-1.878782411368577,p104|p238,2
1xx0,0.09229837251023731,p104|p238,2
1xx1,1.5018414226847339,p104|p238,2
0x0x,-0.011097559218274579,p104|p276,2
0x1x,-1.872656858734515,p104|p276,2
1x0x,-0.11476200378751673,p104|p276,2
1x1x,1.2947810463869798,p104|p276,2
00xx,0.04686397391564452,p238|p276,2
01xx,-1.8146953256005958,p238|p276,2
10xx,0.0705789224434783,p238|p276,2
11xx,1.4801219726179748,p238|p276,2
xxx0,0.10952148436257388,p69|p104|p238,3
xxx1,3.380623834053311,p69|p104|p238,3
xx0x,-0.10366444456924218,p69|p104|p276,3
xx1x,3.1674379051214947,p69|p104|p276,3
x0xx,0.023714948527833846,p69|p238|p276,3
x1xx,3.294817298218571,p69|p238|p276,3
0xxx,-1.8615592995162402,p104|p238|p276,3
1xxx,1.4095430501744965,p104|p238|p276,3
xxxx,3.2711023496907368,p69|p104|p238|p276,4
