pos,mutations,idiosync
p69,Order 1,2.319538772075709
p104,Order 1,1.8283652931015886
p238,Order 1,1.7002546446107465
p276,Order 1,1.771023197414625
p69|p104,Order 2,3.2796307080420353
p69|p238,Order 2,3.361243876826371
p69|p276,Order 2,3.21970364435571
p104|p238,Order 2,2.7740189626533773
p104|p276,Order 2,2.6007138179998175
p238|p276,Order 2,2.7029049523624873
p69|p104|p238,Order 3,4.626037306843139
p69|p104|p276,Order 3,4.626037306843139
p69|p238|p276,Order 3,4.626037306843139
p104|p238|p276,Order 3,4.626037306843139
