"model_order","R2","(Adjusted)","Delta R2"
"order1","0.299005597040175","0.0440985414184208","0.299005597040175"
"order2","0.590030659271586","-0.229908022185241","0.291025062231411"
"order3","0.860063939284837","-1.09904091072744","0.270033280013251"
