"model_order","R2","(Adjusted)","Delta R2"
"order1","0.352542662822482","0.117103631121566","0.352542662822482"
"order2","0.630709155498012","-0.107872533505964","0.27816649267553"
"order3","0.90945836077584","-0.358124588362406","0.278749205277828"
