"id","effect","muts","cv","colors","enz"
"0000",0,0,NA,"#FFFFFF","TEM"
"0001",0.230448921378274,1,NA,"#FFE9E8","TEM"
"0010",0.0969100130080564,1,NA,"#FFF4F3","TEM"
"0100",0.173186268412274,1,NA,"#FFEDEC","TEM"
"1000",-0.280668713016273,1,NA,"#E1F8FF","TEM"
"0011",0.583198773968623,2,NA,"#FFC6C3","TEM"
"0101",0.346352974450639,2,NA,"#FFDBD9","TEM"
"0110",0.181843587944773,2,NA,"#FFEDEC","TEM"
"1001",0.313867220369153,2,NA,"#FFDFDD","TEM"
"1010",-1.80134291304558,2,NA,"#45D7FF","TEM"
"1100",0.334453751150931,2,NA,"#FFDFDD","TEM"
"0111",-1.81815641205523,3,NA,"#45D7FF","TEM"
"1011",-1.76700388960785,3,NA,"#48D7FF","TEM"
"1101",0.471291711058939,3,NA,"#FFD0CE","TEM"
"1110",-1.7619538968712,3,NA,"#4CD8FF","TEM"
"1111",0.9698816437465,4,NA,"#FF9F9A","TEM"
