"id","effect","muts","cv","colors","enz"
"0000",0,0,NA,"#FFFFFF","TEM"
"0001",0.0492180226701817,1,NA,"#FFFBFB","TEM"
"0010",0.0211892990699381,1,NA,"#FFFBFB","TEM"
"0100",0.0374264979406237,1,NA,"#FFFBFB","TEM"
"1000",-0.0716041477432862,1,NA,"#F7FDFF","TEM"
"0011",0.117271295655764,2,NA,"#FFF4F3","TEM"
"0101",0.0755469613925307,2,NA,"#FFF7F7","TEM"
"0110",0.0413926851582251,2,NA,"#FFFBFB","TEM"
"1001",0.0681858617461616,2,NA,"#FFF7F7","TEM"
"1010",-1.55909091793478,2,NA,"#57DBFF","TEM"
"1100",0.0718820073061254,2,NA,"#FFF7F7","TEM"
"0111",-1.73518217699046,3,NA,"#45D7FF","TEM"
"1011",-1.34872198600186,3,NA,"#6DDFFF","TEM"
"1101",0.0969100130080564,3,NA,"#FFF4F3","TEM"
"1110",-1.32330639037513,3,NA,"#71E0FF","TEM"
"1111",0.181843587944773,4,NA,"#FFEDEC","TEM"
