"indices","effect"
"INTERCEPT",-0.232875
"69",-0.41475
"104",0.19025
"238",-0.86325
"276",0.2985
"69|104",0.69675
"69|238",-0.43675
"69|276",0.5755
"104|238",-0.07525
"104|276",-0.0374999999999997
"238|276",0.0144999999999999
"69|104|238",0.57575
"69|104|276",0.598
"69|238|276",0.494
"104|238|276",0.0915000000000001
