"indices","effect"
"INTERCEPT",-0.32940297405328
"69",-0.311405901175649
"104",0.0210562664150756
"238",-0.74174192717513
"276",0.036270410306169
"69|104",0.46454181102221
"69|238",-0.3120920476587
"69|276",0.434529248781922
"104|238",-0.0380702016462827
"104|276",-0.0884476127766692
"238|276",-0.0268950377964174
"69|104|238",0.436590869124758
"69|104|276",0.383714189585615
"69|238|276",0.414809543849997
"104|238|276",-0.0562967835283738
