"indices","sign","effect"
"104|238|276",1,-1.84301599667121
"69|276",1,0.0905719868192662
"69|238",0,-1.50867606926143
"69|238|276",0,-1.34752515999869
"69|104",1,0.106059657108788
"69|104|238",0,-1.31031803964241
