"id","effect","muts","cv","colors"
"0000",1,0,NA,"#FF7F79"
"0001",1,1,NA,"#FF7F79"
"0010",1,1,NA,"#FF7F79"
"0100",1,1,NA,"#FF7F79"
"1000",1,1,NA,"#FF7F79"
"0011",1.11394557823129,2,NA,"#FF716A"
"0101",0.974770642201835,2,NA,"#FF837C"
"0110",0.961118392311053,2,NA,"#FF8680"
"1001",1.23189016172507,2,NA,"#FF635B"
"1010",0.0309973045822102,2,NA,"#FFFBFB"
"1100",1.27661415959841,2,NA,"#FF5C53"
"0111",0.0143543655994508,3,NA,"#FFFBFB"
"1011",0.0449236298292902,3,NA,"#FFF7F7"
"1101",1.20745134647246,3,NA,"#FF665F"
"1110",0.0489420279103506,3,NA,"#FFF7F7"
"1111",1.39834365458144,4,NA,"#FF4E45"
