p69,x000,1,0,TEM,growth,AMP
p69,x001,2,0.3640870120071529,TEM,growth,AMP
p69,x010,2,-1.6175842130373606,TEM,growth,AMP
p69,x011,3,-2.0695339505601953,TEM,growth,AMP
p69,x100,2,0.4419361957549302,TEM,growth,AMP
p69,x101,3,0.40560744962457324,TEM,growth,AMP
p69,x110,3,-1.6631287717997039,TEM,growth,AMP
p69,x111,4,3.068706768818001,TEM,growth,AMP
p104,0x00,1,0,TEM,growth,AMP
p104,0x01,2,-0.057282215339909265,TEM,growth,AMP
p104,0x10,2,-0.0882526934755579,TEM,growth,AMP
p104,0x11,3,-2.5745414544361243,TEM,growth,AMP
p104,1x00,2,0.44193619575493015,TEM,growth,AMP
p104,1x01,3,-0.01576177772248888,TEM,growth,AMP
p104,1x10,3,-0.13379725223790118,TEM,growth,AMP
p104,1x11,4,2.563699264942072,TEM,growth,AMP
p238,00x0,1,0,TEM,growth,AMP
p238,00x1,2,0.25583983958229245,TEM,growth,AMP
p238,01x0,2,-0.0882526934755579,TEM,growth,AMP
p238,01x1,3,-2.2614193995139225,TEM,growth,AMP
p238,10x0,2,-1.6175842130373606,TEM,growth,AMP
p238,10x1,3,-2.177781122985056,TEM,growth,AMP
p238,11x0,3,-2.193317661030192,TEM,growth,AMP
p238,11x1,4,0.401679919679505,TEM,growth,AMP
p276,000x,1,0,TEM,growth,AMP
p276,001x,2,0.2558398395822924,TEM,growth,AMP
p276,010x,2,-0.057282215339909265,TEM,growth,AMP
p276,011x,3,-2.230448921378274,TEM,growth,AMP
p276,100x,2,0.3640870120071529,TEM,growth,AMP
p276,101x,3,-0.1961098979405427,TEM,growth,AMP
p276,110x,3,-0.09361096147026624,TEM,growth,AMP
p276,111x,4,2.5013866192394305,TEM,growth,AMP
