p69,x000,1,0,TEM,growth,AMP
p69,x001,2,0.09057198681926615,TEM,growth,AMP
p69,x010,2,-1.508676069261434,TEM,growth,AMP
p69,x011,3,-1.394389133914334,TEM,growth,AMP
p69,x100,2,0.10605965710878788,TEM,growth,AMP
p69,x101,3,0.09296719935881187,TEM,growth,AMP
p69,x110,3,-1.2930949277900723,TEM,growth,AMP
p69,x111,4,1.9886299126785225,TEM,growth,AMP
p104,0x00,1,0,TEM,growth,AMP
p104,0x01,2,-0.011097559218274579,TEM,growth,AMP
p104,0x10,2,-0.01722311185233668,TEM,growth,AMP
p104,0x11,3,-1.8898799705868514,TEM,growth,AMP
p104,1x00,2,0.10605965710878787,TEM,growth,AMP
p104,1x01,3,-0.008702346678728864,TEM,growth,AMP
p104,1x10,3,0.19835802961902518,TEM,growth,AMP
p104,1x11,4,1.493139076006005,TEM,growth,AMP
p238,00x0,1,0,TEM,growth,AMP
p238,00x1,2,0.04686397391564452,TEM,growth,AMP
p238,01x0,2,-0.01722311185233668,TEM,growth,AMP
p238,01x1,3,-1.8319184374529325,TEM,growth,AMP
p238,10x0,2,-1.508676069261434,TEM,growth,AMP
p238,10x1,3,-1.4380971468179558,TEM,growth,AMP
p238,11x0,3,-1.4163776967511967,TEM,growth,AMP
p238,11x1,4,0.06374427586677803,TEM,growth,AMP
p276,000x,1,0,TEM,growth,AMP
p276,001x,2,0.04686397391564453,TEM,growth,AMP
p276,010x,2,-0.011097559218274579,TEM,growth,AMP
p276,011x,3,-1.8257928848188705,TEM,growth,AMP
p276,100x,2,0.09057198681926615,TEM,growth,AMP
p276,101x,3,0.1611509092627446,TEM,growth,AMP
p276,110x,3,-0.024190016968250592,TEM,growth,AMP
p276,111x,4,1.4559319556497243,TEM,growth,AMP
