genotype,avg,pos,mutations,likely,enzyme_name,measure_type,cond
x000,-0.07160414774328619,p69,1,FALSE,TEM,growth,AMP
0x00,0.037426497940623665,p104,1,FALSE,TEM,growth,AMP
00x0,0.021189299069938092,p238,1,FALSE,TEM,growth,AMP
000x,0.04921802267018165,p276,1,TRUE,TEM,growth,AMP
xx00,0.10605965710878788,p69|p104,2,FALSE,TEM,growth,AMP
x0x0,-1.508676069261434,p69|p238,2,FALSE,TEM,growth,AMP
x00x,0.09057198681926615,p69|p276,2,FALSE,TEM,growth,AMP
0xx0,-0.01722311185233668,p104|p238,2,FALSE,TEM,growth,AMP
0x0x,-0.011097559218274579,p104|p276,2,FALSE,TEM,growth,AMP
00xx,0.04686397391564452,p238|p276,2,TRUE,TEM,growth,AMP
xxx0,0.10952148436257388,p69|p104|p238,3,FALSE,TEM,growth,AMP
xx0x,-0.10366444456924218,p69|p104|p276,3,FALSE,TEM,growth,AMP
x0xx,0.023714948527833846,p69|p238|p276,3,TRUE,TEM,growth,AMP
0xxx,-1.8615592995162402,p104|p238|p276,3,FALSE,TEM,growth,AMP
xxxx,3.2711023496907368,p69|p104|p238|p276,4,TRUE,TEM,growth,AMP
