mean,max,obs,geno,enzyme_name,measure_type,cond
0.009057417984364305,0.04921802267018165,0,0000,TEM,growth,AMP
0.03778335026130389,0.06805327298558261,0.04921802267018165,0001,TEM,growth,AMP
-0.4879982781102024,0.09608199658582618,0.021189299069938092,0010,TEM,growth,AMP
0.025514053345003392,0.038120463451907075,0.037426497940623665,0100,TEM,growth,AMP
-0.40140353521754557,0.14348615504941153,-0.07160414774328619,1000,TEM,growth,AMP
-1.659223377151924,-1.4659932816576202,0.11727129565576427,0011,TEM,growth,AMP
-0.8946830433837344,0.02136305161552568,0.07554696139253074,0101,TEM,growth,AMP
-1.5706369688410238,-1.3646990755333586,0.04139268515822508,0110,TEM,growth,AMP
-0.6940918482430615,0.0287241512618948,0.06818586174616162,1001,TEM,growth,AMP
0.22307672974628756,0.23578452755964885,-1.5590909179347823,1010,TEM,growth,AMP
-0.6850801959896639,0.02502800570193106,0.07188200730612536,1100,TEM,growth,AMP
1.9170257649352362,1.9170257649352362,-1.7351821769904636,0111,TEM,growth,AMP
1.5305655739466286,1.5305655739466286,-1.348721986001856,1011,TEM,growth,AMP
0.08493357493671612,0.08493357493671612,0.09691001300805642,1101,TEM,growth,AMP
1.505149978319906,1.505149978319906,-1.3233063903751334,1110,TEM,growth,AMP
