mean,max,obs,geno,enzyme_name,measure_type,cond
0.05496912244558276,0.2304489213782739,0,0000,TEM,growth,AMP
0.18402406821786438,0.35274985259034886,0.2304489213782739,0001,TEM,growth,AMP
-0.44234353005211713,0.48628876096056634,0.09691001300805642,0010,TEM,growth,AMP
0.11436383610317334,0.17316670603836465,0.17318626841227402,0100,TEM,growth,AMP
-0.10367193415889105,0.6151224641672042,-0.28066871301627333,1000,TEM,growth,AMP
-2.3757789248001595,-2.350202663576469,0.5831987739686227,0011,TEM,growth,AMP
-1.0197853249487832,0.1249387366082999,0.3463529744506387,0101,TEM,growth,AMP
-1.9718987424079886,-1.9437974848159771,0.18184358794477254,0110,TEM,growth,AMP
-0.9617233096436073,0.15742449068978515,0.31386722036915343,1001,TEM,growth,AMP
0.03686401980605203,0.03938901617437285,-1.8013429130455774,1010,TEM,growth,AMP
-0.979784844057064,0.13683795990800768,0.3344537511509309,1100,TEM,growth,AMP
2.7880380558017275,2.7880380558017275,-1.8181564120552274,0111,TEM,growth,AMP
2.736885533354346,2.736885533354346,-1.7670038896078462,1011,TEM,growth,AMP
0.4985899326875614,0.4985899326875614,0.4712917110589386,1101,TEM,growth,AMP
2.7318355406177046,2.7318355406177046,-1.7619538968712045,1110,TEM,growth,AMP
