WT,,,,
DRDEK,,,,
Positions,,,,
101,166,153,322,328
Genotype,Function,,,
DRDEK,0,,,
ARDEK,-1.80370535485603,,,
DSDEK,-3.79934054945358,,,
DRAEK,-2.35218251811136,,,
DRDYK,-4.94200805302231,,,
DRDEA,-2.92427928606188,,,
ASDEK,-4.03591255589064,,,
ARAEK,-3.28082660957569,,,
ARDYK,-8.30797885561931,,,
ARDEA,-4.35218251811136,,,
DSAEK,-4.68539719714675,,,
DSDYK,-8.59522056679766,,,
DSDEA,-6.41912930774198,,,
DRAYK,-5.43761271343599,,,
DRAEA,-3.15588787296739,,,
DRDYA,-5.6232492903979,,,
ASAEK,-4.4983105537896,,,
ASDYK,-8.17609125905568,,,
ASDEA,-6.35218251811136,,,
ARAYK,-7.68539719714675,,,
ARAEA,-3.72015930340596,,,
ARDYA,-8.75794786429536,,,
DSAYK,-7.52058694850075,,,
DSAEA,-5.24303804868629,,,
DSDYA,-8.20827594242708,,,
DRAYA,-6.29419057113368,,,
ASAYK,-7.82621269585388,,,
ASAEA,-5.05897785995934,,,
ASDYA,-8.4983105537896,,,
ARAYA,-8.4983105537896,,,
DSAYA,-8.15588787296739,,,
ASAYA,-8.56889162807531,,,
