WT,,,,
DRDEK,,,,
Positions,,,,
101,166,153,322,328
Genotype,Function,,,
DRDEK,0,,,
ARDEK,-1.803705355,,,
DSDEK,-3.799340549,,,
DRAEK,-2.352182518,,,
DRDYK,-4.942008053,,,
DRDEA,-2.924279286,,,
ASDEK,-4.035912556,,,
ARAEK,-3.28082661,,,
ARDYK,-8.307978856,,,
ARDEA,-4.352182518,,,
DSAEK,-4.685397197,,,
DSDYK,-8.595220567,,,
DSDEA,-6.419129308,,,
DRAYK,-5.437612713,,,
DRAEA,-3.155887873,,,
DRDYA,-5.62324929,,,
ASAEK,-4.498310554,,,
ASDYK,-8.176091259,,,
ASDEA,-6.352182518,,,
ARAYK,-7.685397197,,,
ARAEA,-3.720159303,,,
ARDYA,-8.757947864,,,
DSAYK,-7.520586949,,,
DSAEA,-5.243038049,,,
DSDYA,-9.208275942,,,
DRAYA,-6.294190571,,,
ASAYK,-8.826212696,,,
ASAEA,-5.05897786,,,
ASDYA,-10.49831055,,,
ARAYA,-8.498310554,,,
DSAYA,-8.155887873,,,
ASAYA,-9.568891628,,,