WT,,,
NCSI,IRNL,,
Positions,,,
51,59,108,164
Genotype,Function,,
NCSI,0,,
NCSL,0.301474742,,
NCNI,-0.301029996,,
NCNL,0,,
NRSI,-0.301029996,,
NRSL,0.602282421,,
NRNI,-0.301029996,,
NRNL,-0.903089987,,
ICSI,1.204398002,,
ICSL,1.505400204,,
ICNI,-0.301029996,,
ICNL,-0.903089987,,
IRSI,0.301474742,,
IRSL,0.301474742,,
IRNI,0,,
IRNL,0,,
