WT,,,
NCSI,IRNL,,
Positions,,,
51,59,108,164
Genotype,Function,,
NCSI,0,,
NCSL,0.301029996,,
NCNI,0.301029996,,
NCNL,0.903117783,,
NRSI,0,,
NRSL,0.903117783,,
NRNI,0.301029996,,
NRNL,0.903117783,,
ICSI,1.204147778,,
ICSL,1.505177774,,
ICNI,0.301029996,,
ICNL,0.903117783,,
IRSI,0.301029996,,
IRSL,0.903117783,,
IRNI,0.602115581,,
IRNL,0.903117783,,
