WT,,,,
PALWI,,,,
Positions,,,,
21,26,28,30,94
Genotype,Effect,,,
PALWI,0,,,
PALWL,0.619905419,,,
PALRI,0.360261922,,,
PALRL,1.074058955,,,
PARWI,1.129733168,,,
PARWL,2.360523709,,,
PARRI,2.30159815,,,
PARRL,3.056869549,,,
PTLWI,0.341673166,,,
PTLWL,1.284417721,,,
PTLRI,1.25188705,,,
PTLRL,2.84067253,,,
PTRWI,1.827831826,,,
PTRWL,3.354059469,,,
PTRRI,2.820836264,,,
PTRRL,3.986805681,,,
LALWI,0.352218528,,,
LALWL,1.804182466,,,
LALRI,1.643928132,,,
LALRL,2.45023115,,,
LARWI,1.700641303,,,
LARWL,2.774609896,,,
LARRI,2.981521315,,,
LARRL,4.10950368,,,
LTLWI,1.02325502,,,
LTLWL,2.799358555,,,
LTLRI,2.037476671,,,
LTLRL,4.116833008,,,
LTRWI,3.084345367,,,
LTRWL,4.281996462,,,
LTRRI,3.962260051,,,
LTRRL,5.229801825,,,
