WT,,,
NCSI,IRNL,,
Positions,,,
51,59,108,164
Genotype,Function,,
NCSI,0,,
NCSL,0.301029996,,
NCNI,-0.882239848,,
NCNL,0,,
NRSI,0.301029996,,
NRSL,1.505372408,,
NRNI,0,,
NRNL,-0.293968141,,
ICSI,2.107487989,,
ICSL,2.408490191,,
ICNI,-0.293968141,,
ICNL,0,,
IRSI,0.903089987,,
IRSL,0.903089987,,
IRNI,0.602059991,,
IRNL,0.903089987,,
