WT,,,,
PALWI,,,,
Positions,,,,
21,26,28,30,94
Genotype,Effect,,,
PALWI,0,,,
PALWL,0.619905419,,,
PALGI,0.346260504,,,
PALGL,2.738737678,,,
PARWI,1.129733168,,,
PARWL,2.360523709,,,
PARGI,1.828190001,,,
PARGL,3.098104946,,,
PTLWI,0.341673166,,,
PTLWL,1.284417721,,,
PTLGI,1.323522741,,,
PTLGL,3.676005944,,,
PTRWI,1.827831826,,,
PTRWL,3.354059469,,,
PTRGI,3.017606758,,,
PTRGL,4.581527608,,,
LALWI,0.352218528,,,
LALWL,1.804182466,,,
LALGI,1.484560989,,,
LALGL,3.049845514,,,
LARWI,1.700641303,,,
LARWL,2.774609896,,,
LARGI,2.870913198,,,
LARGL,4.198052161,,,
LTLWI,1.02325502,,,
LTLWL,2.799358555,,,
LTLGI,2.606610274,,,
LTLGL,4.658764837,,,
LTRWI,3.084345367,,,
LTRWL,4.281996462,,,
LTRGI,4.388552445,,,
LTRGL,5.965854108,,,
