WT,,,
NCSI,IRNL,,
Positions,,,
51,59,108,164
Genotype,Function,,
NCSI,0,,
NCSL,0.301474742,,
NCNI,0,,
NCNL,0.301474742,,
NRSI,0.602282421,,
NRSL,0.903312417,,
NRNI,0.301474742,,
NRNL,0.301474742,,
ICSI,2.107460195,,
ICSL,1.505400204,,
ICNI,0,,
ICNL,-0.301029996,,
IRSI,0.903312417,,
IRSL,0.602282421,,
IRNI,0.602282421,,
IRNL,0.602282421,,
