WT,,,
AFST,,,
Positions,,,
33,72,212,213
Genotype,Function,,
AFST,0.141212306,,
AFST,-0.012742523,,
AFST,-0.190661475,,
AFSA,-0.048163185,,
AFSA,-0.153309929,,
AFSA,0.171368675,,
VFST,-0.000213294,,
VFST,0.014098198,,
VFST,-0.051600812,,
ALAT,-1.824915126,,
ALAT,-1.805193656,,
ALAT,-1.984094899,,
ALSA,-1.546814252,,
ALSA,-1.469775307,,
ALSA,-1.414972792,,
ALAA,-1.58530798,,
ALAA,-1.516670025,,
ALAA,-1.395956056,,
VLST,-1.545421976,,
VLST,-1.622766398,,
VLST,-1.604877503,,
VFAT,-0.003264898,,
VFAT,0.088464993,,
VFAT,0.00518685,,
VFSA,0.01336775,,
VFSA,0.006392191,,
VFSA,-0.048181112,,
VLAT,-1.612084753,,
VLAT,-1.798577997,,
VLAT,-1.668021018,,
VLSA,-1.425091094,,
VLSA,-1.302682943,,
VLSA,-1.381743722,,
VFAA,-0.19473972,,
VFAA,-0.099558459,,
VFAA,-0.383251466,,
VLAA,-1.628849657,,
VLAA,-1.771882277,,
VLAA,-1.491089706,,
ALST,-1.707207193,,
ALST,-1.614779984,,
ALST,-1.54077925,,
AFAT,-2.345802647,,
AFAT,-2.405116648,,
AFAT,-2.467672152,,
AFAA,-1.980474007,,
AFAA,-1.949714643,,
AFAA,-2.024464275,,
