"WT",,,
"MEGN",,,
"Positions",,,
"69","104",238,276
"Genotype","Function",,
"MEGN","0",,
"LEGN","0.182917910031025",,
"MKGN","0.189968947908043",,
"MESN","0.120419074908291",,
"MEGD","-0.0436055510538038",,
"LKGN","-0.590166291681593",,
"LESN","0.132485708001877",,
"LEGD","0.144812212306033",,
"MKSN","0.16147369999607",,
"MKGD","0.133238254511271",,
"MESD","-0.557981608310192",,
"LKSN","0.176839984153115",,
"LKGD","0.175204734721033",,
"LESD","-0.377968927741418",,
"MKSD","0.217700650307673",,
"LKSD","0.0779874257893786",,
