"WT",,,
"MEGN",,,
"Positions",,,
"69","104",238,276
"Genotype","Function",,
"MEGN","0",,
"LEGN","-0.616201060923342",,
"MKGN","0.225805902113773",,
"MESN","0.0734289171585335",,
"MEGD","-0.0120925069201103",,
"LKGN","0.0636690798693773",,
"LESN","0.0387192587566286",,
"LEGD","-0.0444344294249827",,
"MKSN","0.222543859259049",,
"MKGD","0.0945182980221404",,
"MESD","0.0448123444163623",,
"LKSN","-0.0408712486518027",,
"LKGD","-0.0177494718057028",,
"LESD","0.197422507622521",,
"MKSD","0.272271866700901",,
"LKSD","0.223287387059052",,
