"WT",,,
"MEGN",,,
"Positions",,,
"69","104",238,276
"Genotype","Function",,
"MEGN","0",,
"LEGN","-0.984508080178806",,
"MKGN","0.0257628761283247",,
"MESN","-0.0210835272014865",,
"MEGD","-0.0535634006375968",,
"LKGN","-0.0212854776733437",,
"LESN","-0.00308832932999472",,
"LEGD","-1.1181954906814",,
"MKSN","-0.00541907454078841",,
"MKGD","-0.0874922408990558",,
"MESD","0.0691940431787133",,
"LKSN","0.067879989280882",,
"LKGD","-1.3760003323001",,
"LESD","-1.38524098903501",,
"MKSD","-1.02331016423976",,
"LKSD","-0.641074235961738",,
