"WT",,,
"MEGN",,,
"Positions",,,
"69","104",238,276
"Genotype","Function",,
"MEGN","0",,
"LEGN","-0.119144545992645",,
"MKGN","0.421169849390512",,
"MESN","0.368998254558678",,
"MEGD","-0.580340741634726",,
"LKGN","0.110071459066027",,
"LESN","0.463247433731694",,
"LEGD","-0.30582887854575",,
"MKSN","0.398258056640777",,
"MKGD","-0.221318798993058",,
"MESD","0.444936571348261",,
"LKSN","0.39952792445167",,
"LKGD","-0.16258270136455",,
"LESD","0.0236066689259806",,
"MKSD","-0.398736149100132",,
"LKSD","0.470576327035186",,
