"WT",,,
"MEGN",,,
"Positions",,,
"69","104",238,276
"Genotype","Function",,
"MEGN","0",,
"LEGN","-0.0979592874539635",,
"MKGN","-0.0259099377425224",,
"MESN","-0.0343570654678145",,
"MEGD","-0.00302879982906732",,
"LKGN","0.0236575665881978",,
"LESN","0.0575515604448658",,
"LEGD","-0.0248433113809851",,
"MKSN","0.0102737556514837",,
"MKGD","0.0350973393765158",,
"MESD","0.0387934849364795",,
"LKSN","0.0332374029923919",,
"LKGD","0.0435215839403468",,
"LESD","0.00715109502481633",,
"MKSD","-0.627258553838698",,
"LKSD","0.0922571745825699",,
