"WT",,,
"MEGN",,,
"Positions",,,
"69","104",238,276
"Genotype","Function",,
"MEGN","0",,
"LEGN","0.0681009079869462",,
"MKGN","0.116301582368604",,
"MESN","-1.15007513913344",,
"MEGD","0.129708409690022",,
"LKGN","0.124707544437866",,
"LESN","0.0893090243831682",,
"LEGD","0.136006343230769",,
"MKSN","-1.35484868772445",,
"MKGD","0.112928749084199",,
"MESD","-1.30079892650083",,
"LKSN","0.128850289509822",,
"LKGD","0.203483907806726",,
"LESD","0.18636954665695",,
"MKSD","-1.30079892650083",,
"LKSD","0.264269798248929",,
