"WT",,,
"MEGN",,,
"Positions",,,
"69","104",238,276
"Genotype","Function",,
"MEGN","0",,
"LEGN","-0.0501259313814347",,
"MKGN","0.0636237747908984",,
"MESN","0.00495492518932877",,
"MEGD","-0.020666367661901",,
"LKGN","-0.892992524061832",,
"LESN","-1.02381344289609",,
"LEGD","-0.833057421798144",,
"MKSN","0.0687583506408982",,
"MKGD","0.0704564739457611",,
"MESD","0.0103408333382188",,
"LKSN","0.0166210632040652",,
"LKGD","-0.862899486161856",,
"LESD","-0.896905113424883",,
"MKSD","-0.902840893505388",,
"LKSD","-0.781904899350762",,
