"WT",,,
"MEGN",,,
"Positions",,,
"69","104",238,276
"Genotype","Function",,
"MEGN","0",,
"LEGN","0.0468058784732983",,
"MKGN","0.232988437412553",,
"MESN","0.318811242170353",,
"MEGD","-0.0911533681275126",,
"LKGN","0.0507149461061788",,
"LESN","0.280430726171873",,
"LEGD","0.0716076465769819",,
"MKSN","0.333058452377378",,
"MKGD","0.306246808925108",,
"MESD","0.431671424176558",,
"LKSN","0.0456262639448094",,
"LKGD","0.0464130295257484",,
"LESD","-0.163802136582596",,
"MKSD","0.432480015886406",,
"LKSD","0.416518164490444",,
