"WT",,,
"MEGN",,,
"Positions",,,
"69","104",238,276
"Genotype","Function",,
"MEGN","0",,
"LEGN","-0.139033218913637",,
"MKGN","0.471242390238727",,
"MESN","0.641124014167605",,
"MEGD","-0.385350881364017",,
"LKGN","0.0303037129926127",,
"LESN","0.648892762004544",,
"LEGD","-0.185685240134342",,
"MKSN","0.689376023257358",,
"MKGD","0.393095706998981",,
"MESD","0.708784986629618",,
"LKSN","0.209109321395985",,
"LKGD","0.219359949212662",,
"LESD","0.268058546711641",,
"MKSD","0.716283986282305",,
"LKSD","0.739765082131828",,
