"WT",,,
"MEGN",,,
"Positions",,,
"69","104",238,276
"Genotype","Function",,
"MEGN","0",,
"LEGN","0.00483629142495939",,
"MKGN","0.0546150559185587",,
"MESN","-0.0429029372762741",,
"MEGD","0.0353228963537939",,
"LKGN","-0.0382751654018232",,
"LESN","-1.19244426670066",,
"LEGD","-0.0300327049361712",,
"MKSN","-0.0251956439978614",,
"MKGD","0.0917240535516442",,
"MESD","-1.27875360095283",,
"LKSN","-0.643355420975333",,
"LKGD","0.00961931864575255",,
"LESD","-1.45948976505427",,
"MKSD","-1.27263667614315",,
"LKSD","-1.19497660321605",,
