"WT",,,
"MEGN",,,
"Positions",,,
"69","104",238,276
"Genotype","Function",,
"MEGN","0",,
"LEGN","-0.00548205082255071",,
"MKGN","0.0663843720329864",,
"MESN","-0.131136517168671",,
"MEGD","0.0398768215532757",,
"LKGN","-0.0179179608130875",,
"LESN","0.0301044343954011",,
"LEGD","-0.0261965520479806",,
"MKSN","-1.29352904094956",,
"MKGD","0.0540014642448821",,
"MESD","0.00660765069997898",,
"LKSN","-0.0405763134894669",,
"LKGD","0.125090032370814",,
"LESD","0.0445452232504404",,
"MKSD","-1.32434298836377",,
"LKSD","0.0806918370728633",,
