"WT",,,
"MEGN",,,
"Positions",,,
"69","104",238,276
"Genotype","Function",,
"MEGN","0",,
"LEGN","0.063051745747089",,
"MKGN","1.01415287091552",,
"MESN","1.08278537031645",,
"MEGD","-0.274701056941632",,
"LKGN","0.148062535455438",,
"LESN","1.09012573348219",,
"LEGD","-0.0579919469776867",,
"MKSN","1.15666270721736",,
"MKGD","-0.0642408962546882",,
"MESD","1.16657810991965",,
"LKSN","-0.128573021263394",,
"LKGD","-0.24033215531037",,
"LESD","0.103376055257288",,
"MKSD","1.15171451322901",,
"LKSD","1.17825732081219",,
