"WT",,,
"MEGN",,,
"Positions",,,
"69","104",238,276
"Genotype","Function",,
"MEGN","0",,
"LEGN","-0.014403309726646",,
"MKGN","-0.0891631947730668",,
"MESN","0.0601239811166965",,
"MEGD","0.000975943066661066",,
"LKGN","-0.0576431440660746",,
"LESN","0.00509940671135647",,
"LEGD","0.0528319518387868",,
"MKSN","-0.176580054247294",,
"MKGD","-0.0612844606344775",,
"MESD","-0.00639765480213297",,
"LKSN","-0.00244949595714063",,
"LKGD","0.101671315784934",,
"LESD","0.0521826203220062",,
"MKSD","-1.45059120718061",,
"LKSD","0.0611860860283108",,
