"WT",,,
"MEGN",,,
"Positions",,,
"69","104",238,276
"Genotype","Function",,
"MEGN","0",,
"LEGN","-0.86980192732922",,
"MKGN","-0.0191386773375597",,
"MESN","0.0887752271262859",,
"MEGD","0.0950336556075289",,
"LKGN","0.0907613334013068",,
"LESN","-0.123990051140306",,
"LEGD","-0.568771931665239",,
"MKSN","0.136782953197372",,
"MKGD","0.111084798147137",,
"MESD","0.100234849293337",,
"LKSN","0.132154018559532",,
"LKGD","0.0984539560984816",,
"LESD","-0.189945197516844",,
"MKSD","-0.929520693607413",,
"LKSD","0.079554191095793",,
