"WT",,,
"MEGN",,,
"Positions",,,
"69","104",238,276
"Genotype","Function",,
"MEGN","0",,
"LEGN","-0.0715067663436704",,
"MKGN","0.0388040894148574",,
"MESN","0.0221825337896926",,
"MEGD","0.0510743064216132",,
"LKGN","0.0722437388607799",,
"LESN","-1.55983624265497",,
"LEGD","0.0680514819364802",,
"MKSN","0.0407309598851345",,
"MKGD","0.0746212693345677",,
"MESD","0.118914155141142",,
"LKSN","-1.32292374660274",,
"LKGD","0.0984557966496509",,
"LESD","-1.34832832637683",,
"MKSD","-1.73592750171065",,
"LKSD","0.182996667402462",,
