MAE,Last MAE,Step,Enzyme,Linear MAE,Linear Last MAE
0.41363346338507645,1.0718820073061255,1,DHFR,0.2773989339343754,0.09520777431597548
0.23699274999899753,0.7306383075236197,2,DHFR,0.1981653470614347,0.264270173494541
0.11849637499949879,1.8959419999919804,3,DHFR,0.11847267612971911,0.11847267612971905
