pos,mutations,idiosync
p51,Order 1,1.400744492560381
p59,Order 1,1.0841118722085248
p108,Order 1,1.0841118722085248
p164,Order 1,1.0134236270235646
p51|p59,Order 2,2.0510910037821954
p51|p108,Order 2,2.0510910037821954
p51|p164,Order 2,1.8959419999919802
p59|p108,Order 2,1.7345822599937593
p59|p164,Order 2,1.5480301606307267
p108|p164,Order 2,1.5480301606307267
p51|p59|p108,Order 3,2.6812668898614294
p51|p59|p164,Order 3,2.6812668898614294
p51|p108|p164,Order 3,2.681266889861429
p59|p108|p164,Order 3,2.681266889861429
