"model_order","R2","(Adjusted)","Delta R2"
"order1","0.459821660950013","0.263393174022745","0.459821660950013"
"order2","0.681422060887425","0.0442661826622746","0.221600399937412"
"order3","0.929410022963446","-0.0588496555483036","0.247987962076021"
