p51,p59,p108,p164,numbers,genotype,observed effect,epistatic effect,average effect,WT effect,cv,mutations,2 step,3 step,final step
-1,-1,-1,-1,0000,NCSI,0,-0.11847267612971867,0.38680276904561983,0,NA,0,0,0,0
-1,-1,-1,1,0001,NCSL,0,0.11877014577086141,0.38687699291893785,0,NA,1,0,0,0
-1,-1,1,-1,0010,NCNI,0,0.11847267612971897,-0.14166299343395727,0,NA,1,0,0,0
-1,-1,1,1,0011,NCNL,0,-0.11817520648857734,-0.14158876956063926,0,NA,2,0,0,0
-1,1,-1,-1,0100,NRSI,0.09342168516223506,0.2118288846289562,0.4255096221485858,0.09342168516223506,NA,1,0.09342168516223506,0.09342168516223506,0.09342168516223506
-1,1,-1,1,0101,NRSL,1.0413926851582251,0.9226646471582609,0.4255838460219038,0.09342168516223506,NA,2,1.0413926851582251,1.0413926851582251,1.0413926851582251
-1,1,1,-1,0110,NRNI,0,-0.11817520648857668,-0.10295614033099132,0.09342168516223506,NA,2,2.7755575615628914e-17,2.7755575615628914e-17,2.7755575615628914e-17
-1,1,1,1,0111,NRNL,0,0.11877014577086123,-0.1028819164576733,0.09342168516223506,NA,3,0.9479709999959901,0,0
1,-1,-1,-1,1000,ICSI,1.0718820073061255,1.1914955781521794,0.6782486683185056,1.0718820073061255,NA,1,1.0718820073061255,1.0718820073061255,1.0718820073061255
1,-1,-1,1,1001,ICSL,1.0718820073061255,0.9545499459938809,0.6783228921918236,1.0718820073061255,NA,2,1.0718820073061255,1.0718820073061255,1.0718820073061255
1,-1,1,-1,1010,ICNI,0,-0.11847267612971897,0.1497829058389285,1.0718820073061255,NA,2,0,0,0
1,-1,1,1,1011,ICNL,0,0.11847180773283976,0.14985712971224652,1.0718820073061255,NA,3,0,0,0
1,1,-1,-1,1100,IRSI,1.0413926851582251,0.9226646471582609,0.7169555214214716,1.1653036924683606,NA,2,1.0413926851582251,1.0413926851582251,1.0413926851582251
1,1,-1,1,1101,IRSL,0.09342168516223506,0.2118288846289564,0.7170297452947896,1.1653036924683606,NA,3,1.9893636851542151,0.09342168516223492,0.09342168516223492
1,1,1,-1,1110,IRNI,0.09342168516223506,0.21182888462895597,0.18848975894189446,1.1653036924683606,NA,3,-0.12391100731013538,0.09342168516223509,0.09342168516223509
1,1,1,1,1111,IRNL,0.09342168516223506,-0.02511646763048206,0.18856398281521247,1.1653036924683606,NA,4,0.8240599926858547,-1.8025203148297453,0.09342168516223492
