"indices","sign","effect"
"59|164",0,0.94797099999599
"51|108",0,-1.07188200730613
"51|108|164",0,-1.07188200730613
"51|59|164",0,-1.07188200730613
"51|59|108",0,-1.07188200730613
"51|59|108|164",0,-1.07188200730613
