"id","effect","muts","cv","colors"
"0000",1,0,NA,"#FFE9E8"
"0001",1,1,NA,"#FFE9E8"
"0010",1,1,NA,"#FFE9E8"
"0100",1,1,NA,"#FFE9E8"
"1000",1,1,NA,"#FFE9E8"
"0011",1,2,NA,"#FFE9E8"
"0101",8.87096774193549,2,NA,"#FF4E45"
"0110",0.806451612903226,2,NA,"#FFEDEC"
"1001",1,2,NA,"#FFE9E8"
"1010",0.0847457627118644,2,NA,"#FFFFFF"
"1100",0.751776927282668,2,NA,"#FFF0F0"
"0111",0.806451612903226,3,NA,"#FFEDEC"
"1011",0.0847457627118644,3,NA,"#FFFFFF"
"1101",0.0847457627118644,3,NA,"#FFFFFF"
"1110",0.0847457627118644,3,NA,"#FFFFFF"
"1111",0.0847457627118644,4,NA,"#FFFFFF"
