mean,max,obs,geno,enzyme_name,measure_type,cond
0.29132592311709016,1.0718820073061255,0,0000,DHFR,ic50,c60
0.7044248974881169,1.0718820073061255,0,0001,DHFR,ic50,c60
0,0,0,0010,DHFR,ic50,c60
0.6008401049432484,0.9479709999959901,0.09342168516223506,0100,DHFR,ic50,c60
-0.3674571098180086,0,1.0718820073061255,1000,DHFR,ic50,c60
0,0,0,0011,DHFR,ic50,c60
-0.9946818425771076,-0.9479709999959901,1.0413926851582251,0101,DHFR,ic50,c60
0.04671084258111753,0.09342168516223506,0,0110,DHFR,ic50,c60
-1.025171164725008,-0.9784603221438904,1.0718820073061255,1001,DHFR,ic50,c60
0.04671084258111753,0.09342168516223506,0,1010,DHFR,ic50,c60
-0.9479709999959901,-0.9479709999959901,1.0413926851582251,1100,DHFR,ic50,c60
0.09342168516223506,0.09342168516223506,0,0111,DHFR,ic50,c60
0.09342168516223506,0.09342168516223506,0,1011,DHFR,ic50,c60
0,0,0.09342168516223506,1101,DHFR,ic50,c60
0,0,0.09342168516223506,1110,DHFR,ic50,c60
