"genotype","predicted effect"
"DRDEK",0.0651704708267727
"DRDEA",-2.98962350943424
"DRDYK",-5.0082656194903
"DRDYA",-5.55825257211672
"DRAEK",-2.41778750071215
"DRAEA",-3.09097410655007
"DRAYK",-5.37253666471676
"DRAYA",-6.35930675854285
"DSDEK",-3.86377334650632
"DSDEA",-6.35390455349761
"DSDYK",-8.52999581255329
"DSDYA",-9.27347982180665
"DSAEK",-4.62096230880408
"DSAEA",-5.30853436258092
"DSAYK",-7.58516352786962
"DSAYA",-8.09097410655007
"ARDEK",-1.86927081841754
"ARDEA",-4.28744655905861
"ARDYK",-8.24286442640587
"ARDYA",-8.82213242214048
"ARAEK",-3.21549824218951
"ARAEA",-3.78641686987394
"ARAYK",-7.75130325045762
"ARAYA",-8.43377026695548
"ASDEK",-3.97056989897638
"ASDEA",-6.41778750071215
"ASDYK",-8.24104463691022
"ASDYA",-10.4337702669554
"ASAEK",-4.56411120860902
"ASAEA",-4.99381528546766
"ASAYK",-8.76164326076097
"ASAYA",-9.63380670666778
