"indices","effect"
"INTERCEPT",-5.86823799129573
"101",-1.19168046997836
"166",-2.09394109306205
"153",-0.0118495708220909
"322",-4.02581278252104
"328",-1.24277347602236
"101|166",0.76796035436698
"101|153",0.15491475064643
"101|322",-0.626114574222587
"101|328",-0.03130654086569
"166|153",0.452513954648083
"166|322",0.218760323156058
"166|328",-0.0533275993836853
"153|322",0.277012200304318
"153|328",0.566699413638731
"322|328",0.35368901070101
"101|166|153",-0.318130173960233
"101|166|322",0.152171789205277
"101|166|328",-0.158045072364872
"101|153|322",-0.130255313236118
"101|153|328",0.0685673115123824
"101|322|328",-0.161265015859083
"166|153|322",-0.116000850036021
"166|153|328",0.10558912296163
"166|322|328",-0.136133851266423
"153|322|328",-0.439417732045183
"101|166|153|322",-0.168522529325914
"101|166|153|328",0.0936630791411378
"101|166|322|328",-0.10328199291491
"101|153|322|328",0.108491797737856
"166|153|322|328",0.156688099122648
