"indices","sign","effect"
"225|227",0,0.214498732464309
"224|225",0,-0.200642398158368
"222|225|227",0,0.254090916943943
"222|224|225",0,-0.243472126165613
"219|225|227",0,0.187594531585506
"219|224|227",1,0.108570711290612
"219|224|225|227",0,0.177289495745395
"219|222|225|227",0,0.3441843109305
"219|222|224",1,0.0364244174653363
"219|222|224|227",1,0.103175679403906
"219|222|224|225|227",0,0.202357508308568
"215|225",1,-0.891309087073872
"215|225|227",0,-0.298153846500418
"215|224",0,-0.201087167718747
"215|224|225",1,-0.922963819821975
"215|224|225|227",1,-0.559650554051356
"215|222|225",1,-0.913241405113591
"215|222|225|227",1,-0.47639584314818
"215|222|224",0,-0.292148203371842
"215|222|224|225",1,-1.0313938386499
"215|222|224|225|227",1,-0.684367266818901
"215|219|225",1,-0.458731375239474
"215|219|224|225",1,-0.77081679555673
"215|219|222|225",1,-0.484335550148684
"215|219|222|224|225",1,-0.813448552830503
"215|219|222|224|225|227",0,-0.231595293452222
"41|227",1,-0.0433471779410429
"41|225|227",0,0.320605309798185
"41|224",1,-0.199941810037569
"41|224|225|227",0,0.216761734708357
"41|222",1,-0.0622831799104748
"41|222|225|227",0,0.299175604144802
"41|222|224",1,-0.218250128133494
"41|222|224|225|227",0,0.249476368703057
"41|219|225",0,0.270221459144064
"41|219|225|227",0,0.436668954341657
"41|219|224|227",1,0.0476258821523991
"41|219|224|225",0,0.189981851289547
"41|219|224|225|227",0,0.46410566545641
"41|219|222|225",0,0.235901833291853
"41|219|222|225|227",0,0.430729411871818
"41|219|222|224|225",0,0.215406951013651
"41|219|222|224|225|227",0,0.482115379598288
"41|215|225|227",0,0.370193367949922
"41|215|224",1,-0.0877507887658954
"41|215|224|225|227",0,0.284674645219991
"41|215|222|227",1,0.0444354891764228
"41|215|222|225|227",0,0.370558636343388
"41|215|222|224",1,-0.0586989917080729
"41|215|222|224|227",1,0.053209413483928
"41|215|222|224|225|227",0,0.226074619594569
"41|215|219",1,-0.0961328817064638
"41|215|219|225",0,0.36994867520913
"41|215|219|225|227",0,0.604375852640004
"41|215|219|224|225",0,0.333495059579259
"41|215|219|224|225|227",0,0.544549675300832
"41|215|219|222",1,-0.025700309553133
"41|215|219|222|225",0,0.314791953508674
"41|215|219|222|225|227",0,0.606735059999467
"41|215|219|222|224|225",0,0.320378381071595
"41|215|219|222|224|225|227",0,0.618710748543506
