MAE,Last MAE,Step,Enzyme,Linear MAE,Linear Last MAE
1.2233612565017185,3.886355432784368,1,DHFR,0.28268773153248156,0.4991072438520252
0.39544623726359723,2.3434362436744562,2,DHFR,0.15192897976048347,0.19990883303482931
0.10936881541491063,0.8195160800366681,3,DHFR,0.09136420650017238,0.010762461795947864
0.01006262284861122,0.3220039311555567,4,DHFR,0.010014281466856212,0.010014281466855124
