"genotype","predicted effect"
"PALWI",-0.0100142814668586
"PALWL",0.457025819222425
"PALGI",0.251345793515881
"PALGL",2.43987719640939
"PARWI",0.875364319077127
"PARWL",2.03601818734433
"PARGI",1.49794096966698
"PARGL",2.85325548203934
"PTLWI",0.248489315424061
"PTLWL",0.989475441630173
"PTLGI",1.02607708111516
"PTLGL",3.50311586844568
"PTRWI",1.49794096966698
"PTRWL",3.14060136916095
"PTRGI",2.76473479491441
"PTRGL",4.49791661725129
"LALWI",0.255587624763216
"LALWL",1.47469555101687
"LALGI",1.17163086006763
"LALGL",2.80035463263888
"LARWI",1.37496800169751
"LARWL",2.49870946365915
"LARGI",2.60399591195996
"LARGL",4.07234986614285
"LTLWI",0.765531727888366
"LTLWL",2.52572809543895
"LTLGI",2.31715229831679
"LTLGL",4.58209944537557
"LTRWI",2.83757385319543
"LTRWL",4.16447366507518
"LTRGI",4.28488677373387
"LTRGL",5.93283343084309
