mean,max,obs,geno,enzyme_name,measure_type,cond
0.4072740050417784,0.865103974641128,0,00000,DHFR,ki,trajg
1.2977013223274774,2.0030910769771415,0.4471580313422192,00001,DHFR,ki,trajg
1.3037945181925474,2.2096998600367614,0.24054924828259971,00010,DHFR,ki,trajg
0.74655627430303,1.1802190041455296,0.865103974641128,00100,DHFR,ki,trajg
0.8419774262718729,1.2698097685670355,0.2380461031287954,01000,DHFR,ki,trajg
0.9612363223433769,1.238787171532636,0.24551266781414982,10000,DHFR,ki,trajg
0.5918436687333353,1.0425112807074766,2.450249108319361,00011,DHFR,ki,trajg
0.7753827755778291,1.0850107897083485,2.0453229787866576,00101,DHFR,ki,trajg
1.2228020163656539,1.3353769064021785,1.507855871695831,00110,DHFR,ki,trajg
2.0467571788518586,2.493194900800855,0.9995654882259823,01001,DHFR,ki,trajg
1.8141084229430662,2.455333891086214,1.0374264979406236,01010,DHFR,ki,trajg
1.3961612540574524,1.622477896799175,1.507855871695831,01100,DHFR,ki,trajg
1.1139367354016692,1.3059853246864557,1.4842998393467859,10001,DHFR,ki,trajg
1.3822143294958544,1.608441576088469,1.1818435879447726,10010,DHFR,ki,trajg
1.25116457304492,1.4417629994555132,1.3856062735983121,10100,DHFR,ki,trajg
1.7750001251526693,2.052123013313589,0.7752462597402364,11000,DHFR,ki,trajg
1.452087842908131,1.6646230935978217,2.8432327780980096,00111,DHFR,ki,trajg
1.0572559255190117,1.0994163683690297,3.4927603890268375,01011,DHFR,ki,trajg
1.2101873015590465,1.3775221032008251,3.130333768495006,01101,DHFR,ki,trajg
1.6468127132176935,1.7535075359848125,2.754348335711019,01110,DHFR,ki,trajg
1.547195899822917,1.8018915933626256,2.7902851640332416,10011,DHFR,ki,trajg
1.6394351028639176,1.6846355519118297,2.4885507165004443,10101,DHFR,ki,trajg
1.594233247863595,1.7000736757861667,2.5943925503754266,10110,DHFR,ki,trajg
1.8668076691923914,2.076302913684188,2.515873843711679,11001,DHFR,ki,trajg
2.1358254538655173,2.284680719482654,2.307496037913213,11010,DHFR,ki,trajg
1.4064569742331083,1.467096953107768,2.8273692730538253,11100,DHFR,ki,trajg
1.4148695862974288,1.4148695862974288,4.507855871695831,01111,DHFR,ki,trajg
1.8399400876768102,1.8399400876768102,4.08278537031645,10111,DHFR,ki,trajg
1.3305487005973928,1.3305487005973928,4.592176757395867,11011,DHFR,ki,trajg
1.749539189580986,1.749539189580986,4.173186268412274,11101,DHFR,ki,trajg
1.6282592318316667,1.6282592318316667,4.294466226161593,11110,DHFR,ki,trajg
