MAE,Last MAE,Step,Enzyme,Linear MAE,Linear Last MAE
0.48816645028300515,0.142639269766752,1,MPH,0.24836354144711797,0.7857134796424103
0.539296059676843,3.922254173711181,2,MPH,0.15570741019695145,0.30088889538239827
0.041026661401874595,0.5268532606298257,3,MPH,0.03636629240786811,0.09333358876496867
0.015101314993901396,0.48324207980484335,4,MPH,0.015101314993901237,0.015101314993900328
