pos,mutations,idiosync
p72,Order 1,1.10234859069456
p193,Order 1,0.8689727150864962
p258,Order 1,0.6962142966314445
p271,Order 1,0.9125448108023605
p273,Order 1,0.9601689740974523
p72|p193,Order 2,0.7863248550409592
p72|p258,Order 2,0.9797436158760607
p72|p271,Order 2,1.180198216422672
p72|p273,Order 2,1.5264782719422392
p193|p258,Order 2,0.40769598898409126
p193|p271,Order 2,0.5387558024764201
p193|p273,Order 2,0.6771104341186379
p258|p271,Order 2,0.4687967919495554
p258|p273,Order 2,1.0085838481948406
p271|p273,Order 2,1.1980223485745507
p72|p193|p258,Order 3,0.3048694036436245
p72|p193|p271,Order 3,0.5302181040632699
p72|p193|p273,Order 3,0.5441937589230892
p72|p258|p271,Order 3,0.5837137982873783
p72|p258|p273,Order 3,0.5964372621537584
p72|p271|p273,Order 3,0.7375115540002748
p193|p258|p271,Order 3,0.44957985693033287
p193|p258|p273,Order 3,0.46598031839541393
p193|p271|p273,Order 3,0.636650250710954
p258|p271|p273,Order 3,0.6818460985918674
p72|p193|p258|p271,Order 4,0.6834075031693918
p72|p193|p258|p273,Order 4,0.6834075031693918
p72|p193|p271|p273,Order 4,0.6834075031693917
p72|p258|p271|p273,Order 4,0.6834075031693914
p193|p258|p271|p273,Order 4,0.6834075031693913
