"indices","effect"
"INTERCEPT",0.699501491713035
"72",0.375975544905788
"193",0.620513881406318
"258",0.102943852806562
"271",-0.225935605716534
"273",0.580447592694895
"72|193",0.320271700963956
"72|258",-0.13494587953128
"72|271",0.148308306671553
"72|273",0.0283385268554026
"193|258",-0.0279869098914066
"193|271",0.0754771604959917
"193|273",0.17005941098764
"258|271",0.182122747417702
"258|273",-0.00972473303413502
"271|273",0.217728837584602
"72|193|258",0.0744138077829923
"72|193|271",0.0907492829769699
"72|193|273",0.128723788489555
"72|258|271",-0.00453662191727723
"72|258|273",0.206802040086371
"72|271|273",0.248076248179683
"193|258|271",-0.0126134117255979
"193|258|273",0.0291259941469506
"193|271|273",-0.0522354123806367
"258|271|273",0.0799392526557246
"72|193|258|271",-0.000721224025702236
"72|193|258|273",-0.0132847407370789
"72|193|271|273",-0.0488035620789027
"72|258|271|273",-0.0554987797314731
"193|258|271|273",-0.0381562409689789
