"indices","sign","effect"
"271|273",0,-0.340614407323441
"258|273",0,-0.80465830274582
"258|271|273",0,-0.461386309262762
"193|271|273",0,-0.349524501657494
"193|258",0,-0.281745751679418
"193|258|273",0,-0.896140417095187
"193|258|271",0,-0.202983622142342
"193|258|271|273",0,-0.629967966539698
"72|273",0,-1.28529600491972
"72|271",1,-0.521603076832194
"72|271|273",0,-0.85880964906633
"72|258",0,-0.901854439979636
"72|258|273",0,-2.01027702537669
"72|258|271",1,-1.22721468207045
"72|258|271|273",0,-1.01635045925779
"72|193|273",0,-0.666496056058443
"72|193|258",0,-0.963175771706056
"72|193|258|273",0,-1.10355376049634
"72|193|258|271",0,-0.643956707520902
