genotype,avg,pos,mutations,likely,enzyme_name,measure_type,cond
x0000,0.8463371121298052,p72,1,FALSE,MPH,catact,CuPTM
0x000,0.41161970596323016,p193,1,FALSE,MPH,catact,CuPTM
00x00,0.5440680443502757,p258,1,FALSE,MPH,catact,CuPTM
000x0,-0.38721614328026455,p271,1,FALSE,MPH,catact,CuPTM
0000x,0.9400181550076633,p273,1,TRUE,MPH,catact,CuPTM
xx000,-0.012444150278885457,p72|p193,2,FALSE,MPH,catact,CuPTM
x0x00,-0.9018544399796367,p72|p258,2,FALSE,MPH,catact,CuPTM
x00x0,-0.521603076832194,p72|p271,2,FALSE,MPH,catact,CuPTM
x000x,-1.285296004919717,p72|p273,2,FALSE,MPH,catact,CuPTM
0xx00,-0.28174575167941807,p193|p258,2,FALSE,MPH,catact,CuPTM
0x0x0,-0.015803390921048044,p193|p271,2,FALSE,MPH,catact,CuPTM
0x00x,-0.011193746130775173,p193|p273,2,TRUE,MPH,catact,CuPTM
00xx0,0.11031982733300272,p258|p271,2,FALSE,MPH,catact,CuPTM
00x0x,-0.8046583027458201,p258|p273,2,FALSE,MPH,catact,CuPTM
000xx,-0.34061440732344095,p271|p273,2,FALSE,MPH,catact,CuPTM
xxx00,0.2328685702318844,p72|p193|p258,3,FALSE,MPH,catact,CuPTM
xx0x0,0.4402857563750881,p72|p193|p271,3,FALSE,MPH,catact,CuPTM
xx00x,0.6424378452709342,p72|p193|p273,3,TRUE,MPH,catact,CuPTM
x0xx0,0.08592300740838077,p72|p258|p271,3,FALSE,MPH,catact,CuPTM
x0x0x,0.9815317222684836,p72|p258|p273,3,FALSE,MPH,catact,CuPTM
x00xx,1.2887038400090218,p72|p271|p273,3,FALSE,MPH,catact,CuPTM
0xxx0,-0.015754306874878277,p193|p258|p271,3,FALSE,MPH,catact,CuPTM
0xx0x,0.20145738346082653,p193|p258|p273,3,FALSE,MPH,catact,CuPTM
0x0xx,0.018087042717769897,p193|p271|p273,3,FALSE,MPH,catact,CuPTM
00xxx,0.573566573473496,p258|p271|p273,3,FALSE,MPH,catact,CuPTM
xxxx0,0.23585124769680232,p72|p193|p258|p271,4,FALSE,MPH,catact,CuPTM
xxx0x,0.13534311400578697,p72|p193|p258|p273,4,FALSE,MPH,catact,CuPTM
xx0xx,-0.14880745672879553,p72|p193|p271|p273,4,TRUE,MPH,catact,CuPTM
x0xxx,-0.20236919794936353,p72|p258|p271|p273,4,FALSE,MPH,catact,CuPTM
0xxxx,-0.06362888784941273,p193|p258|p271|p273,4,FALSE,MPH,catact,CuPTM
xxxxx,-0.4832420798048439,p72|p193|p258|p271|p273,5,TRUE,MPH,catact,CuPTM
