"genotype","predicted effect"
"LFDLKI",-0.00265700000000266
"LFDPKI",0.4292204856
"LFGPKI",0.49520905
"LFGLKI",0.0394554997499998
"IFDLKI",0.0474543367500004
"LFDLKT",0.0353224705999992
"IFDPKI",0.9737267166
"LFDPKT",0.348485583
"IFGPKI",1.10637013383333
"LFGPKT",0.46440100875
"LLDLKI",0.00217835349999954
"LFDLQI",0.0259722216666662
"ILDLKI",0.0605278703333334
"IFGLKI",0.122979978333334
"IFDLKT",0.0506786855000002
"LFGLKT",0.151427721499999
"LLDPKI",0.549670367666667
"LLGPKI",0.589665406500001
"IFDLQI",0.00773579500000027
"LLGLKI",0.139237648
"LLDLQI",0.000758318166666239
"LLDLKT",-0.0324644746666672
"LFGLQI",0.0785662049999995
"LFDPQI",0.402102842333333
"LFDLQT",0.0324684816666661
"ILGLKI",-0.0158533876666663
"ILDLQI",-0.00757026166666646
"ILDPKI",1.33409564033333
"ILDLKT",0.194532312333333
"IFGLQI",0.109076537
"IFGLKT",0.233151810333334
"IFDPKT",1.14148822733333
"LLDPQI",0.556054874333333
"LLDPKT",0.368282395
"LFGPQI",0.630749033666667
"LLGPKT",0.374641957333333
"IFDPQI",1.05617327066667
"IFDLQT",0.0692996283333336
"LLGLQI",0.0900587993333333
"LLGLKT",0.265088473666666
"LLDLQT",0.104817903333333
"LFDPQT",0.475695202666666
"ILGLQI",0.116865150000001
"ILGPKI",1.16357390033333
"ILGLKT",0.268050224666667
"ILDPQI",1.329885951
"ILDLQT",0.0535517403333337
"IFGPQI",1.08117844166667
"IFGLQT",0.238763809666667
"IFGPKT",0.957986149666668
"LLGPQI",0.607027168
"LLGLQT",0.241449061
"ILDPQT",1.27600730633333
"IFGPQT",1.108279184
"LLGPQT",0.499807952333333
"LFGLQT",0.168327484
"ILDPKT",1.40812186166667
"IFDPQT",1.216414006
"ILGPQI",1.13168343933333
"ILGLQT",0.210508210333334
"ILGPQT",1.207664292
"LLDPQT",0.458710502
"LFGPQT",0.439830299333334
"ILGPKT",1.23225291833333
