"model_order","R2","(Adjusted)","Delta R2"
"order1","0.804586936085646","0.799597666368683","0.804586936085646"
"order2","0.95759466876326","0.953546887145207","0.153007732677614"
"order3","0.968659090260274","0.96223420376363","0.011064421497014"
"order4","0.971996819333011","0.963520180860841","0.00333772907273699"
"order5","0.973473999937261","0.964286223379217","0.00147718060425006"
"order6","0.973686426070618","0.96437319484842","0.000212426133356591"
