"indices","sign","effect"
"142|215",1,-0.0772311103869325
"142|154|215",0,0.187716563225304
"67|158",0,0.504002772730333
"67|158|215",0,0.617952285286277
"67|158|180",0,0.556701999830477
"67|158|180|215",0,0.660911251580033
"67|154|158",0,0.58865451996955
"67|154|158|215",0,0.390489927988736
"67|154|158|180",0,0.532918698899929
"67|154|158|180|215",0,0.508694038878718
"67|142|180",1,-0.0930958598862737
"67|142|158",0,0.842264217855009
"67|142|158|215",0,0.879385146819072
"67|142|158|180",0,0.812937078657314
"67|142|158|180|215",0,0.715567737756728
"67|142|154",1,-0.115323128213278
"67|142|154|158",0,0.630743220614779
"67|142|154|158|215",0,0.65208493045375
"67|142|154|158|180",0,0.565509408450057
"67|142|154|158|180|215",0,0.605970559200784
