MAE,Last MAE,Step,Enzyme,Linear MAE,Linear Last MAE
0.8597663479947788,2.857690500835763,1,OXA-48,0.32550194954833966,0.6608178579010409
0.3064106315888065,0.72707982547916306,2,OXA-48,0.1428123447853732,0.10984631444791648
0.15523437594036849,1.3201212107478728,3,OXA-48,0.08816377879568152,0.09108856531597187
0.030893828393646884,0.25619066038778415,4,OXA-48,0.06897166857747389,0.11239117743576355
0.00980270106693713,0.6273728682839668,5,OXA-48,0.06353008915679256,0.10096755088368019
1.6393136847980827e-16,8.881784197001252e-16,6,OXA-48,0.06201313823958334,0.09765799799999964
