"model_order","R2","(Adjusted)","Delta R2"
"order1","0.524294291562591","0.508865998315973","0.524294291562591"
"order2","0.906463213012401","0.894908668737462","0.38216892144981"
"order3","0.962349564589701","0.952058445577552","0.0558863515772996"
"order4","0.977277493197587","0.967851860746215","0.0149279286078857"
"order5","0.979523803620686","0.969682530942255","0.00224631042309853"
"order6","0.979806705573212","0.969867818472527","0.000282901952525672"
