MAE,Last MAE,Step,Enzyme,Linear MAE,Linear Last MAE
0.28629855726073034,0.7834204586004001,1,MPH,0.24674162465843708,0.8248483252123007
0.31931222824448185,2.537069310338992,2,MPH,0.1482696277760798,0.2582020541143317
0.06705531647628966,0.5442179642050604,3,MPH,0.04101854870064002,0.07330136254817754
0.026828746327748478,0.8585198824879501,4,MPH,0.026828746327748516,0.02682874632774812
