"genotype","predicted effect"
"L-HIF",-0.0268287463277506
"L-HIL",0.144100041983513
"L-HTF",-0.62877897998714
"L-HTL",-0.43687914500204
"L-LIF",0.969828339693788
"L-LIL",0.728283520067322
"L-LTF",0.0105977516128753
"L-LTL",0.462991393368505
"LSHIF",0.277248748636642
"LSHIL",0.467325847690694
"LSHTF",-0.466922121291637
"LSHTL",-0.187130043429698
"LSLIF",1.10671016204247
"LSLIL",1.09501460807391
"LSLTF",0.375133609375909
"LSLTL",0.597453349507919
"R-HIF",0.784224775120772
"R-HIL",0.441518584084408
"R-HTF",-0.225425036310394
"R-HTL",0.0912867355546668
"R-LIF",1.07008126668031
"R-LIL",0.68484014298486
"R-LTF",0.137418456626997
"R-LTL",1.18268626821488
"RSHIF",0.932689630645249
"RSHIL",1.4451300376475
"RSHTF",0.0602525018146978
"RSHTL",1.48371626387886
"RSLIF",1.3101299750313
"RSLIL",1.79664548284255
"RSLTF",0.582765662897472
"RSLTL",2.22272839873698
