"indices","sign","effect"
"258|273",0,-0.305158622626733
"258|271",0,-0.249965369110527
"193|258|273",0,-0.242505029584537
"193|258|271",0,-0.189507006311885
"72|273",0,-0.406319994036631
"72|271",1,-0.30038459246078
"72|258",0,-0.603485609151008
"72|258|273",0,-1.15965552115772
"72|258|271",0,-0.934198185544926
"72|193|273",0,0.293213964562063
"72|193|271",0,-0.318784549300079
"72|193|271|273",0,1.04106540976382
"72|193|258",0,-0.667514395764409
"72|193|258|273",0,-0.244612690953422
"72|193|258|271",0,-0.685613488927849
"72|193|258|271|273",0,0.7834204586004
