genotype,avg,pos,mutations,likely,enzyme_name,measure_type,cond
x0000,0.7573960287930241,p72,1,FALSE,MPH,catact,CoPTM
0x000,0.250420002308894,p193,1,FALSE,MPH,catact,CoPTM
00x00,0.9429995933660404,p258,1,TRUE,MPH,catact,CoPTM
000x0,-0.6556077263148893,p271,1,FALSE,MPH,catact,CoPTM
0000x,0.11727129565576427,p273,1,FALSE,MPH,catact,CoPTM
xx000,-0.048297654128919953,p72|p193,2,FALSE,MPH,catact,CoPTM
x0x00,-0.6034856091510081,p72|p258,2,FALSE,MPH,catact,CoPTM
x00x0,-0.30038459246077975,p72|p271,2,FALSE,MPH,catact,CoPTM
x000x,-0.40631999403663116,p72|p273,2,FALSE,MPH,catact,CoPTM
0xx00,-0.05988068730471702,p193|p258,2,TRUE,MPH,catact,CoPTM
0x0x0,-0.03490565095789222,p193|p271,2,FALSE,MPH,catact,CoPTM
0x00x,0.12646329605378454,p193|p273,2,FALSE,MPH,catact,CoPTM
00xx0,-0.24996536911052747,p258|p271,2,FALSE,MPH,catact,CoPTM
00x0x,-0.30515862262673354,p258|p273,2,FALSE,MPH,catact,CoPTM
000xx,0.1282860319848328,p271|p273,2,FALSE,MPH,catact,CoPTM
xxx00,0.04414955482023619,p72|p193|p258,3,TRUE,MPH,catact,CoPTM
xx0x0,0.06480334824751277,p72|p193|p271,3,FALSE,MPH,catact,CoPTM
xx00x,0.6213683166738295,p72|p193|p273,3,FALSE,MPH,catact,CoPTM
x0xx0,0.21963738517738907,p72|p258|p271,3,FALSE,MPH,catact,CoPTM
x0x0x,0.1553087046566563,p72|p258|p273,3,FALSE,MPH,catact,CoPTM
x00xx,0.4238169456055975,p72|p271|p273,3,FALSE,MPH,catact,CoPTM
0xxx0,0.1552447010612522,p193|p258|p271,3,FALSE,MPH,catact,CoPTM
0xx0x,-0.003929015706871042,p193|p258|p273,3,FALSE,MPH,catact,CoPTM
0x0xx,-0.14588603848793982,p193|p271|p273,3,FALSE,MPH,catact,CoPTM
00xxx,0.45833744408626886,p258|p271|p273,3,FALSE,MPH,catact,CoPTM
xxxx0,0.127471084879605,p72|p193|p258|p271,4,FALSE,MPH,catact,CoPTM
xxx0x,0.23516901979695237,p72|p193|p258|p273,4,TRUE,MPH,catact,CoPTM
xx0xx,0.6121214012704248,p72|p193|p271|p273,4,FALSE,MPH,catact,CoPTM
x0xxx,0.527383498917627,p72|p258|p271|p273,4,FALSE,MPH,catact,CoPTM
0xxxx,-0.09940715817159837,p193|p258|p271|p273,4,FALSE,MPH,catact,CoPTM
xxxxx,-0.8585198824879504,p72|p193|p258|p271|p273,5,TRUE,MPH,catact,CoPTM
