MAE,Last MAE,Step,Enzyme,Linear MAE,Linear Last MAE
0.2559250984688903,0.6110626333351641,1,OXA-48,0.1541955872127242,0.12967718255785607
0.15321579217228987,0.44523094678455344,2,OXA-48,0.09426743214314702,0.04434514919959143
0.09538595213347086,0.7962689327071839,3,OXA-48,0.07010977695737985,0.041263822639129234
0.02899543016915635,0.7198707667011524,4,OXA-48,0.05848386977527812,0.039627084578309914
0.003705806439002147,0.23717161209613336,5,OXA-48,0.05800945390678378,0.042267796432789474
6.33445119274656e-17,0,6,OXA-48,0.05793849130085475,0.041451563999999795
