"model_order","R2","(Adjusted)","Delta R2"
"order1","0.804627271570111","0.799463234695312","0.804627271570111"
"order2","0.931899609092971","0.925153815654068","0.12727233752286"
"order3","0.961863734935942","0.953720053333721","0.0299641258429706"
"order4","0.971318698839571","0.96224438886791","0.00945496390362921"
"order5","0.971967623797932","0.961803838274375","0.000648924958360664"
"order6","0.971988864873887","0.961608267738915","2.12410759546922e-05"
