"indices","sign","effect"
"156|243",0,0.245366651642595
"132|156|243",0,0.528241060232402
"124|243",0,0.249360240982595
"124|156|243",0,0.184120959182255
"124|132|243",0,0.634767318370296
"124|132|156",0,0.180931192971192
"124|132|156|243",0,0.468520993984645
"76|243",0,0.249106079617875
"76|156|243",0,0.381465047805633
"76|132|156|243",0,0.475625670965428
"76|124",0,0.308905689078586
"76|124|243",0,0.84680730794343
"76|124|156|243",0,0.627103099198864
"76|124|132",0,0.45749375288644
"76|124|132|243",0,1.06561493106656
"76|124|132|156",0,0.365629372109324
"76|124|132|156|243",0,0.680008657468246
"66|156",0,-0.24498733270485
"66|156|243",0,-0.31660158754756
"66|132",1,0.0207669026105883
"66|132|156|243",0,0.243171187962148
"66|124",0,-0.196515885333115
"66|124|243",0,-0.431924079026022
"66|124|156",0,-0.445583351425056
"66|124|156|243",0,-0.679854794613102
"66|124|132|243",0,0.235913966602632
"66|76",1,0.0865335832203358
"66|76|243",0,0.225782651035251
"66|76|156",0,0.185110418829173
"66|76|156|243",0,0.314794487002797
"66|76|132",1,0.0211076593812306
"66|76|132|156",0,0.216850815346709
"66|76|132|156|243",0,0.385747309209258
"66|76|124|243",0,0.39187913537619
"66|76|124|156|243",0,0.413092321299527
"66|76|124|132",0,0.386846743606272
"66|76|124|132|243",0,0.74888442322272
"66|76|124|132|156",0,0.240908928786295
"66|76|124|132|156|243",0,0.611062633335164
