"positions","mean","median","top","bottom","range","skew","pos_pct","neg_pct","wt_res"
"p51",0.602127807464499,0.602059991327962,1.80617997398389,-0.301029995663981,2.10720996964787,0.000252867420816687,0.625,0.25,16.1292127646793
"p59",6.78161365367871e-05,0,0.903632516084238,-1.20411998265592,2.10775249874016,0.000252849194964812,0.5,0.5,5.2565589452475
"p108",-0.827764671939412,-0.451544993495972,0,-2.10720996964787,2.10720996964787,-1.28593938415438,0,0.75,10.873960654012
"p164",0.451612809632509,0.301301260210128,0.903089986991944,0.301029995663981,0.602059991327962,1.98207719153091,1,0,0.543388009013953
