"genotype","predicted effect"
"NCSI",-2.60594374993164e-05
"NCSL",0.6020860504375
"NCNI",2.60594375001352e-05
"NCNL",0.3010039365625
"NRSI",0.3010560554375
"NRSL",1.2043163535625
"NRNI",-0.3010560554375
"NRNL",2.60594374998507e-05
"ICSI",1.8064840534375
"ICSL",2.1074341355625
"ICNI",-0.3010560554375
"ICNL",2.60594374997675e-05
"IRSI",0.6020339315625
"IRSL",1.2043684724375
"IRNI",0.6020860504375
"IRNL",0.9035086735625
