p51,p59,p108,p164,numbers,genotype,observed effect,epistatic effect,average effect,WT effect,cv,mutations,2 step,3 step,final step
-1,-1,-1,-1,0000,NCSI,0,-2.605943749931644e-5,0.4515293714375006,0,NA,0,0,0,0
-1,-1,-1,1,0001,NCSL,0.6020599913279624,0.6020860504375,0.9031820915625004,0.6020599913279624,NA,1,0.6020599913279624,0.6020599913279624,0.6020599913279624
-1,-1,1,-1,0010,NCNI,0,2.605943750013523e-5,-0.37636916168749995,0,NA,1,0,0,0
-1,-1,1,1,0011,NCNL,0.3010299956639812,0.3010039365624997,0.07528355843749984,0.6020599913279624,NA,2,0.3010299956639812,0.3010299956639812,0.3010299956639812
-1,1,-1,-1,0100,NRSI,0.3010299956639812,0.30105605543750047,0.45157454156250054,0.3010299956639812,NA,1,0.3010299956639812,0.3010299956639812,0.3010299956639812
-1,1,-1,1,0101,NRSL,1.2041199826559248,1.2043163535625003,0.9032272616875003,0.9030899869919435,NA,2,1.2041199826559248,1.2041199826559248,1.2041199826559248
-1,1,1,-1,0110,NRNI,-0.3010299956639812,-0.3010560554374998,-0.3763239915625,0.3010299956639812,NA,2,-0.3010299956639812,-0.3010299956639812,-0.3010299956639812
-1,1,1,1,0111,NRNL,0,2.6059437499850735e-5,0.07532872856249978,0.9030899869919435,NA,3,0.3010299956639813,1.1102230246251565e-16,1.1102230246251565e-16
1,-1,-1,-1,1000,ICSI,1.806179973983887,1.8064840534375002,1.0537109865625005,1.806179973983887,NA,1,1.806179973983887,1.806179973983887,1.806179973983887
1,-1,-1,1,1001,ICSL,2.1072099696478683,2.1074341355625,1.5053637066875003,2.4082399653118496,NA,2,2.1072099696478683,2.1072099696478683,2.1072099696478683
1,-1,1,-1,1010,ICNI,-0.3010299956639812,-0.30105605543750025,0.22581245343749995,1.806179973983887,NA,2,-0.30102999566398125,-0.30102999566398125,-0.30102999566398125
1,-1,1,1,1011,ICNL,0,2.6059437499767468e-5,0.6774651735624997,2.4082399653118496,NA,3,-0.3010299956639812,0,0
1,1,-1,-1,1100,IRSI,0.6020599913279624,0.6020339315625002,1.0537561566875004,2.1072099696478683,NA,2,0.6020599913279625,0.6020599913279625,0.6020599913279625
1,1,-1,1,1101,IRSL,1.2041199826559248,1.2043684724375001,1.5054088768125002,2.709269960975831,NA,3,1.204119982655925,1.2041199826559248,1.2041199826559248
1,1,1,-1,1110,IRNI,0.6020599913279624,0.6020860504375001,0.2258576235624999,2.1072099696478683,NA,3,-2.1072099696478683,0.6020599913279625,0.6020599913279625
1,1,1,1,1111,IRNL,0.9036325160842377,0.9035086735624999,0.6775103436874996,2.709269960975831,NA,4,-1.806179973983887,0.9030899869919433,0.9036325160842374
