"genotype","predicted effect"
"FNQEFT",-0.0207305640000026
"VNQEFT",-0.0931814490000037
"FNQEDT",-1.83601146233333
"FNQEFP",-0.0696014873333344
"FTQEFT",-1.367878944
"FNHEFT",-0.917380580666668
"FNQKFT",-0.170152946333334
"VNQEDT",-2.244004704
"VTHKDT",-1.65707686833333
"FTQEDT",-1.900850166
"FNHEDT",-1.80210902066667
"FNQKDT",-1.75216868866666
"FNQEDP",-1.81757978366667
"VTQEFT",-1.21986297133333
"VNHEFT",-1.944798976
"VNQKFT",-0.115754327333335
"VNQEFP",-0.409022219333335
"FTHEFT",-1.617111563
"FTQKFT",-1.179841168
"FTQEFP",-1.26853076266667
"FNHKFT",-0.981720599666668
"FNHEFP",-1.40223130966667
"VTHKDP",-1.573631119
"FNQKFP",-0.449080482000001
"VNQEDP",-2.27896808566667
"FTQEDP",-1.73623946833333
"VTHEFT",-1.95208178433333
"VTQKFT",-1.25947738133333
"VTQEDT",-1.87015902233333
"VTQEFP",-1.347044045
"VNHKFT",-1.938311285
"VNHEDT",-2.34845236266667
"VNHEFP",-2.228068742
"VNQKDT",-2.03727973933333
"VNQKFP",-0.209996502666668
"FTHKFT",-1.65728765266667
"FTHEDT",-1.817601127
"FTHEFP",-1.544805949
"FTQKDT",-1.91371710966667
"FTQKFP",-1.24777560166667
"FNHKDT",-1.74312666633333
"FNHKFP",-1.10657649533333
"FNHEDP",-1.82888226666667
"FNQKDP",-1.74832664366667
"VTHKFT",-1.64121120733333
"VTHEDT",-1.84091232433333
"VTHEFP",-1.80182889766667
"VTQKDT",-1.799212092
"VTQKFP",-1.23970576133333
"VTQEDP",-1.75227258566667
"VNHKDT",-2.079947251
"VNHKFP",-1.94969650833334
"VNHEDP",-2.04382784466667
"VNQKDP",-2.10306231566667
"FTHKDT",-1.78984936066667
"FTHKFP",-1.513286799
"FTHEDP",-1.55240386666667
"FTQKDP",-1.69412641666666
"FNHKDP",-1.62561802366667
"VTHEDP",-1.861533898
"VTHKFP",-1.75975960066667
"VTQKDP",-1.67803679933333
"VNHKDP",-1.97987631366667
"FTHKDP",-1.556755553
