"indices","effect"
"INTERCEPT",-1.51386583614063
"66",-0.238396764239584
"76",-0.19801006934375
"124",-0.413378441260417
"132",0.0807663423229168
"156",-0.676244512052082
"243",0.00409716305208329
"66|76",0.182412711114583
"66|124",-0.14561999509375
"66|132",0.0576077101562499
"66|156",0.0488412828645833
"66|243",-0.0150101313645832
"76|124",0.246977986552083
"76|132",-0.000118412031250129
"76|156",0.402689031552083
"76|243",0.0806774381145832
"124|132",0.0411273582604165
"124|156",0.479654142302083
"124|243",0.0209150521145832
"132|156",0.0317334719270832
"132|243",0.0134542999479166
"156|243",0.0959863982812499
"66|76|124",0.0717373196354166
"66|76|132",-0.00855755303125013
"66|76|156",-0.00176868486458341
"66|76|243",-0.0414918517187501
"66|124|132",0.000747923802083309
"66|124|156",0.12656146434375
"66|124|243",0.0155690580729167
"66|132|156",-0.00360648328125003
"66|132|243",0.00177182223958329
"66|156|243",-0.00934400467708335
"76|124|132",-0.0168476323854166
"76|124|156",-0.22639749471875
"76|124|243",-0.00454887769791659
"76|132|156",-0.0286855097604165
"76|132|243",-0.0189045024479166
"76|156|243",-0.0327137039895832
"124|132|156",-0.0173969781354165
"124|132|243",0.0144497946770835
"124|156|243",0.0110696485104169
"132|156|243",-0.0119197873645832
"66|76|124|132",0.05144379015625
"66|76|124|156",-0.0979034093437501
"66|76|124|243",-0.0365756833229166
"66|76|132|156",0.0250906716145834
"66|76|132|243",0.00186682934375012
"66|76|156|243",-0.0067298314479167
"66|124|132|156",0.0100693743645833
"66|124|132|243",-0.0418512912395833
"66|124|156|243",-0.00640327623958345
"66|132|156|243",-0.0193084093645834
"76|124|132|156",0.0332059385520831
"76|124|132|243",-0.0246423634270835
"76|124|156|243",-0.0352043074687502
"76|132|156|243",0.0336490800729166
"124|132|156|243",-0.0145227849687501
"66|76|124|132|156",-0.02071089503125
"66|76|124|132|243",0.01267192165625
"66|76|124|156|243",-0.00888100238541661
"66|76|132|156|243",0.0262297123229167
"66|124|132|156|243",0.03280479165625
"76|124|132|156|243",0.0264272310937501
"66|76|124|132|156|243",0.0198573173020833
