"indices","sign","effect"
"132|243",0,-0.206981333049779
"132|156",0,0.252264598862704
"132|156|243",0,0.328150349657038
"124|243",0,-0.414856608093346
"124|156",0,0.944174678132877
"124|156|243",0,0.972964228858659
"124|132|156",0,1.16953807205043
"124|132|156|243",0,1.34066434601047
"76|156",0,1.30402909402306
"76|156|243",0,1.5220436027106
"76|132",0,0.357278254090673
"76|132|243",0,0.340900990776248
"76|132|156",0,1.45443991301407
"76|132|156|243",0,1.73750555366555
"76|124",0,0.66324386997419
"76|124|243",0,0.794030490769068
"76|124|156",0,2.2950116924453
"76|124|156|243",0,2.6206390083087
"76|124|132",0,0.792195043217615
"76|124|132|243",0,0.993102025535855
"76|124|132|156",0,2.51517893841788
"76|124|132|156|243",0,2.77567489268731
"66|243",0,-0.263625145093402
"66|156",0,-0.302306309513626
"66|156|243",0,-0.282434742417986
"66|124",0,-0.908173585031024
"66|124|243",0,-1.10953876183918
"66|124|156",0,0.483333736061888
"66|124|156|243",0,0.851875629038079
"66|124|132",0,-0.772827852458766
"66|124|132|243",0,-0.715827445824807
"66|124|132|156",0,0.915520149856863
"66|124|132|156|243",0,1.09378991535832
"66|76",0,0.236169861201566
"66|76|156",0,1.41886898280824
"66|76|156|243",0,1.593508887309
"66|76|132",0,0.362101055298188
"66|76|132|243",0,0.437584867626161
"66|76|132|156",0,1.65424176714126
"66|76|132|156|243",0,1.8442988006057
"66|76|124",0,0.415165460292198
"66|76|124|243",0,0.629773720287826
"66|76|124|156",0,2.35999810510882
"66|76|124|156|243",0,2.40175854518604
"66|76|124|132",0,0.888191713130045
"66|76|124|132|243",0,0.82780652104615
"66|76|124|132|156",0,2.70929250583205
"66|76|124|132|156|243",0,2.85769050083576
