MAE,Last MAE,Step,Enzyme,Linear MAE,Linear Last MAE
0.23735733960588307,0.20237843235737296,1,MPH,0.17897299326122962,0.337645308574291
0.26143174813712927,1.6837791324182367,2,MPH,0.09184351321101247,0.03575493407437125
0.02340677625081323,0.2786524421493872,3,MPH,0.03506897520483832,0.09906252735093535
0.020411687429149367,0.6531739977327786,4,MPH,0.02041168742914971,0.020411687429150005
