"id","effect","muts","cv","colors"
"00000",1,0,NA,"#FFDFDD"
"00001",1,1,NA,"#FFDFDD"
"00010",1,1,NA,"#FFDFDD"
"00100",1,1,NA,"#FFDFDD"
"01000",1,1,NA,"#FFDFDD"
"10000",1,1,NA,"#FFDFDD"
"00011",1.7285578261188,2,NA,"#FFC6C3"
"00101",0.868481839180808,2,NA,"#FFE2E1"
"00110",0.765866537678618,2,NA,"#FFE6E4"
"01001",1.1533371147665,2,NA,"#FFD8D6"
"01010",1.10255604441651,2,NA,"#FFDBD9"
"01100",0.90395921127933,2,NA,"#FFE2E1"
"10001",0.278574844571975,2,NA,"#FFF4F3"
"10010",0.66077106518283,2,NA,"#FFE9E8"
"10100",0.18505724437426,2,NA,"#FFF7F7"
"11000",0.733156634746922,2,NA,"#FFE6E4"
"00111",1.0439369433378,3,NA,"#FFD8D6"
"01011",0.745870339412043,3,NA,"#FFC9C7"
"01101",0.899256943393873,3,NA,"#FFE2E1"
"01110",1.28948927249,3,NA,"#FFDFDD"
"10011",4.57003934146124,3,NA,"#FFCDCA"
"10101",1.35909909893715,3,NA,"#FFFBFB"
"10110",2.47252341379765,3,NA,"#FFF7F7"
"11001",2.31649971825982,3,NA,"#FFEDEC"
"11010",2.00089450998118,3,NA,"#FFDBD9"
"11100",1.42700178618621,3,NA,"#FFF7F7"
"01111",1.01789612565181,4,NA,"#FFD8D6"
"10111",1.30962102014958,4,NA,"#FFE2E1"
"11011",1.14744279054807,4,NA,"#FF4E45"
"11101",1.72927011711708,4,NA,"#FFF7F7"
"11110",0.895526782579347,4,NA,"#FFEDEC"
"11111",0.222241931199603,5,NA,"#FFC9C7"
