"genotype","predicted effect"
"L-HIF",-0.0204116874291508
"L-HIL",0.110316798868547
"L-HTF",-0.633235338120211
"L-HTL",-0.346469688795062
"L-LIF",0.971749206225067
"L-LIL",0.959591684154596
"L-LTF",0.161431900515623
"L-LTL",0.48727930778326
"LSHIF",0.255940134336698
"LSHIL",0.366978138909579
"LSHTF",-0.396129591593482
"LSHTL",-0.0930975873983684
"LSLIF",1.12260311282495
"LSLIL",1.20793240826561
"LSLTF",0.546750964818994
"LSLTL",0.687158488668786
"R-HIF",0.454980591463348
"R-HIL",-0.0509957750751685
"R-HTF",-0.419438791742402
"R-HTL",0.0538354429160994
"R-LIF",0.632800826346194
"R-LIL",0.280483075414225
"R-LTF",0.117321700437206
"R-LTL",0.716780955275588
"RSHIF",0.514882432613621
"RSHIL",0.517341335502364
"RSHTF",0.065734666215807
"RSHTL",0.8165450496304
"RSLIF",0.884922768487542
"RSLIL",1.06949342401025
"RSLTF",0.693918072316083
"RSLTL",1.28048307541422
