"model_order","R2","(Adjusted)","Delta R2"
"order1","0.773146156723703","0.729520417632107","0.773146156723703"
"order2","0.950001763701019","0.903128417170724","0.176855606977316"
"order3","0.992522913383371","0.961368385814081","0.0425211496823515"
"order4","0.998308778410326","0.947572130720091","0.00578586502695455"
