MAE,Last MAE,Step,Enzyme,Linear MAE,Linear Last MAE
0.33342980964209556,0.39195111212493783,1,TEM,0.33689025217671703,0.2644432707099469
0.3760175618941274,1.5376330554547808,2,TEM,0.18391892639224655,0.3590602879523649
0.18381342996227973,2.941014879396475,3,TEM,0.18391892639224655,0.1839189263922465
