MAE,Last MAE,Step,Enzyme,Linear MAE,Linear Last MAE
0.6337826013254567,0.5138727919177062,1,TEM,0.570828125,0.07418749999999963
0.7643931455476334,3.993775235967395,2,TEM,0.2651875000000001,0.2965625000000003
0.26517124105170903,4.2427398568273444,3,TEM,0.26518750000000013,0.2651875000000006
