"id","effect","muts","cv","colors"
"0000",1,0,NA,"#FFF0F0"
"0001",1,1,NA,"#FFF0F0"
"0010",1,1,NA,"#FFF0F0"
"0100",1,1,NA,"#FFF0F0"
"1000",1,1,NA,"#FFF0F0"
"0011",1.38880316029875,2,NA,"#FFE9E8"
"0101",0.872961666524374,2,NA,"#FFF0F0"
"0110",0.978043516996971,2,NA,"#FFF0F0"
"1001",0.82883745214062,2,NA,"#FFF0F0"
"1010",10.0189684397449,2,NA,"#FF5F57"
"1100",8.63570391872278,2,NA,"#FF746D"
"0111",0.0895289019992147,3,NA,"#FFFFFF"
"1011",0.0407742178921156,3,NA,"#FFF7F7"
"1101",0.0691398355156706,3,NA,"#FFF7F7"
"1110",0.131605738176969,3,NA,"#FF4E45"
"1111",873.001277839324,4,NA,"#FFD8D6"
