"genotype","predicted effect"
"MEGN",-0.183918926392246
"LEGN",-0.80058915378656
"MKGN",0.209681802520572
"MESN",0.16283539919076
"MEGD",0.13035552575465
"LKGN",-0.20520440406559
"LESN",-0.187007255722241
"LEGD",-1.30211441707365
"MKSN",-0.189338000933035
"MKGD",-0.271411167291302
"MESD",-0.114724883213533
"LKSN",0.251798915673128
"LKGD",-1.19208140590785
"LESD",-1.20132206264276
"MKSD",-0.839391237847513
"LKSD",-0.824993162353984
