genotype,avg,pos,mutations
x000,-0.9829666607012196,p69,1
x001,-1.0644972936734727,p69,1
x010,0.017856347857054783,p69,1
x011,-1.4532886457130272,p69,1
x100,-0.04666891688029594,p69,1
x101,-1.2884712078356546,p69,1
x110,0.0734289171585335,p69,1
x111,0.3830271450018218,p69,1
0x00,0.02530586526477026,p104,1
0x01,-0.03369896134175012,p104,1
0x10,0.015664043949301727,p104,1
0x11,-1.0913775244080954,p104,1
1x00,0.961603609085694,p104,1
1x01,-0.25767287550393214,p104,1
1x10,0.07123661325078044,p104,1
1x11,0.7449382663067535,p104,1
00x0,-0.02090709936167361,p238,1
00x1,0.12173359673308853,p238,1
01x0,-0.030548920677142145,p238,1
01x1,-0.9359449663332567,p238,1
10x0,0.9799159091966008,p238,1
10x1,-0.2670577553064659,p238,1
11x0,0.0895489133616873,p238,1
11x1,0.7355533865042198,p238,1
000x,-0.05354773498692691,p276,1
001x,0.08909296110783523,p276,1
010x,-0.11255256159344729,p276,1
011x,-1.0179486072495618,p276,1
100x,-0.13507836795917993,p276,1
101x,-1.3820520324622467,p276,1
110x,-1.354354852548806,p276,1
111x,-0.7083503794062735,p276,1
xx00,0.9362977438209237,p69|p104,2
xx01,-0.22397391416218193,p69|p104,2
xx10,0.05557256930147872,p69|p104,2
xx11,1.836315790714849,p69|p104,2
x0x0,1.0008230085582743,p69|p238,2
x0x1,-0.3887913520395545,p69|p238,2
x1x0,0.12009783403882944,p69|p238,2
x1x1,1.6714983528374763,p69|p238,2
x00x,-0.08153063297225305,p69|p276,2
x01x,-1.471144993570082,p69|p276,2
x10x,-1.2418022909553588,p69|p276,2
x11x,0.3095982278432883,p69|p276,2
0xx0,-0.009641821315468535,p104|p238,2
0xx1,-1.0576785630663452,p104|p238,2
1xx0,-0.8903669958349135,p104|p238,2
1xx1,1.0026111418106858,p104|p238,2
0x0x,-0.059004826606520386,p104|p276,2
0x1x,-1.107041568357397,p104|p276,2
1x0x,-1.219276484589626,p104|p276,2
1x1x,0.6737016530559731,p104|p276,2
00xx,0.14264069609476215,p238|p276,2
01xx,-0.9053960456561146,p238|p276,2
10xx,-1.2469736645030667,p238|p276,2
11xx,0.6460044731425325,p238|p276,2
xxx0,-0.880725174519445,p69|p104|p238,3
xxx1,2.060289704877031,p69|p104|p238,3
xx0x,-1.1602716579831056,p69|p104|p276,3
xx1x,1.7807432214133703,p69|p104|p276,3
x0xx,-1.3896143605978288,p69|p238|p276,3
x1xx,1.5514005187986468,p69|p238|p276,3
0xxx,-1.0480367417508767,p104|p238|p276,3
1xxx,1.8929781376455992,p104|p238|p276,3
xxxx,2.941014879396476,p69|p104|p238|p276,4
