genotype,avg,pos,mutations
x000,-2.024108863598207,p69,1
x001,-1.8241734739497142,p69,1
x010,0.09087028084298274,p69,1
x011,-2.5541099826444165,p69,1
x100,-0.24462596446592638,p69,1
x101,-1.7507542279593609,p69,1
x110,0.40981420419580394,p69,1
x111,0.3015101443938213,p69,1
0x00,0.1367205671564068,p104,1
0x01,-0.15027636131451938,p104,1
0x10,0.07899608531921641,p104,1
0x11,-2.4329976538891693,p104,1
1x00,1.9162034662886875,p104,1
1x01,-0.07685711532416617,p104,1
1x10,0.39794000867203766,p104,1
1x11,0.4226224731490684,p104,1
00x0,-0.10679324694015198,p238,1
00x1,0.6511787580311017,p238,1
01x0,-0.16451772877734236,p238,1
01x1,-1.6315425345435481,p238,1
10x0,2.008185897501038,p238,1
10x1,-0.07875775066360058,p238,1
11x0,0.489922439884388,p238,1
11x1,0.420721837809634,p238,1
000x,-0.2620126736665692,p276,1
001x,0.49595933130468445,p276,1
010x,-0.5490096021374954,p276,1
011x,-2.0160344079037014,p276,1
100x,-0.062077284018076107,p276,1
101x,-2.1490209321827147,p276,1
110x,-2.05513786563093,p276,1
111x,-2.124338467705684,p276,1
xx00,1.7794828991322809,p69|p104,2
xx01,0.07341924599035332,p69|p104,2
xx10,0.3189439233528212,p69|p104,2
xx11,2.8556201270382378,p69|p104,2
x0x0,2.11497914444119,p69|p238,2
x0x1,-0.7299365086947023,p69|p238,2
x1x0,0.6544401686617303,p69|p238,2
x1x1,2.052264372353182,p69|p238,2
x00x,0.199935389648493,p69|p276,2
x01x,-2.6449802634873993,p69|p276,2
x10x,-1.5061282634934345,p69|p276,2
x11x,-0.10830405980198266,p69|p276,2
0xx0,-0.05772448183719038,p104|p238,2
0xx1,-2.28272129257465,p104|p238,2
1xx0,-1.5182634576166498,p104|p238,2
1xx1,0.4994795884732346,p104|p238,2
0x0x,-0.28699692847092617,p104|p276,2
0x1x,-2.5119937392083855,p104|p276,2
1x0x,-1.9930605816128537,p104|p276,2
1x1x,0.024682464477030763,p104|p276,2
00xx,0.7579720049712537,p238|p276,2
01xx,-1.4670248057662059,p238|p276,2
10xx,-2.0869436481646386,p238|p276,2
11xx,-0.06920060207475398,p238|p276,2
xxx0,-1.4605389757794596,p69|p104|p238,3
xxx1,2.7822008810478844,p69|p104|p238,3
xx0x,-1.7060636531419275,p69|p104|p276,3
xx1x,2.5366762036854165,p69|p104|p276,3
x0xx,-2.8449156531358923,p69|p238|p276,3
x1xx,1.3978242036914519,p69|p238|p276,3
0xxx,-2.2249968107374594,p104|p238|p276,3
1xxx,2.017743046089884,p104|p238|p276,3
xxxx,4.242739856827344,p69|p104|p238|p276,4
