pos,mutations,idiosync
p69,Order 1,1.443855842986638
p104,Order 1,1.2468128195708907
p238,Order 1,1.1750496579116303
p276,Order 1,1.2171005687964678
p69|p104,Order 2,1.8642179739446403
p69|p238,Order 2,1.8318584154799882
p69|p276,Order 2,1.7378845610724978
p104|p238,Order 2,1.893397912449617
p104|p276,Order 2,1.802635056831488
p238|p276,Order 2,1.7691494419930887
p69|p104|p238,Order 3,4.159223129583569
p69|p104|p276,Order 3,4.159223129583569
p69|p238|p276,Order 3,4.159223129583568
p104|p238|p276,Order 3,4.159223129583569
