"model_order","R2","(Adjusted)","Delta R2"
"order1","0.525113774190038","0.352427873895507","0.525113774190038"
"order2","0.912997386330554","0.738992158991661","0.387883612140516"
"order3","0.93067884860172","-0.0398172709742033","0.0176814622711657"
