"model_order","R2","(Adjusted)","Delta R2"
"order1","0.538278946396998","0.370380381450452","0.538278946396998"
"order2","0.855245982166864","0.565737946500593","0.316967035769866"
"order3","0.88780840633978","-0.6828739049033","0.032562424172916"
