"id","effect","muts","cv","colors","enz"
"0000",0,0,NA,"#FFFFFF","TEM"
"0001",-0.0535477349869269,1,NA,"#F7FDFF","TEM"
"0010",-0.0209070993616736,1,NA,"#FBFEFF","TEM"
"0100",0.0253058652647703,1,NA,"#FFFBFB","TEM"
"1000",-0.98296666070122,1,NA,"#7CE3FF","TEM"
"0011",0.0681858617461616,2,NA,"#FFF7F7","TEM"
"0101",-0.087246696328677,2,NA,"#F3FCFF","TEM"
"0110",-0.00524305541237188,2,NA,"#FFFFFF","TEM"
"1001",-1.1180450286604,2,NA,"#6ADFFF","TEM"
"1010",-0.00305075150461883,2,NA,"#FFFFFF","TEM"
"1100",-0.0213630516155257,2,NA,"#FBFEFF","TEM"
"0111",-1.02319166266193,3,NA,"#75E1FF","TEM"
"1011",-1.38510278396687,3,NA,"#45D7FF","TEM"
"1101",-1.37571790416433,3,NA,"#45D7FF","TEM"
"1110",0.0681858617461616,3,NA,"#FFF7F7","TEM"
"1111",-0.640164517660112,4,NA,"#A9ECFF","TEM"
