"indices","effect"
"INTERCEPT",-0.409839027130697
"69",-0.545700182208483
"104",0.0544433892100002
"238",0.0841424822990995
"276",-0.584242648382592
"69|104",0.325694818932728
"69|238",0.300473971647848
"69|276",-0.310634639136655
"104|238",-0.119869559978407
"104|276",-0.21446117326634
"238|276",-0.17043745268401
"69|104|238",0.147298887677753
"69|104|276",0.0775039208508985
"69|238|276",0.0197612977294386
"104|238|276",0.105718616862146
