"indices","sign","effect"
"238|276",1,0.757972004971254
"104|276",0,-0.286996928470926
"104|238",1,-0.0577244818371904
"104|238|276",0,-1.81174621607432
"69|276",0,0.199935389648493
"69|238",0,2.11497914444119
"69|238|276",0,0.227970885925044
"69|104",0,1.77948289913228
"69|104|238",1,2.37619858595682
"69|104|238|276",0,0.513872791917706
