"indices","sign","effect"
"238|276",1,0.142640696094762
"104|238",1,-0.00964182131546854
"104|238|276",0,-0.974042693578103
"69|238",0,1.00082300855827
"69|238|276",0,-0.327681288917045
"69|104",0,0.936297743820924
"69|104|276",0,-0.364509373740955
"69|104|238",1,1.04675375654428
"69|104|238|276",0,0.391951112124938
