p69,x000,1,0,TEM,growth,CEC
p69,x001,2,-0.08153063297225305,TEM,growth,CEC
p69,x010,2,1.0008230085582743,TEM,growth,CEC
p69,x011,3,-0.47032198501180755,TEM,growth,CEC
p69,x100,2,0.9362977438209237,TEM,growth,CEC
p69,x101,3,-0.305504547134435,TEM,growth,CEC
p69,x110,3,1.0563955778597531,TEM,growth,CEC
p69,x111,4,1.3659938057030414,TEM,growth,CEC
p104,0x00,1,0,TEM,growth,CEC
p104,0x01,2,-0.059004826606520386,TEM,growth,CEC
p104,0x10,2,-0.009641821315468535,TEM,growth,CEC
p104,0x11,3,-1.1166833896728656,TEM,growth,CEC
p104,1x00,2,0.9362977438209237,TEM,growth,CEC
p104,1x01,3,-0.2829787407687024,TEM,growth,CEC
p104,1x10,3,0.045930747986010184,TEM,growth,CEC
p104,1x11,4,0.7196324010419832,TEM,growth,CEC
p238,00x0,1,0,TEM,growth,CEC
p238,00x1,2,0.14264069609476215,TEM,growth,CEC
p238,01x0,2,-0.009641821315468535,TEM,growth,CEC
p238,01x1,3,-0.9150378669715832,TEM,growth,CEC
p238,10x0,2,1.0008230085582743,TEM,growth,CEC
p238,10x1,3,-0.2461506559447923,TEM,growth,CEC
p238,11x0,3,0.1104560127233609,TEM,growth,CEC
p238,11x1,4,0.7564604858658933,TEM,growth,CEC
p276,000x,1,0,TEM,growth,CEC
p276,001x,2,0.14264069609476213,TEM,growth,CEC
p276,010x,2,-0.05900482660652038,TEM,growth,CEC
p276,011x,3,-0.9644008722626349,TEM,growth,CEC
p276,100x,2,-0.08153063297225302,TEM,growth,CEC
p276,101x,3,-1.3285042974753198,TEM,growth,CEC
p276,110x,3,-1.3008071175618792,TEM,growth,CEC
p276,111x,4,-0.6548026444193467,TEM,growth,CEC
