genotype,avg,pos,mutations,likely,enzyme_name,measure_type,cond
x000,-0.9829666607012196,p69,1,FALSE,TEM,growth,CEC
0x00,0.02530586526477026,p104,1,TRUE,TEM,growth,CEC
00x0,-0.02090709936167361,p238,1,FALSE,TEM,growth,CEC
000x,-0.05354773498692691,p276,1,FALSE,TEM,growth,CEC
xx00,0.9362977438209237,p69|p104,2,FALSE,TEM,growth,CEC
x0x0,1.0008230085582743,p69|p238,2,FALSE,TEM,growth,CEC
x00x,-0.08153063297225305,p69|p276,2,FALSE,TEM,growth,CEC
0xx0,-0.009641821315468535,p104|p238,2,TRUE,TEM,growth,CEC
0x0x,-0.059004826606520386,p104|p276,2,FALSE,TEM,growth,CEC
00xx,0.14264069609476215,p238|p276,2,FALSE,TEM,growth,CEC
xxx0,-0.880725174519445,p69|p104|p238,3,TRUE,TEM,growth,CEC
xx0x,-1.1602716579831056,p69|p104|p276,3,FALSE,TEM,growth,CEC
x0xx,-1.3896143605978288,p69|p238|p276,3,FALSE,TEM,growth,CEC
0xxx,-1.0480367417508767,p104|p238|p276,3,FALSE,TEM,growth,CEC
xxxx,2.941014879396476,p69|p104|p238|p276,4,TRUE,TEM,growth,CEC
