mean,max,obs,geno,enzyme_name,measure_type,cond
-0.25802890744626245,0.02530586526477026,0,0000,TEM,growth,CEC
-0.3254875527607114,0.12173359673308853,-0.05354773498692691,0001,TEM,growth,CEC
0.04087111763806391,0.08909296110783523,-0.02090709936167361,0010,TEM,growth,CEC
-0.06325679971696178,-0.030548920677142145,0.02530586526477026,0100,TEM,growth,CEC
0.602147050107705,0.9799159091966008,-0.9829666607012196,1000,TEM,growth,CEC
-1.2723330850605614,-1.0913775244080954,0.06818586174616162,0011,TEM,growth,CEC
-1.1122080870844557,-0.9359449663332567,-0.08724669632867703,0101,TEM,growth,CEC
-0.47225984504551416,0.0734289171585335,-0.005243055412371883,0110,TEM,growth,CEC
-0.26236531540519903,-0.25767287550393214,-1.1180450286603996,1001,TEM,growth,CEC
-0.6554077096057331,0.07123661325078044,-0.0030507515046188267,1010,TEM,growth,CEC
-0.6324029695935593,0.0895489133616873,-0.021363051615525673,1100,TEM,growth,CEC
0.3830271450018218,0.3830271450018218,-1.0231916626619337,0111,TEM,growth,CEC
0.7449382663067535,0.7449382663067535,-1.3851027839668655,1011,TEM,growth,CEC
0.7355533865042198,0.7355533865042198,-1.3757179041643317,1101,TEM,growth,CEC
-0.7083503794062735,-0.7083503794062735,0.06818586174616162,1110,TEM,growth,CEC
