MAE,Last MAE,Step,Enzyme,Linear MAE,Linear Last MAE
0.4626230113772826,2.7663170051480495,1,DHFR,0.5065225361284691,1.066914306108965
0.47481665126699374,3.058551141755165,2,DHFR,0.23504033090765644,0.23223008924935185
0.13291720407165977,0.3179468469436446,3,DHFR,0.1659816670538261,0.42982755742173406
0.1123694364815759,3.5958219674104277,4,DHFR,0.11247147545226,0.11247147545226088
