"id","effect","muts","cv","colors"
"00000",1,0,NA,"#FF7871"
"00001",1,1,NA,"#FF7871"
"00010",1,1,NA,"#FF7871"
"00100",1,1,NA,"#FF7871"
"01000",1,1,NA,"#FF7871"
"10000",1,1,NA,"#FF7871"
"00011",1.11219001577037,2,NA,"#FF6A62"
"00101",1.060496000149,2,NA,"#FF716A"
"00110",0.97247340208873,2,NA,"#FF7C75"
"01001",1.16291235101443,2,NA,"#FF635B"
"01010",1.12989444932019,2,NA,"#FF665F"
"01100",1.14716018354563,2,NA,"#FF665F"
"10001",1.18772156619918,2,NA,"#FF5F57"
"10010",0.995668893107606,2,NA,"#FF7871"
"10100",0.88989693901154,2,NA,"#FF8680"
"11000",1.07718466128527,2,NA,"#FF6D66"
"00111",0.992531218013889,3,NA,"#FF665F"
"01011",0.856215676340495,3,NA,"#FF5850"
"01101",0.92881610762727,3,NA,"#FF4E45"
"01110",0.945968811076864,3,NA,"#FF5F57"
"10011",0.253798768976892,3,NA,"#FFD0CE"
"10101",0.464009542415801,3,NA,"#FFB8B4"
"10110",0.0354911951323939,3,NA,"#FFFBFB"
"11001",0.854972993501562,3,NA,"#FF554C"
"11010",0.90903395335859,3,NA,"#FF6A62"
"11100",0.749190479271721,3,NA,"#FF918B"
"01111",1.02522086089066,4,NA,"#FF4E45"
"10111",0.802648467879523,4,NA,"#FFFFFF"
"11011",0.0531525811491188,4,NA,"#FFFBFB"
"11101",0.0208353305156044,4,NA,"#FFFFFF"
"11110",0.133833124355166,4,NA,"#FFFFFF"
"11111",3942.95633286587,5,NA,"#FFFFFF"
