"id","effect","muts","cv","colors","enz"
"00000",0,0,NA,"#FFFFFF","DHFR"
"00001",-0.0589857562944303,1,NA,"#FBFEFF","DHFR"
"00010",-0.000869458712628891,1,NA,"#FFFFFF","DHFR"
"00100",-0.00700490156865849,1,NA,"#FFFFFF","DHFR"
"01000",-0.0685421293109949,1,NA,"#FBFEFF","DHFR"
"10000",-0.0227337875727074,1,NA,"#FFFFFF","DHFR"
"00011",-0.0136762229492347,2,NA,"#FFFFFF","DHFR"
"00101",-0.0404816230270017,2,NA,"#FBFEFF","DHFR"
"00110",-0.0199966284162537,2,NA,"#FFFFFF","DHFR"
"01001",-0.0619809025237897,2,NA,"#FBFEFF","DHFR"
"01010",-0.0163737128754655,2,NA,"#FFFFFF","DHFR"
"01100",-0.0159229660971692,2,NA,"#FFFFFF","DHFR"
"10001",-0.00700490156865849,2,NA,"#FFFFFF","DHFR"
"10010",-0.0254883072626717,2,NA,"#FFFFFF","DHFR"
"10100",-0.080398976215889,2,NA,"#FBFEFF","DHFR"
"11000",-0.0589857562944303,2,NA,"#FBFEFF","DHFR"
"00111",-0.0105501823333082,3,NA,"#FFFFFF","DHFR"
"01011",-0.0310503190186574,3,NA,"#FBFEFF","DHFR"
"01101",-0.0159229660971692,3,NA,"#FFFFFF","DHFR"
"01110",0,3,NA,"#FFFFFF","DHFR"
"10011",-0.559090917934782,3,NA,"#D9F7FF","DHFR"
"10101",-0.372634143407267,3,NA,"#E8FAFF","DHFR"
"10110",-1.54515513999149,3,NA,"#9EEAFF","DHFR"
"11001",-0.0457574905606751,3,NA,"#FBFEFF","DHFR"
"11010",-0.0501222959631252,3,NA,"#FBFEFF","DHFR"
"11100",-0.182434630440219,3,NA,"#F3FCFF","DHFR"
"01111",-0.0136762229492347,4,NA,"#FFFFFF","DHFR"
"10111",-2.48545224733971,4,NA,"#62DDFF","DHFR"
"11011",-1.92811799269387,4,NA,"#84E4FF","DHFR"
"11101",-2.19044028536473,4,NA,"#75E1FF","DHFR"
"11110",-2.53313237964589,4,NA,"#5FDCFF","DHFR"
"11111",-2.92445303860747,5,NA,"#45D7FF","DHFR"
