genotype,avg,pos,mutations,likely,enzyme_name,measure_type,cond
x0000,-0.022733787572707352,p21,1,FALSE,DHFR,kcat,trajr
0x000,-0.06854212931099495,p26,1,FALSE,DHFR,kcat,trajr
00x00,-0.007004901568658489,p28,1,TRUE,DHFR,kcat,trajr
000x0,-8.694587126288914e-4,p30,1,FALSE,DHFR,kcat,trajr
0000x,-0.05898575629443027,p94,1,FALSE,DHFR,kcat,trajr
xx000,0.032290160589272025,p21|p26,2,FALSE,DHFR,kcat,trajr
x0x00,-0.050660287074523185,p21|p28,2,FALSE,DHFR,kcat,trajr
x00x0,-0.001885060977335408,p21|p30,2,FALSE,DHFR,kcat,trajr
x000x,0.07471464229847913,p21|p94,2,FALSE,DHFR,kcat,trajr
0xx00,0.05962406478248419,p26|p28,2,FALSE,DHFR,kcat,trajr
0x0x0,0.05303787514815834,p26|p30,2,FALSE,DHFR,kcat,trajr
0x00x,0.06554698308163551,p26|p94,2,FALSE,DHFR,kcat,trajr
00xx0,-0.012122268134966297,p28|p30,2,TRUE,DHFR,kcat,trajr
00x0x,0.025509034836087026,p28|p94,2,FALSE,DHFR,kcat,trajr
000xx,0.046178992057824476,p30|p94,2,FALSE,DHFR,kcat,trajr
xxx00,-0.12540775028509146,p21|p26|p28,3,FALSE,DHFR,kcat,trajr
xx0x0,-0.04141989512688896,p21|p26|p30,3,FALSE,DHFR,kcat,trajr
xx00x,-0.06804760335192922,p21|p26|p94,3,FALSE,DHFR,kcat,trajr
x0xx0,-1.4498793759506703,p21|p28|p30,3,FALSE,DHFR,kcat,trajr
x0x0x,-0.3334730880315142,p21|p28|p94,3,FALSE,DHFR,kcat,trajr
x00xx,-0.5955104887339839,p21|p30|p94,3,FALSE,DHFR,kcat,trajr
0xxx0,-0.024123182203393906,p26|p28|p30,3,FALSE,DHFR,kcat,trajr
0xx0x,-0.03207026162329226,p26|p28|p94,3,FALSE,DHFR,kcat,trajr
0x0xx,-0.06741682498822157,p26|p30|p94,3,FALSE,DHFR,kcat,trajr
00xxx,-0.003255824516535749,p28|p30|p94,3,FALSE,DHFR,kcat,trajr
xxxx0,-0.8734363832479459,p21|p26|p28|p30,4,FALSE,DHFR,kcat,trajr
xxx0x,-1.681199605839549,p21|p26|p28|p94,4,FALSE,DHFR,kcat,trajr
xx0xx,-1.2744756408001234,p21|p26|p30|p94,4,FALSE,DHFR,kcat,trajr
x0xxx,-0.09547461896415044,p21|p28|p30|p94,4,FALSE,DHFR,kcat,trajr
0xxxx,0.01081743449769815,p26|p28|p30|p94,4,FALSE,DHFR,kcat,trajr
xxxxx,3.5958219674104273,p21|p26|p28|p30|p94,5,FALSE,DHFR,kcat,trajr
