"positions","effects","identity","mut","condition"
"p51",6.02118929906994,"x000","1","c59_DHFR_ic50_c59"
"p51",15.5899016534778,"x001","2","c59_DHFR_ic50_c59"
"p51",0,"x010","2","c59_DHFR_ic50_c59"
"p51",-0.123205023799299,"x011","3","c59_DHFR_ic50_c59"
"p51",0.293109512027884,"x100","2","c59_DHFR_ic50_c59"
"p51",-0.556450496843657,"x101","3","c59_DHFR_ic50_c59"
"p51",0.0809219076239261,"x110","3","c59_DHFR_ic50_c59"
"p51",0.123205023799299,"x111","4","c59_DHFR_ic50_c59"
"p59",-0.0809219076239261,"0x00","1","c59_DHFR_ic50_c59"
"p59",0.556450496843657,"0x01","2","c59_DHFR_ic50_c59"
"p59",0,"0x10","2","c59_DHFR_ic50_c59"
"p59",-0.123205023799299,"0x11","3","c59_DHFR_ic50_c59"
"p59",-5.80900169466598,"1x00","2","c59_DHFR_ic50_c59"
"p59",-15.5899016534778,"1x01","3","c59_DHFR_ic50_c59"
"p59",0.0809219076239261,"1x10","3","c59_DHFR_ic50_c59"
"p59",0.123205023799299,"1x11","4","c59_DHFR_ic50_c59"
"p108",-0.0809219076239261,"00x0","1","c59_DHFR_ic50_c59"
"p108",-0.212187604403958,"00x1","2","c59_DHFR_ic50_c59"
"p108",0,"01x0","2","c59_DHFR_ic50_c59"
"p108",-0.891843125046914,"01x1","3","c59_DHFR_ic50_c59"
"p108",-6.10211120669386,"10x0","2","c59_DHFR_ic50_c59"
"p108",-15.925294281681,"10x1","3","c59_DHFR_ic50_c59"
"p108",-0.212187604403958,"11x0","3","c59_DHFR_ic50_c59"
"p108",-0.212187604403958,"11x1","4","c59_DHFR_ic50_c59"
"p164",0.212187604403958,"000x","1","c59_DHFR_ic50_c59"
"p164",0.0809219076239261,"001x","2","c59_DHFR_ic50_c59"
"p164",0.849560008871541,"010x","2","c59_DHFR_ic50_c59"
"p164",-0.0422831161753733,"011x","3","c59_DHFR_ic50_c59"
"p164",9.78089995881179,"100x","2","c59_DHFR_ic50_c59"
"p164",-0.0422831161753733,"101x","3","c59_DHFR_ic50_c59"
"p164",0,"110x","3","c59_DHFR_ic50_c59"
"p164",0,"111x","4","c59_DHFR_ic50_c59"
