"genotype","predicted effect"
"NCSI",-0.661607700207777
"NCSL",0.873827146827317
"NCNI",0.580707511971095
"NCNL",-0.661607700207777
"NRSI",0.580707511971096
"NRSL",0.106965897749241
"NRNI",-0.74250788844446
"NRNL",0.538124958170178
"ICSI",6.68146941605251
"ICSL",15.1406575835487
"ICNI",-0.742507888444459
"ICNL",0.538124958170181
"IRSI",-0.449388253588238
"IRSL",0.873827146827318
"IRNI",0.661607700207777
"IRNL",-0.661607700207777
