genotype,avg,pos,mutations
x000,6.021189299069938,p51,1
x001,15.589901653477774,p51,1
x010,0,p51,1
x011,-0.12320502379929942,p51,1
x100,0.29310951202788393,p51,1
x101,-0.5564504968436567,p51,1
x110,0.08092190762392612,p51,1
x111,0.12320502379929942,p51,1
0x00,-0.08092190762392612,p59,1
0x01,0.5564504968436567,p59,1
0x10,0,p59,1
0x11,-0.12320502379929942,p59,1
1x00,-5.80900169466598,p59,1
1x01,-15.589901653477774,p59,1
1x10,0.08092190762392612,p59,1
1x11,0.12320502379929942,p59,1
00x0,-0.08092190762392612,p108,1
00x1,-0.21218760440395779,p108,1
01x0,0,p108,1
01x1,-0.8918431250469139,p108,1
10x0,-6.1021112066938645,p108,1
10x1,-15.925294281681031,p108,1
11x0,-0.21218760440395779,p108,1
11x1,-0.21218760440395779,p108,1
000x,0.21218760440395779,p164,1
001x,0.08092190762392612,p164,1
010x,0.8495600088715406,p164,1
011x,-0.042283116175373295,p164,1
100x,9.780899958811794,p164,1
101x,-0.042283116175373295,p164,1
110x,0,p164,1
111x,0,p164,1
xx00,-5.728079787042054,p51|p59,2
xx01,-16.14635215032143,p51|p59,2
xx10,0.08092190762392612,p51|p59,2
xx11,0.24641004759859883,p51|p59,2
x0x0,-6.021189299069938,p51|p108,2
x0x1,-15.713106677277073,p51|p108,2
x1x0,-0.2121876044039578,p51|p108,2
x1x1,0.6796555206429561,p51|p108,2
x00x,9.568712354407836,p51|p164,2
x01x,-0.12320502379929942,p51|p164,2
x10x,-0.8495600088715406,p51|p164,2
x11x,0.042283116175373295,p51|p164,2
0xx0,0.08092190762392612,p59|p108,2
0xx1,-0.6796555206429561,p59|p108,2
1xx0,5.889923602289906,p59|p108,2
1xx1,15.713106677277073,p59|p108,2
0x0x,0.6373724044675828,p59|p164,2
0x1x,-0.12320502379929942,p59|p164,2
1x0x,-9.780899958811794,p59|p164,2
1x1x,0.042283116175373295,p59|p164,2
00xx,-0.13126569678003167,p108|p164,2
01xx,-0.8918431250469139,p108|p164,2
10xx,-9.823183074987167,p108|p164,2
11xx,0,p108|p164,2
xxx0,5.80900169466598,p51|p59|p108,3
xxx1,16.392762197920028,p51|p59|p108,3
xx0x,-10.418272363279376,p51|p59|p164,3
xx1x,0.1654881399746727,p51|p59|p164,3
x0xx,-9.691917378207135,p51|p108|p164,3
x1xx,0.8918431250469139,p51|p108|p164,3
0xxx,-0.7605774282668822,p59|p108|p164,3
1xxx,9.823183074987167,p59|p108|p164,3
xxxx,10.583760503254048,p51|p59|p108|p164,4
