pos,mutations,idiosync
p51,Order 1,11.27154988708996
p59,Order 1,11.284417751113793
p108,Order 1,11.261841185446057
p164,Order 1,6.835094521108173
p51|p59,Order 2,15.384558174373225
p51|p108,Order 2,15.081728605540212
p51|p164,Order 2,9.909202416289949
p59|p108,Order 2,15.133463223822263
p59|p164,Order 2,9.987765713242254
p108|p164,Order 2,9.514692399290343
p51|p59|p108,Order 3,14.967697644610569
p51|p59|p164,Order 3,14.96769764461057
p51|p108|p164,Order 3,14.96769764461057
p59|p108|p164,Order 3,14.96769764461057
