"model_order","R2","(Adjusted)","Delta R2"
"order1","0.385252418573724","0.161707843509623","0.385252418573724"
"order2","0.78654316878594","0.359629506357821","0.401290750212216"
"order3","0.972497133540323","0.587457003104844","0.185953964754383"
