"indices","effect"
"INTERCEPT",1.41604954377468
"51",2.67844665309214
"59",-2.60516674437809
"108",-2.95451559974568
"164",1.35497898516998
"51|59",-2.69315954964389
"51|108",-2.65822160603297
"51|164",1.07997626835773
"59|108",2.62539179143726
"59|164",-1.15325617707179
"108|164",-1.35604521501127
"51|59|108",2.77512596772185
"51|59|164",-1.28169907645593
"51|108|164",-1.1002013154169
"59|108|164",1.13303113001261
