"genotype","predicted effect"
"MEGN",-0.24066348620322
"MEGD",0.222482093373884
"MESN",0.043437211495196
"MESD",0.00237456248307405
"MKGN",0.0906967438929888
"MKGD",-0.0231795419893141
"MKSN",-0.179965645849608
"MKSD",-1.73814721472684
"LEGN",-0.282215259077118
"LEGD",-0.38453904196092
"LESN",0.126692434822799
"LESD",0.282056171361445
"LKGN",-0.0945354505249816
"LKGD",0.512505092739719
"LKSN",0.44748936223507
"LKSD",0.372120370516515
