pos,mutations,idiosync
p69,Order 1,1.9265334766518103
p104,Order 1,1.8571116936135357
p238,Order 1,1.8357240081305308
p276,Order 1,1.6671545716668044
p69|p104,Order 2,2.7892123337448083
p69|p238,Order 2,2.5193847870500403
p69|p276,Order 2,2.8147433357597573
p104|p238,Order 2,2.5984026169369
p104|p276,Order 2,2.88568475421161
p238|p276,Order 2,2.6257895504389417
p69|p104|p238,Order 3,5.445593058505348
p69|p104|p276,Order 3,5.445593058505347
p69|p238|p276,Order 3,5.445593058505347
p104|p238|p276,Order 3,5.445593058505348
