"model_order","R2","(Adjusted)","Delta R2"
"order1","0.108284838922019","-0.215975219651793","0.108284838922019"
"order2","0.634118551944853","-0.0976443441654418","0.525833713022834"
"order3","0.814187627372963","-1.78718558940555","0.18006907542811"
