"indices","sign","effect"
"238|276",1,0.458445716223655
"104|276",1,0.385632079353474
"104|238",1,0.407890857371867
"104|238|276",0,-1.61343629108247
"69|276",0,0.397184582351974
"69|238",1,1.08746094101438
"69|238|276",1,0.779679097975923
"69|104",1,0.818973523268807
"69|104|276",1,0.962868486956404
"69|104|238",1,1.07689763833044
"69|104|238|276",1,1.50103701184766
