p69,x000,1,0,TEM,growth,FEP
p69,x001,2,0.3971845823519744,TEM,growth,FEP
p69,x010,2,1.087460941014381,TEM,growth,FEP
p69,x011,3,0.32123338175226823,TEM,growth,FEP
p69,x100,2,0.8189735232688067,TEM,growth,FEP
p69,x101,3,0.5772364076029304,TEM,growth,FEP
p69,x110,3,0.6690067809585757,TEM,growth,FEP
p69,x111,4,3.1144733029301346,TEM,growth,FEP
p104,0x00,1,0,TEM,growth,FEP
p104,0x01,2,0.38563207935347366,TEM,growth,FEP
p104,0x10,2,0.407890857371867,TEM,growth,FEP
p104,0x11,3,-2.0718820073061255,TEM,growth,FEP
p104,1x00,2,0.8189735232688066,TEM,growth,FEP
p104,1x01,3,0.5656839046044296,TEM,growth,FEP
p104,1x10,3,-0.010563302683938264,TEM,growth,FEP
p104,1x11,4,0.7213579138717414,TEM,growth,FEP
p238,00x0,1,0,TEM,growth,FEP
p238,00x1,2,0.45844571622365515,TEM,growth,FEP
p238,01x0,2,0.4078908573718669,TEM,growth,FEP
p238,01x1,3,-1.9990683704359442,TEM,growth,FEP
p238,10x0,2,1.087460941014381,TEM,growth,FEP
p238,10x1,3,0.3824945156239491,TEM,growth,FEP
p238,11x0,3,0.25792411506163604,TEM,growth,FEP
p238,11x1,4,0.5381685248912608,TEM,growth,FEP
p276,000x,1,0,TEM,growth,FEP
p276,001x,2,0.45844571622365515,TEM,growth,FEP
p276,010x,2,0.38563207935347366,TEM,growth,FEP
p276,011x,3,-2.021327148454337,TEM,growth,FEP
p276,100x,2,0.39718458235197435,TEM,growth,FEP
p276,101x,3,-0.3077818430384575,TEM,growth,FEP
p276,110x,3,0.14389496368759738,TEM,growth,FEP
p276,111x,4,0.4241393735172221,TEM,growth,FEP
