MAE,Last MAE,Step,Enzyme,Linear MAE,Linear Last MAE
0.48816645028300515,0.142639269766752,1,MPH,0.2571166654070062,0.7856025941420137
0.539296059676843,3.922254173711181,2,MPH,0.1617162918628099,0.29919427191949133
0.041026661401874595,0.5268532606298257,3,MPH,0.05889167966215766,0.09420579120090888
0.015101314993901396,0.48324207980484335,4,MPH,0.04423991867813453,0.030823838103304208
5.51316804708879e-17,4.440892098500626e-16,5,MPH,0.043406384827991334,0.035607098070703724
