"id","effect","muts","cv","colors"
"00000",1,0,0.0390736233555345,"#FF746D"
"00001",1,1,0.0230188600512569,"#FF746D"
"00010",1,1,0.00431943895198047,"#FF746D"
"00100",1,1,0.00442673910022134,"#FF746D"
"01000",1,1,0.0713978582385667,"#FF746D"
"10000",1,1,0.00197690115447048,"#FF746D"
"00011",0.456441992663325,2,0.00246649891186504,"#FFBFBC"
"00101",0.156798425455142,2,0.114933030287521,"#FFE9E8"
"00110",1.28919860627178,2,0.0392041541712864,"#FF4E45"
"01001",0.974554775318399,2,0.00401695100523947,"#FF7871"
"01010",0.964265456608055,2,0.0840237985424303,"#FF7C75"
"01100",0.522702104097453,2,0.0165463458665108,"#FFB8B4"
"10001",0.0518446557482149,2,0.0343305605084883,"#FFF7F7"
"10010",0.300882496004447,2,0.009131157803413,"#FFD4D2"
"10100",0.125356125356125,2,0.0582178815994281,"#FFEDEC"
"11000",0.971752909737406,2,0.0656974015204296,"#FF7871"
"00111",3.74598965317963,3,0.158041325656749,"#FFD0CE"
"01011",1.04252635499111,3,0.0971056704103475,"#FFC2BF"
"01101",1.59022063066546,3,0.146890275878567,"#FFEDEC"
"01110",0.964374444234863,3,0.142238102777475,"#FFAAA5"
"10011",19.4403392748301,3,0.0461295557123478,"#FFEDEC"
"10101",9.58366715943139,3,0.315857974705099,"#FFFFFF"
"10110",1.21877351317305,3,0.154652448883578,"#FFF7F7"
"11001",4.38973036837412,3,0.111574812905035,"#FFE2E1"
"11010",2.75604152258216,3,0.172466866842406,"#FF948F"
"11100",1.70949789448802,3,0.151354114835684,"#FFF0F0"
"01111",0.863716293033703,4,0.805859651402101,"#FFDFDD"
"10111",0.627524667194087,4,0.943880705988096,"#FFF0F0"
"11011",0.709892427073326,4,0.660057692692447,"#FF635B"
"11101",1.36566165038077,4,1.03002277876948,"#FFF4F3"
"11110",1.72127891044381,4,0.895236833869659,"#FFDFDD"
"11111",0.328668376980649,5,6.27057342461421,"#FF9B96"
