"model_order","R2","(Adjusted)","Delta R2"
"order1","0.683574531548248","0.665995338856484","0.683574531548248"
"order2","0.876717086734514","0.853601540497236","0.193142555186266"
"order3","0.984335284817254","0.978740743680559","0.10761819808274"
"order4","0.989721627969459","0.984977763955364","0.00538634315220543"
"order5","0.990329677129637","0.985645614489305","0.000608049160178425"
