"id","effect","muts","cv","colors","enz"
"00000",0,0,0.0390736233555345,"#FFFFFF","MPH"
"00001",0.940018155007663,1,0.0230188600512569,"#FFB4B0","MPH"
"00010",-0.387216143280265,1,0.00431943895198047,"#DDF7FF","MPH"
"00100",0.544068044350276,1,0.00442673910022134,"#FFD4D2","MPH"
"01000",0.41161970596323,1,0.0713978582385667,"#FFDFDD","MPH"
"10000",0.846337112129805,1,0.00197690115447048,"#FFBBB8","MPH"
"00011",0.212187604403958,2,0.00246649891186504,"#FFEDEC","MPH"
"00101",0.679427896612119,2,0.114933030287521,"#FFC9C7","MPH"
"00110",0.267171728403014,2,0.0392041541712864,"#FFE9E8","MPH"
"01001",1.34044411484012,2,0.00401695100523947,"#FF948F","MPH"
"01010",0.00860017176191757,2,0.0840237985424303,"#FFFFFF","MPH"
"01100",0.673941998634088,2,0.0165463458665108,"#FFC9C7","MPH"
"10001",0.501059262217751,2,0.0343305605084883,"#FFD8D6","MPH"
"10010",-0.0624821079826534,2,0.009131157803413,"#FBFEFF","MPH"
"10100",0.488550716500444,2,0.0582178815994281,"#FFD8D6","MPH"
"11000",1.24551266781415,2,0.0656974015204296,"#FF9B96","MPH"
"00111",0.635483746814912,3,0.00143764228607614,"#FFCDCA","MPH"
"01011",0.614897216033135,3,0.00659842195081269,"#FFCDCA","MPH"
"01101",0.999565488225982,3,0.0113939487192958,"#FFADA9","MPH"
"01110",0.3654879848909,3,0.00246380419724755,"#FFE2E1","MPH"
"10011",0.540329474790874,3,0.000201338488581431,"#FFD4D2","MPH"
"10101",0.320146286111054,3,0.108376502309661,"#FFE6E4","MPH"
"10110",-0.224025668870631,3,0.0480992553094508,"#ECFBFF","MPH"
"11001",1.53147891704226,3,0.00752989987087724,"#FF837C","MPH"
"11010",0.761175813155731,3,0.0136145089761332,"#FFC2BF","MPH"
"11100",0.838849090737255,3,0.0108924858493153,"#FFBBB8","MPH"
"01111",0.878521795501206,4,0.000393497894108544,"#FFB8B4","MPH"
"10111",0.926856708949692,4,0.0109161177483198,"#FFB4B0","MPH"
"11011",1.86451108105839,4,0.0331144185304447,"#FF6A62","MPH"
"11101",1.63848925695464,4,0.0106034296574731,"#FF7C75","MPH"
"11110",0.770852011642144,4,0.00170456102701801,"#FFC2BF","MPH"
"11111",2.21218760440396,5,0.0106368330685336,"#FF4E45","MPH"
