"indices","effect"
"INTERCEPT",0.695703471144405
"72",0.375808935056442
"193",0.621873343962142
"258",0.102652857901662
"271",-0.222835849876328
"273",0.581222273070559
"72|193",0.321123944744002
"72|258",-0.136240596914958
"72|271",0.148403244641697
"72|273",0.027486903296656
"193|258",-0.0237563544891894
"193|271",0.0737499207543874
"193|273",0.17238996562187
"258|271",0.183045555964049
"258|273",-0.0120145070687683
"271|273",0.218628567895298
"72|193|258",0.0748195010878634
"72|193|271",0.0909133859328418
"72|193|273",0.127300601507893
"72|258|271",-0.00438696313688812
"72|258|273",0.208653679691113
"72|271|273",0.247718683806401
"193|258|271",-0.0136151219565498
"193|258|273",0.0280468943570695
"193|271|273",-0.0550459249615804
"258|271|273",0.0823953899126373
"72|193|258|271",-0.00165600596390246
"72|193|258|273",-0.0135584060597334
"72|193|271|273",-0.0492975163290142
"72|258|271|273",-0.056202531952404
"193|258|271|273",-0.038997562292363
"72|193|258|271|273",-0.0286995598043971
