"id","effect","muts","cv","colors","enz"
"00000",0,0,NA,"#FFFFFF","MPH"
"00001",0.0899051114393979,1,NA,"#FFF0F0","MPH"
"00010",-0.653647025549361,1,NA,"#9EEAFF","MPH"
"00100",0.951337518795918,1,NA,"#FF7871","MPH"
"01000",0.235528446907549,1,NA,"#FFDFDD","MPH"
"10000",0.434568904034199,1,NA,"#FFC2BF","MPH"
"00011",-0.326058001365912,2,NA,"#CEF4FF","MPH"
"00101",0.980003371583746,2,NA,"#FF746D","MPH"
"00110",0.181843587944773,2,NA,"#FFE6E4","MPH"
"01001",0.387389826338729,2,NA,"#FFC9C7","MPH"
"01010",-0.375717904164332,2,NA,"#C7F3FF","MPH"
"01100",1.1430148002541,2,NA,"#FF5F57","MPH"
"10001",-0.0305840876460186,2,NA,"#FBFEFF","MPH"
"10010",-0.399027104313252,2,NA,"#C3F2FF","MPH"
"10100",0.653212513775344,2,NA,"#FFA29E","MPH"
"11000",0.535294120042771,2,NA,"#FFB4B0","MPH"
"00111",0.46686762035411,3,NA,"#FFBBB8","MPH"
"01011",-0.113509274827518,3,NA,"#ECFBFF","MPH"
"01101",1.18752072083646,3,NA,"#FF5850","MPH"
"01110",0.526339277389844,3,NA,"#FFB4B0","MPH"
"10011",0.0334237554869497,3,NA,"#FFFBFB","MPH"
"10101",0.260071387985075,3,NA,"#FFDBD9","MPH"
"10110",0.0969100130080564,3,NA,"#FFF0F0","MPH"
"11001",0.496929648073215,3,NA,"#FFB8B4","MPH"
"11010",0.0453229787866575,3,NA,"#FFF7F7","MPH"
"11100",0.864511081058392,3,NA,"#FF8680","MPH"
"01111",0.707570176097936,4,NA,"#FF9B96","MPH"
"10111",0.737192642704737,4,NA,"#FF9893","MPH"
"11011",0.83695673705955,4,NA,"#FF8A84","MPH"
"11101",1.0899051114394,4,NA,"#FF665F","MPH"
"11110",0.714329759745233,4,NA,"#FF9B96","MPH"
"11111",1.26007138798507,5,NA,"#FF4E45","MPH"
