"indices","effect"
"INTERCEPT",0.4067961594144
"72",0.140043787324371
"193",0.379089792799081
"258",0.663995302540973
"271",-0.346233740535983
"273",0.194364697864315
"72|193",0.128104307095319
"72|258",-0.198580434268819
"72|271",0.223892676998561
"72|273",0.0229908417545074
"193|258",0.0166381645327536
"193|271",0.0538924134262115
"193|273",0.0761617737585137
"258|271",0.041427235473649
"258|273",0.000348285512544523
"271|273",0.238905484716598
"72|193|258",0.0215254312615673
"72|193|271",0.0359588758518936
"72|193|273",0.0875839228537095
"72|258|271",0.0661147553599943
"72|258|273",0.0368654655004475
"72|271|273",0.146266194666983
"193|258|271",-0.0182461864564444
"193|258|273",-0.0216566376575488
"193|271|273",-0.0642282277000177
"258|271|273",-0.0205486708299708
"72|193|258|271",-0.0468135525016267
"72|193|258|273",-0.0110905202760661
"72|193|271|273",-0.0333569946582438
"72|258|271|273",-0.0261801702171655
"193|258|271|273",-0.0398604421904694
