genotype,avg,pos,mutations,likely,enzyme_name,measure_type,cond
x0000,0.43456890403419873,p72,1,FALSE,MPH,catact,NiPTM
0x000,0.2355284469075489,p193,1,FALSE,MPH,catact,NiPTM
00x00,0.9513375187959177,p258,1,TRUE,MPH,catact,NiPTM
000x0,-0.6536470255493614,p271,1,FALSE,MPH,catact,NiPTM
0000x,0.08990511143939793,p273,1,FALSE,MPH,catact,NiPTM
xx000,-0.1348032308989771,p72|p193,2,FALSE,MPH,catact,NiPTM
x0x00,-0.7326939090547726,p72|p258,2,FALSE,MPH,catact,NiPTM
x00x0,-0.17994898279808907,p72|p271,2,FALSE,MPH,catact,NiPTM
x000x,-0.5550581031196152,p72|p273,2,FALSE,MPH,catact,NiPTM
0xx00,-0.04385116544937137,p193|p258,2,TRUE,MPH,catact,NiPTM
0x0x0,0.042400674477480776,p193|p271,2,FALSE,MPH,catact,NiPTM
0x00x,0.06195626799178258,p193|p273,2,FALSE,MPH,catact,NiPTM
00xx0,-0.11584690530178376,p258|p271,2,FALSE,MPH,catact,NiPTM
00x0x,-0.061239258651569206,p258|p273,2,FALSE,MPH,catact,NiPTM
000xx,0.2376839127440512,p271|p273,2,FALSE,MPH,catact,NiPTM
xxx00,0.15442451672384777,p72|p193|p258,3,FALSE,MPH,catact,NiPTM
xx0x0,0.30122419261385663,p72|p193|p271,3,FALSE,MPH,catact,NiPTM
xx00x,0.3648322517188792,p72|p193|p273,3,FALSE,MPH,catact,NiPTM
x0xx0,0.39314041288194684,p72|p258|p271,3,FALSE,MPH,catact,NiPTM
x0x0x,0.13325112454151755,p72|p258|p273,3,FALSE,MPH,catact,NiPTM
x00xx,0.6599199387363677,p72|p271|p273,3,FALSE,MPH,catact,NiPTM
0xxx0,0.11041773350941317,p193|p258|p271,3,FALSE,MPH,catact,NiPTM
0xx0x,-0.04611620019724341,p193|p258|p273,3,TRUE,MPH,catact,NiPTM
0x0xx,-0.12733666283841813,p193|p271|p273,3,FALSE,MPH,catact,NiPTM
00xxx,0.018674266877457102,p258|p271|p273,3,FALSE,MPH,catact,NiPTM
xxxx0,-0.04792142114662212,p72|p193|p258|p271,4,FALSE,MPH,catact,NiPTM
xxx0x,0.23786283665785674,p72|p193|p258|p273,4,TRUE,MPH,catact,NiPTM
xx0xx,0.0597310416004479,p72|p193|p271|p273,4,FALSE,MPH,catact,NiPTM
x0xxx,0.11714563712907405,p72|p258|p271|p273,4,FALSE,MPH,catact,NiPTM
0xxxx,0.00770346134263436,p193|p258|p271|p273,4,FALSE,MPH,catact,NiPTM
xxxxx,-0.6531739977327784,p72|p193|p258|p271|p273,5,TRUE,MPH,catact,NiPTM
