"genotype","predicted effect"
"MEGN",-0.265171241051709
"MEGD",0.00315856738514019
"MESN",0.158377994111557
"MESD",0.123994843312823
"MKGN",0.401891808208116
"MKGD",-0.677460276032799
"MKSN",-0.292968402672644
"MKSD",-1.77866032847293
"LEGN",-1.7589376225465
"LEGD",-2.35135738866799
"LESN",-0.281094207148878
"LESD",-1.89977265722817
"LKGN",-0.373076638361229
"LKGD",-1.89787202188874
"LKSN",0.647188283626577
"LKSD",-2.00749266618253
