"id","effect","muts","cv","colors","enz"
"0000",0,0,NA,"#FFFFFF","TEM"
"0001",-0.262012673666569,1,NA,"#E8FAFF","TEM"
"0010",-0.106793246940152,1,NA,"#F7FDFF","TEM"
"0100",0.136720567156407,1,NA,"#FFF4F3","TEM"
"1000",-2.02410886359821,1,NA,"#50D9FF","TEM"
"0011",0.389166084364532,2,NA,"#FFDFDD","TEM"
"0101",-0.412289034981089,2,NA,"#D9F7FF","TEM"
"0110",-0.0277971616209356,2,NA,"#FBFEFF","TEM"
"1001",-2.08618614761628,2,NA,"#4CD8FF","TEM"
"1010",-0.0159229660971692,2,NA,"#FFFFFF","TEM"
"1100",-0.10790539730952,2,NA,"#F7FDFF","TEM"
"0111",-2.04383156952464,3,NA,"#50D9FF","TEM"
"1011",-2.16494389827988,3,NA,"#45D7FF","TEM"
"1101",-2.16304326294045,3,NA,"#45D7FF","TEM"
"1110",0.382017042574868,3,NA,"#FFDFDD","TEM"
"1111",-1.74232142513082,4,NA,"#6ADFFF","TEM"
