"id","effect","muts","cv","colors"
"0000",1,0,NA,"#FFFFFF"
"0001",1,1,NA,"#FFFFFF"
"0010",1,1,NA,"#FFFFFF"
"0100",1,1,NA,"#FFFFFF"
"1000",1,1,NA,"#FFFFFF"
"0011",5.72759109207629,2,NA,"#FFFBFB"
"0101",0.516420021617582,2,NA,"#FFFFFF"
"0110",0.875539044561017,2,NA,"#FFFFFF"
"1001",1.58465742412003,2,NA,"#FFFFFF"
"1010",130.310419967233,2,NA,"#FF9F9A"
"1100",60.1842564157961,2,NA,"#FFD0CE"
"0111",0.0154260162289199,3,NA,"#FFFFFF"
"1011",1.69032761227949,3,NA,"#FFFFFF"
"1101",0.969075708002904,3,NA,"#FFFFFF"
"1110",237.792737166484,3,NA,"#FF4E45"
"1111",3.26492186176835,4,NA,"#FFFBFB"
