p69,x000,1,0,TEM,growth,CEC
p69,x001,2,0.199935389648493,TEM,growth,CEC
p69,x010,2,2.11497914444119,TEM,growth,CEC
p69,x011,3,-0.5300011190462093,TEM,growth,CEC
p69,x100,2,1.7794828991322809,TEM,growth,CEC
p69,x101,3,0.2733546356388463,TEM,growth,CEC
p69,x110,3,2.4339230677940114,TEM,growth,CEC
p69,x111,4,2.3256190079920285,TEM,growth,CEC
p104,0x00,1,0,TEM,growth,CEC
p104,0x01,2,-0.28699692847092617,TEM,growth,CEC
p104,0x10,2,-0.05772448183719038,TEM,growth,CEC
p104,0x11,3,-2.569718221045576,TEM,growth,CEC
p104,1x00,2,1.7794828991322809,TEM,growth,CEC
p104,1x01,3,-0.21357768248057296,TEM,growth,CEC
p104,1x10,3,0.26121944151563087,TEM,growth,CEC
p104,1x11,4,0.28590190599266163,TEM,growth,CEC
p238,00x0,1,0,TEM,growth,CEC
p238,00x1,2,0.7579720049712537,TEM,growth,CEC
p238,01x0,2,-0.05772448183719038,TEM,growth,CEC
p238,01x1,3,-1.5247492876033961,TEM,growth,CEC
p238,10x0,2,2.11497914444119,TEM,growth,CEC
p238,10x1,3,0.0280354962765514,TEM,growth,CEC
p238,11x0,3,0.59671568682454,TEM,growth,CEC
p238,11x1,4,0.527515084749786,TEM,growth,CEC
p276,000x,1,0,TEM,growth,CEC
p276,001x,2,0.7579720049712537,TEM,growth,CEC
p276,010x,2,-0.28699692847092617,TEM,growth,CEC
p276,011x,3,-1.7540217342371323,TEM,growth,CEC
p276,100x,2,0.1999353896484931,TEM,growth,CEC
p276,101x,3,-1.8870082585161456,TEM,growth,CEC
p276,110x,3,-1.7931251919643607,TEM,growth,CEC
p276,111x,4,-1.8623257940391147,TEM,growth,CEC
