genotype,avg,pos,mutations,likely,enzyme_name,measure_type,cond
x000,-2.024108863598207,p69,1,FALSE,TEM,growth,CEC
0x00,0.1367205671564068,p104,1,TRUE,TEM,growth,CEC
00x0,-0.10679324694015198,p238,1,FALSE,TEM,growth,CEC
000x,-0.2620126736665692,p276,1,FALSE,TEM,growth,CEC
xx00,1.7794828991322809,p69|p104,2,FALSE,TEM,growth,CEC
x0x0,2.11497914444119,p69|p238,2,FALSE,TEM,growth,CEC
x00x,0.199935389648493,p69|p276,2,FALSE,TEM,growth,CEC
0xx0,-0.05772448183719038,p104|p238,2,TRUE,TEM,growth,CEC
0x0x,-0.28699692847092617,p104|p276,2,FALSE,TEM,growth,CEC
00xx,0.7579720049712537,p238|p276,2,FALSE,TEM,growth,CEC
xxx0,-1.4605389757794596,p69|p104|p238,3,TRUE,TEM,growth,CEC
xx0x,-1.7060636531419275,p69|p104|p276,3,FALSE,TEM,growth,CEC
x0xx,-2.8449156531358923,p69|p238|p276,3,FALSE,TEM,growth,CEC
0xxx,-2.2249968107374594,p104|p238|p276,3,FALSE,TEM,growth,CEC
xxxx,4.242739856827344,p69|p104|p238|p276,4,TRUE,TEM,growth,CEC
