MAE,Last MAE,Step,Enzyme,Linear MAE,Linear Last MAE
0.22592950379425517,0.006154433785633628,1,OXA-48,0.12305978737267609,0.09601626202643732
0.597482442831425,1.6188512337680692,2,OXA-48,0.11683660963224851,0.06970822469225912
0.3549937243197988,2.399435714750179,3,OXA-48,0.09804233065552108,0.07362368027444388
0.08212432153999728,1.6238162512791532,4,OXA-48,0.043769348359044,0.012573731903753549
0.012663597951245446,0.810470268879699,5,OXA-48,0.012663597951245166,0.012663597951246164
