"genotype","predicted effect"
"LFDLKI",0.012663597951246
"LFDLKT",0.212645683774617
"LFDLQI",-0.110660706600517
"LFDLQT",-0.126998395477761
"LFDPKI",-1.99563025865246
"LFDPKT",-1.84120836637051
"LFDPQI",-0.472788649388468
"LFDPQT",-1.75981056697135
"LFGLKI",-0.241811586309101
"LFGLKT",-0.320818421493874
"LFGLQI",-0.327420201978906
"LFGLQT",-0.22520312343283
"LFGPKI",-1.84120836637052
"LFGPKT",-1.80854361529533
"LFGPQI",-1.87912468958102
"LFGPQT",-1.83811728939337
"LLDLKI",0.157598117443712
"LLDLKT",-0.125801991189716
"LLDLQI",-0.0897093107583134
"LLDLQT",0.20744449008881
"LLDPKI",-1.92287841282183
"LLDPKT",-1.81953899959678
"LLDPQI",-1.78735431622538
"LLDPQT",-1.77782138750612
"LLGLKI",-0.507329459091604
"LLGLKT",-0.240341891228325
"LLGLQI",-0.127868234002264
"LLGLQT",-0.149117180141128
"LLGPKI",-1.98327982026604
"LLGPKT",-1.93811837937857
"LLGPQI",-1.78321641939283
"LLGPQT",-1.80314858340862
"IFDLKI",0.107910333254605
"IFDLKT",-0.114015800233356
"IFDLQI",-0.345862291544655
"IFDLQT",-0.0404607595721808
"IFDPKI",-2.0230767718519
"IFDPKT",-1.71599840768971
"IFDPQI",-2.00406342618932
"IFDPQT",-1.89042638904069
"IFGLKI",-0.298916580046044
"IFGLKT",-0.507513619631339
"IFGLQI",-0.442120658069347
"IFGLQT",-0.254942642225786
"IFGPKI",-1.94078159064511
"IFGPKT",-1.98820586076138
"IFGPQI",-1.99833178635021
"IFGPQT",-1.86344448529586
"ILDLKI",-0.0345439590046627
"ILDLKT",-0.152925031754098
"ILDLQI",-0.125046297615509
"ILDLQT",0.0255008226564172
"ILDPKI",-1.88555879958643
"ILDPKT",-1.61075944499224
"ILDPQI",-1.84432160179466
"ILDPQT",-1.68428399451251
"ILGLKI",-0.387351146989571
"ILGLKT",-0.236828007197409
"ILGLQI",-0.249349075715324
"ILGLQT",-0.142259692672218
"ILGPKI",-1.86023160368394
"ILGPKT",-1.75498502308206
"ILGPQI",-1.80583772191939
"ILGPQT",-1.77514879764479
