MAE,Last MAE,Step,Enzyme,Linear MAE,Linear Last MAE
0.8091870343920355,1.359723648071968,1,TEM,0.6354375,0.464
0.41754643158397464,1.8044187923691832,2,TEM,0.2755625,0.34987499999999994
0.19199408253782682,3.0719053206052283,3,TEM,0.19200000000000003,0.19200000000000006
