"id","effect","muts","cv","colors"
"0000",1,0,NA,"#FFFFFF"
"0001",1,1,NA,"#FFFFFF"
"0010",1,1,NA,"#FFFFFF"
"0100",1,1,NA,"#FFFFFF"
"1000",1,1,NA,"#FFFFFF"
"0011",0.352483631172156,2,NA,"#FFFFFF"
"0101",1.55532541193851,2,NA,"#FFFFFF"
"0110",2.50055725546617,2,NA,"#FFFFFF"
"1001",0.581700581700582,2,NA,"#FFFFFF"
"1010",6.76372807520348,2,NA,"#FFFBFB"
"1100",270.557625316587,2,NA,"#FF4E45"
"0111",0.00116300525339295,3,NA,"#FFFFFF"
"1011",0.868827077145426,3,NA,"#FFFFFF"
"1101",0.370097447599174,3,NA,"#FFC2BF"
"1110",0.0355504230552216,3,NA,"#FF948F"
"1111",1180.06334510907,4,NA,"#FFF0F0"
