pos,mutations,idiosync
p69,Order 1,2.896267612854051
p104,Order 1,3.0364505642832302
p238,Order 1,2.338735770571069
p276,Order 1,2.119584732412247
p69|p104,Order 2,2.186654626587833
p69|p238,Order 2,2.4608868603654446
p69|p276,Order 2,2.769801144001663
p104|p238,Order 2,2.400663958260675
p104|p276,Order 2,2.716435472873494
p238|p276,Order 2,2.9416878423494834
p69|p104|p238,Order 3,4.3443301667259835
p69|p104|p276,Order 3,4.344330166725983
p69|p238|p276,Order 3,4.3443301667259835
p104|p238|p276,Order 3,4.344330166725983
