"model_order","R2","(Adjusted)","Delta R2"
"order1","0.183355328578355","-0.113606370120425","0.183355328578355"
"order2","0.854284321390723","0.562852964172169","0.670928992812368"
"order3","0.955427705733944","0.331415586009153","0.101143384343221"
