"id","effect","muts","cv","colors","enz"
"0000",0,0,NA,"#FFFFFF","TEM"
"0001",0.52244423350632,1,NA,"#FFCDCA","TEM"
"0010",0.484299839346786,1,NA,"#FFD0CE","TEM"
"0100",-0.0920514783877277,1,NA,"#F7FDFF","TEM"
"1000",-1.84466396253494,1,NA,"#48D7FF","TEM"
"0011",0.553883026643874,2,NA,"#FFC9C7","TEM"
"0101",0.622214022966295,2,NA,"#FFC2BF","TEM"
"0110",0.790285164033242,2,NA,"#FFB4B0","TEM"
"1001",-1.55752023093555,2,NA,"#66DEFF","TEM"
"1010",-0.530177984021837,2,NA,"#CAF3FF","TEM"
"1100",0.495544337546448,2,NA,"#FFD0CE","TEM"
"0111",-1.88272870434424,3,NA,"#45D7FF","TEM"
"1011",-0.756961951313706,3,NA,"#B4EFFF","TEM"
"1101",0.54282542695918,3,NA,"#FFCDCA","TEM"
"1110",0.758911892397974,3,NA,"#FFB8B4","TEM"
"1111",0.429752280002408,4,NA,"#FFD8D6","TEM"
