"indices","effect"
"INTERCEPT",-0.091625
"69",-0.4325
"104",0.59925
"238",0.145
"276",-0.1985
"69|104",1.13
"69|238",0.42175
"69|276",0.14325
"104|238",-0.5135
"104|276",-0.362
"238|276",-0.59125
"69|104|238",0.0212499999999999
"69|104|276",0.27575
"69|238|276",0.3685
"104|238|276",-0.34975
