"indices","sign","effect"
"238|276",0,-0.452861046209231
"104|276",0,0.191821267847703
"104|238",0,0.398036803074183
"104|238|276",1,-2.79742129880961
"69|276",0,-0.235300501906933
"69|238",0,0.830186139166315
"69|104",1,2.43225977846911
"69|104|276",1,1.95709663437553
"69|104|238",1,2.21132749397385
"69|104|238|276",1,1.35972364807197
