genotype,avg,pos,mutations,likely,enzyme_name,measure_type,cond
x000,-1.8446639625349381,p69,1,FALSE,TEM,growth,CAZ
0x00,-0.09205147838772766,p104,1,FALSE,TEM,growth,CAZ
00x0,0.48429983934678583,p238,1,FALSE,TEM,growth,CAZ
000x,0.5224442335063199,p276,1,TRUE,TEM,growth,CAZ
xx00,2.4322597784691142,p69|p104,2,FALSE,TEM,growth,CAZ
x0x0,0.8301861391663152,p69|p238,2,FALSE,TEM,growth,CAZ
x00x,-0.23530050190693297,p69|p276,2,FALSE,TEM,growth,CAZ
0xx0,0.3980368030741835,p104|p238,2,FALSE,TEM,growth,CAZ
0x0x,0.19182126784770315,p104|p276,2,TRUE,TEM,growth,CAZ
00xx,-0.45286104620923134,p238|p276,2,FALSE,TEM,growth,CAZ
xxx0,-1.4491552267357595,p69|p104|p238,3,FALSE,TEM,growth,CAZ
xx0x,-0.4316839100343586,p69|p104|p276,3,TRUE,TEM,growth,CAZ
x0xx,-0.06106665268202405,p69|p238|p276,3,FALSE,TEM,growth,CAZ
0xxx,-2.934418323522269,p104|p238|p276,3,FALSE,TEM,growth,CAZ
xxxx,3.071905320605227,p69|p104|p238|p276,4,TRUE,TEM,growth,CAZ
