mean,max,obs,geno,enzyme_name,measure_type,cond
-0.23249284201739004,0.5224442335063199,0,0000,TEM,growth,CAZ
-0.6495852939481137,0.0997697894599755,0.5224442335063199,0001,TEM,growth,CAZ
-0.21296977046169285,0.30598532468645584,0.48429983934678583,0010,TEM,growth,CAZ
0.7280659865697228,0.8823366424209693,-0.09205147838772766,0100,TEM,growth,CAZ
1.3139460033979582,2.3402083000813865,-1.8446639625349381,1000,TEM,growth,CAZ
-1.8737283544728451,-1.31084497795758,0.5538830266438743,0011,TEM,growth,CAZ
-1.2921656616588233,-0.07938859600711545,0.6222140229662954,0101,TEM,growth,CAZ
-1.352193570006373,-0.03137327163526815,0.7902851640332417,0110,TEM,growth,CAZ
1.4504519687582886,2.1003456578947315,-1.5575202309355514,1001,TEM,growth,CAZ
0.531152954563971,1.2890898764198107,-0.530177984021837,1010,TEM,growth,CAZ
0.15532432213212827,0.2633675548515251,0.49554433754644844,1100,TEM,growth,CAZ
2.3124809843466436,2.3124809843466436,-1.8827287043442358,0111,TEM,growth,CAZ
1.1867142313161136,1.1867142313161136,-0.7569619513137056,1011,TEM,growth,CAZ
-0.11307314695677195,-0.11307314695677195,0.5428254269591799,1101,TEM,growth,CAZ
-0.32915961239556557,-0.32915961239556557,0.7589118923979735,1110,TEM,growth,CAZ
