"model_order","R2","(Adjusted)","Delta R2"
"order1","0.768394869937104","0.755527918266944","0.768394869937104"
"order2","0.943889019915664","0.933368211149851","0.17549414997856"
"order3","0.986119039968812","0.981161554243388","0.0422300200531482"
"order4","0.991911279119166","0.988178023328012","0.00579223915035409"
"order5","0.993518155913674","0.990378512684361","0.00160687679450844"
