"id","effect","muts","cv","colors","enz"
"00000",0,0,0.00825905531312632,"#FFFFFF","MPH"
"00001",0.0899051114393979,1,0.0282764642808911,"#FFF0F0","MPH"
"00010",-0.653647025549361,1,0.00228833702140514,"#9EEAFF","MPH"
"00100",0.951337518795918,1,0.00897645021952396,"#FF7871","MPH"
"01000",0.235528446907549,1,0.00934042459688187,"#FFDFDD","MPH"
"10000",0.434568904034199,1,0.0107777450564228,"#FFC2BF","MPH"
"00011",-0.326058001365912,2,0.00162404202246372,"#CEF4FF","MPH"
"00101",0.980003371583746,2,0.0272115128720462,"#FF746D","MPH"
"00110",0.181843587944773,2,0.0420165973718363,"#FFE6E4","MPH"
"01001",0.387389826338729,2,0.000610991519605454,"#FFC9C7","MPH"
"01010",-0.375717904164332,2,0.00869768949723342,"#C7F3FF","MPH"
"01100",1.1430148002541,2,0.00184904051320491,"#FF5F57","MPH"
"10001",-0.0305840876460186,2,0.0655949229512339,"#FBFEFF","MPH"
"10010",-0.399027104313252,2,0.0175061356827136,"#C3F2FF","MPH"
"10100",0.653212513775344,2,0.00371371803168902,"#FFA29E","MPH"
"11000",0.535294120042771,2,0.0410649729993427,"#FFB4B0","MPH"
"00111",0.46686762035411,3,0.014364834678175,"#FFBBB8","MPH"
"01011",-0.113509274827518,3,0.000224043076916062,"#ECFBFF","MPH"
"01101",1.18752072083646,3,0.013446226222495,"#FF5850","MPH"
"01110",0.526339277389844,3,0.00917083164949456,"#FFB4B0","MPH"
"10011",0.0334237554869497,3,0.0027229097973274,"#FFFBFB","MPH"
"10101",0.260071387985075,3,0.0023416583807372,"#FFDBD9","MPH"
"10110",0.0969100130080564,3,0.00126181454120274,"#FFF0F0","MPH"
"11001",0.496929648073215,3,0.0304033568231233,"#FFB8B4","MPH"
"11010",0.0453229787866575,3,0.0030003346544176,"#FFF7F7","MPH"
"11100",0.864511081058392,3,0.00382537366232852,"#FF8680","MPH"
"01111",0.707570176097936,4,0.00611340655022631,"#FF9B96","MPH"
"10111",0.737192642704737,4,0.00182719939090312,"#FF9893","MPH"
"11011",0.83695673705955,4,0.0144395114711065,"#FF8A84","MPH"
"11101",1.0899051114394,4,0.00479253011835477,"#FF665F","MPH"
"11110",0.714329759745233,4,0.00108160994680642,"#FF9B96","MPH"
"11111",1.26007138798507,5,0.00669052878016343,"#FF4E45","MPH"
