"id","effect","muts","cv","colors"
"00000",1,0,0.00825905531312632,"#FFDFDD"
"00001",1,1,0.0282764642808911,"#FFDFDD"
"00010",1,1,0.00228833702140514,"#FFDFDD"
"00100",1,1,0.00897645021952396,"#FFDFDD"
"01000",1,1,0.00934042459688187,"#FFDFDD"
"10000",1,1,0.0107777450564228,"#FFDFDD"
"00011",1.7285578261188,2,0.00162404202246372,"#FFC6C3"
"00101",0.868481839180808,2,0.0272115128720462,"#FFE2E1"
"00110",0.765866537678618,2,0.0420165973718363,"#FFE6E4"
"01001",1.1533371147665,2,0.000610991519605454,"#FFD8D6"
"01010",1.10255604441651,2,0.00869768949723342,"#FFDBD9"
"01100",0.90395921127933,2,0.00184904051320491,"#FFE2E1"
"10001",0.278574844571975,2,0.0655949229512339,"#FFF4F3"
"10010",0.66077106518283,2,0.0175061356827136,"#FFE9E8"
"10100",0.18505724437426,2,0.00371371803168902,"#FFF7F7"
"11000",0.733156634746922,2,0.0410649729993427,"#FFE6E4"
"00111",1.20025083194178,3,0.014364834678175,"#FFD8D6"
"01011",1.63947271150901,3,0.000224043076916062,"#FFC9C7"
"01101",0.814234769474275,3,0.013446226222495,"#FFE2E1"
"01110",0.98428379995416,3,0.00917083164949456,"#FFDFDD"
"10011",1.45410834076544,3,0.0027229097973274,"#FFCDCA"
"10101",0.0608498978791604,3,0.0023416583807372,"#FFFBFB"
"10110",0.231553108576401,3,0.00126181454120274,"#FFF7F7"
"11001",0.545666366376386,3,0.0304033568231233,"#FFEDEC"
"11010",1.0687414500684,3,0.0030003346544176,"#FFDBD9"
"11100",0.175015378400463,3,0.00382537366232852,"#FFF7F7"
"01111",1.21463593199918,4,0.00611340655022631,"#FFD8D6"
"10111",0.822295917285952,4,0.00182719939090312,"#FFE2E1"
"11011",5.3777585600014,4,0.0144395114711065,"#FF4E45"
"11101",0.239092046995168,4,0.00479253011835477,"#FFF7F7"
"11110",0.557881442988725,4,0.00108160994680642,"#FFEDEC"
"11111",1.59359673892626,5,0.00669052878016343,"#FFC9C7"
