MAE,Last MAE,Step,Enzyme,Linear MAE,Linear Last MAE
1.286880640271625,3.378990990865223,1,TEM,0.3699494729713539,0.057275512416666174
0.7544314909252241,4.238352683065373,2,TEM,0.26070601408029564,0.24079733772916967
0.21960522265999205,1.2678423936927166,3,TEM,0.155572159455729,0.11366690399999868
0.008421043222057594,0.26947338310583735,4,TEM,0.02047368263954006,0.007259366718748161
2.6107588313450947e-16,2.6645352591003757e-15,5,TEM,0.014575447180556951,1.7763568394002505e-15
