"genotype","predicted effect"
"gAEMG",5.14258774453324e-15
"gAEMS",1.201645364
"gAETG",-0.0967614153333319
"gAETS",2.560667306
"gAKMG",0.160083504333335
"gAKMS",3.611819829
"gAKTG",0.263680115333334
"gAKTS",3.611819829
"gGEMG",-9.10729824887824e-17
"gGEMS",2.417245164
"gGETG",1.201645364
"gGETS",3.611819829
"gGKMG",1.201645364
"gGKMS",4.377736623
"gGKTG",0.956356227333335
"gGKTS",4.517915326
"aAEMG",1.72604985859692e-16
"aAEMS",1.201645364
"aAETG",9.37618038765464e-16
"aAETS",3.611819829
"aAKMG",0.310789833
"aAKMS",3.611819829
"aAKTG",0.310789833000001
"aAKTS",4.377736623
"aGEMG",-3.94649590784724e-16
"aGEMS",3.611819829
"aGETG",-3.26995375221628e-16
"aGETS",3.611819829
"aGKMG",1.35362268233333
"aGKMS",4.28031793233334
"aGKTG",1.201645364
"aGKTS",4.668301185
