"model_order","R2","(Adjusted)","Delta R2"
"order1","0.922054977034535","0.917724697980898","0.922054977034535"
"order2","0.96337362586318","0.956506180712526","0.0413186488286452"
"order3","0.987510814268059","0.983050390792366","0.0241371884048791"
"order4","0.999448225133943","0.999193559811148","0.0119374108658845"
"order5","0.999466216695964","0.999207665408071","1.79915620205362e-05"
