"id","effect","muts","cv","colors","enz"
"00000",0,0,0,"#FFFFFF","TEM"
"00001",1.20139712432045,1,0,"#FFD0CE","TEM"
"00010",-0.0909791457888439,1,0.0409424405656529,"#FBFEFF","TEM"
"00100",0.178976947293169,1,0.120527259488621,"#FFF7F7","TEM"
"01000",0,1,0,"#FFFFFF","TEM"
"10000",0,1,0,"#FFFFFF","TEM"
"00011",2.56110138364906,2,0,"#FF9F9A","TEM"
"00101",3.61172330800734,2,0,"#FF746D","TEM"
"00110",0.269512944217916,2,0.0312369846736453,"#FFF4F3","TEM"
"01001",2.41664050733828,2,0,"#FFA29E","TEM"
"01010",1.20139712432045,2,0,"#FFD0CE","TEM"
"01100",1.20139712432045,2,0,"#FFD0CE","TEM"
"10001",1.20139712432045,2,0,"#FFD0CE","TEM"
"10010",0,2,0,"#FFFFFF","TEM"
"10100",0.311753861055754,2,0,"#FFF4F3","TEM"
"11000",0,2,0,"#FFFFFF","TEM"
"00111",3.61172330800734,3,0,"#FF746D","TEM"
"01011",3.61172330800734,3,0,"#FF746D","TEM"
"01101",4.37839790094814,3,0,"#FF5850","TEM"
"01110",0.962369335670021,3,0.0430810735279956,"#FFDBD9","TEM"
"10011",3.61172330800734,3,0,"#FF746D","TEM"
"10101",3.61172330800734,3,0,"#FF746D","TEM"
"10110",0.311753861055754,3,0,"#FFF4F3","TEM"
"11001",3.61172330800734,3,0,"#FF746D","TEM"
"11010",0,3,0,"#FFFFFF","TEM"
"11100",1.37106786227174,3,0.115504682043295,"#FFC9C7","TEM"
"01111",4.51851393987789,4,0,"#FF554C","TEM"
"10111",4.37839790094814,4,0,"#FF5850","TEM"
"11011",3.61172330800734,4,0,"#FF746D","TEM"
"11101",4.28555730900777,4,0.0415224915394897,"#FF5C53","TEM"
"11110",1.20139712432045,4,0,"#FFD0CE","TEM"
"11111",4.66838591669,5,0,"#FF4E45","TEM"
