"indices","effect"
"INTERCEPT",1.92967020507292
"4205",0.159675606437499
"42",0.767145929729166
"104",0.9926696023125
"182",0.441816495395833
"238",3.00140330114583
"4205|42",-0.104280240895833
"4205|104",0.0170702015208338
"4205|182",-0.0153043462291662
"4205|238",0.223400787354167
"42|104",0.0202292338125006
"42|182",-0.125927054187499
"42|238",0.1463542883125
"104|182",-0.3167653821875
"104|238",0.410953480479166
"182|238",0.3404147323125
"4205|42|104",0.040092838770833
"4205|42|182",-0.241583611395834
"4205|42|238",0.0330893054374999
"4205|104|182",0.140733915104166
"4205|104|238",-0.195425604729167
"4205|182|238",0.1240917464375
"42|104|182",0.0335998161458329
"42|104|238",-0.275960712770834
"42|182|238",-0.225620018354166
"104|182|238",-0.141946158104167
"4205|42|104|182",0.201433134520834
"4205|42|104|238",-0.147139309729166
"4205|42|182|238",-0.103896317645833
"4205|104|182|238",0.00390902060416666
"42|104|182|238",0.2585085468125
"4205|42|104|182|238",0.0145187334374999
