"id","effect","muts","cv","colors"
"00000",1,0,0.0329329491918685,"#FFEDEC"
"00001",1,1,0.0285325136595604,"#FFEDEC"
"00010",1,1,0.0109139395759599,"#FFEDEC"
"00100",1,1,0.00503585828312613,"#FFEDEC"
"01000",1,1,0.0225305892428294,"#FFEDEC"
"10000",1,1,0.0343656155357826,"#FFEDEC"
"00011",1.3436496148665,2,0.0114221652923538,"#FFE9E8"
"00101",0.49526926458172,2,0.0491765540318937,"#FFF7F7"
"00110",0.562386168395961,2,0.0185465826585456,"#FFF4F3"
"01001",1.33802212882752,2,0.0017684069882068,"#FFE9E8"
"01010",0.922771874523362,2,0.00394100673036817,"#FFF0F0"
"01100",0.871202900593187,2,0.00662507682664537,"#FFF0F0"
"10001",0.392355735867186,2,0.0434130353742034,"#FFF7F7"
"10010",0.500743600291112,2,0.040319563571251,"#FFF7F7"
"10100",0.249180693878528,2,0.00412698654055208,"#FFFBFB"
"11000",0.894751316099631,2,0.0292209898210074,"#FFF0F0"
"00111",2.87301202731358,3,0.12606452284137,"#FFEDEC"
"01011",0.714683838855959,3,0.0179190302791888,"#FFEDEC"
"01101",0.990993907009201,3,0.0787980807651222,"#FFF4F3"
"01110",1.42969928854854,3,0.0314714443666453,"#FFF4F3"
"10011",2.65348688596814,3,0.120100152968307,"#FFF4F3"
"10101",1.42991000418445,3,0.109642570039447,"#FFFFFF"
"10110",1.65820181120918,3,0.0690503438198951,"#FFFBFB"
"11001",4.18184870728386,3,0.0898685578308244,"#FFDFDD"
"11010",1.16092282037106,3,0.0739992008914187,"#FFF7F7"
"11100",1.10700492955382,3,0.0445362699074741,"#FFFBFB"
"01111",0.795413287797506,4,0.387458885848733,"#FFF0F0"
"10111",3.36808853415857,4,0.630170551179182,"#FFEDEC"
"11011",4.09375079118473,4,0.463644582429857,"#FF4E45"
"11101",1.7185770970948,4,0.516280262933154,"#FFF4F3"
"11110",1.34113064059154,4,0.337477921774442,"#FFFBFB"
"11111",0.138509677319083,5,3.30867476376918,"#FF9B96"
