"model_order","R2","(Adjusted)","Delta R2"
"order1","0.760168794978403","0.74684483914387","0.760168794978403"
"order2","0.925777498203633","0.911860779116815","0.16560870322523"
"order3","0.98842396984437","0.984289673360217","0.0626464716407372"
"order4","0.992205466908481","0.98860799009701","0.00378149706411068"
"order5","0.993669441095738","0.990603076626487","0.00146397418725741"
