"indices","effect"
"INTERCEPT",0.574696250865907
"72",0.59397505161387
"193",0.483045992224066
"258",0.635410651311691
"271",-0.496599687329147
"273",0.370094836395512
"72|193",0.226344337448889
"72|258",-0.137750408027567
"72|271",0.131795471612775
"72|273",0.215726787212511
"193|258",-0.00279225019361821
"193|271",0.028315502605367
"193|273",0.220810673865064
"258|271",0.0987490580273482
"258|273",0.0270258067678004
"271|273",0.32412495791419
"72|193|258",0.00199180571125387
"72|193|271",0.055843258799506
"72|193|273",0.206582357288461
"72|258|271",0.0836983114862211
"72|258|273",0.0817514273539103
"72|271|273",0.195481769554089
"193|258|271",-0.0103956646486203
"193|258|273",-0.0371856498605319
"193|271|273",-0.0261603566751053
"258|271|273",0.115384094390536
"72|193|258|271",-0.0371012957343478
"72|193|258|273",-0.0241799269759366
"72|193|271|273",0.0231076513267595
"72|258|271|273",0.0129021230514215
"193|258|271|273",-0.0645815795411546
"72|193|258|271|273",-0.0514305243033496
