"id","effect","muts","cv","colors"
"00000",1,0,0.0329329491918685,"#FFEDEC"
"00001",1,1,0.0285325136595604,"#FFEDEC"
"00010",1,1,0.0109139395759599,"#FFEDEC"
"00100",1,1,0.00503585828312613,"#FFEDEC"
"01000",1,1,0.0225305892428294,"#FFEDEC"
"10000",1,1,0.0343656155357826,"#FFEDEC"
"00011",1.3436496148665,2,0.0114221652923538,"#FFE9E8"
"00101",0.49526926458172,2,0.0491765540318937,"#FFF7F7"
"00110",0.562386168395961,2,0.0185465826585456,"#FFF4F3"
"01001",1.33802212882752,2,0.0017684069882068,"#FFE9E8"
"01010",0.922771874523362,2,0.00394100673036817,"#FFF0F0"
"01100",0.871202900593187,2,0.00662507682664537,"#FFF0F0"
"10001",0.392355735867186,2,0.0434130353742034,"#FFF7F7"
"10010",0.500743600291112,2,0.040319563571251,"#FFF7F7"
"10100",0.249180693878528,2,0.00412698654055208,"#FFFBFB"
"11000",0.894751316099631,2,0.0292209898210074,"#FFF0F0"
"00111",1.07522532370682,3,0.0469192208585765,"#FFEDEC"
"01011",1.18565309304097,3,0.000787451268260065,"#FFEDEC"
"01101",0.572130328746087,3,0.0212280429183763,"#FFF4F3"
"01110",0.646387565984431,3,0.00235877815108622,"#FFF4F3"
"10011",0.700484276181143,3,0.0249453887304991,"#FFF4F3"
"10101",0.0692379943296061,3,0.0129259940927976,"#FFFFFF"
"10110",0.116359491440109,3,0.00605721104954644,"#FFFBFB"
"11001",1.96432780702444,3,0.0154661256474068,"#FFDFDD"
"11010",0.479971500358912,3,0.000517640768792119,"#FFF7F7"
"11100",0.215023340335628,3,0.00456321671926924,"#FFFBFB"
"01111",0.931534471911291,4,0.0417260150683938,"#FFF0F0"
"10111",1.11546467917022,4,0.0383080740413633,"#FFEDEC"
"11011",10.9917137486774,4,0.0316724726827267,"#FF4E45"
"11101",0.569360467014664,4,0.0591037348077773,"#FFF4F3"
"11110",0.206246463792894,4,0.0156404566406387,"#FFFBFB"
"11111",6.07324020771692,5,0.00363201805909272,"#FF9B96"
