"model_order","R2","(Adjusted)","Delta R2"
"order1","0.31524002859176","0.243160031601418","0.31524002859176"
"order2","0.598719601589763","0.398079402384644","0.283479572998003"
"order3","0.821114725246386","0.487737622296468","0.222395123656623"
"order4","0.949061285646078","0.541551570814698","0.127946560399692"
"order5","0.992594648953816","0.533462884090394","0.0435333633077378"
