"indices","effect"
"INTERCEPT",1.26109407040913
"1",1.20623549299049
"21",-0.641141807899044
"26",0.460133449895774
"28",0.0248600677343603
"30",0.19995435558595
"94",-0.173719724364861
"1|21",0.411955384642352
"1|26",0.1077503938642
"1|28",0.0653637626600407
"1|30",0.347597521239484
"1|94",0.0813742566650501
"21|26",0.267577323522201
"21|28",-0.495893399537066
"21|30",0.149441666480685
"21|94",-0.329532550957291
"26|28",0.256584393639634
"26|30",0.176407447133691
"26|94",0.248338656395147
"28|30",-0.345555173756398
"28|94",-0.901827717758507
"30|94",-0.281607442517082
"1|21|26",0.0543040460482951
"1|21|28",0.0026135791258608
"1|21|30",0.0110898710358179
"1|21|94",-0.0933698459500699
"1|26|28",-0.0940719050294868
"1|26|30",-0.582992944155789
"1|26|94",0.0256750653234932
"1|28|30",0.480359118232834
"1|28|94",0.41196038969251
"1|30|94",0.447540415406794
"21|26|28",0.281131026067912
"21|26|30",0.236824381574935
"21|26|94",0.423824805268999
"21|28|30",0.190064506923994
"21|28|94",-0.212415242283591
"21|30|94",0.0698629033141867
"26|28|30",-0.223293613643809
"26|28|94",-0.0107719008117072
"26|30|94",-0.272175497319219
"28|30|94",0.170014794950212
"1|21|26|28",0.0108674987114677
"1|21|26|30",-0.527949770493326
"1|21|26|94",-0.0743017646431607
"1|21|28|30",0.233672536133207
"1|21|28|94",-0.0286181516966847
"1|21|30|94",0.30310457971554
"1|26|28|30",-0.147186525667817
"1|26|28|94",0.321650695527248
"1|26|30|94",-0.00570153097337492
"1|28|30|94",0.28183794712163
"21|26|28|30",-0.165359868206402
"21|26|28|94",-0.103476698522961
"21|26|30|94",-0.232767876826274
"21|28|30|94",0.358804706227429
"26|28|30|94",-0.121715459684119
"1|21|26|28|30",-0.211364742621092
"1|21|26|28|94",0.427580999117979
"1|21|26|30|94",-0.0636896883574476
"1|21|28|30|94",-0.0290988469280075
"1|26|28|30|94",-0.192561981801686
"21|26|28|30|94",-0.164999035029336
