MAE,Last MAE,Step,Enzyme,Linear MAE,Linear Last MAE
0.41391624403797417,0.9030899869919438,1,DHFR,0.23517968411248522,0.15051499783199107
0.1505149978319906,0.30102999566398103,2,DHFR,0.15051499783199054,0.037628749457997546
4.85722573273506e-17,2.220446049250313e-16,3,DHFR,5.793976409762536e-16,4.440892098500626e-16
