"indices","effect"
"INTERCEPT",0.63968874078596
"51",0.376287494579976
"59",-0.0752574989159951
"108",1.6115386730586e-16
"164",0.526802492411969
"51|59",-0.225772496747986
"51|108",-0.301029995663981
"51|164",-0.0752574989159941
"59|108",0.15051499783199
"59|164",0.0752574989159943
"108|164",-9.78598451369935e-16
"51|59|108",0.301029995663981
"51|59|164",-0.0752574989159963
"51|108|164",-1.14144804719274e-15
"59|108|164",-0.15051499783199
