mean,max,obs,geno,enzyme_name,measure_type,cond
0.45154499349597177,1.2041199826559248,0,0000,DHFR,ic50,c61
0.8027466551039498,1.2041199826559248,0.3010299956639812,0001,DHFR,ic50,c61
0.20068666377598743,0.6020599913279623,0.3010299956639812,0010,DHFR,ic50,c61
0.5017166594399687,0.9030899869919435,0,0100,DHFR,ic50,c61
-0.5017166594399686,0.30102999566398125,1.2041199826559248,1000,DHFR,ic50,c61
0,0,0.9030899869919435,0011,DHFR,ic50,c61
0,0,0.9030899869919435,0101,DHFR,ic50,c61
0.45154499349597177,0.6020599913279623,0.3010299956639812,0110,DHFR,ic50,c61
-0.6020599913279625,-0.6020599913279625,1.505149978319906,1001,DHFR,ic50,c61
0.45154499349597177,0.6020599913279623,0.3010299956639812,1010,DHFR,ic50,c61
0.45154499349597177,0.6020599913279623,0.3010299956639812,1100,DHFR,ic50,c61
0,0,0.9030899869919435,0111,DHFR,ic50,c61
0,0,0.9030899869919435,1011,DHFR,ic50,c61
0,0,0.9030899869919435,1101,DHFR,ic50,c61
0.30102999566398114,0.30102999566398114,0.6020599913279624,1110,DHFR,ic50,c61
