"positions","mean","median","top","bottom","range","skew","pos_pct","neg_pct","wt_res"
"p51",0.825287327744985,0.602059991327962,2.10720996964787,-0.602059991327963,2.70926996097583,0.705957537186856,0.75,0.125,19.4457000894981
"p59",0.147969837501027,0.591879350004108,1.20411998265592,-1.50514997831991,2.70926996097583,-1.2810150325784,0.625,0.375,7.75262951084493
"p108",-1.049336397506,-0.591879350004108,0,-2.40823996531185,2.40823996531185,-1.36791054730669,0,0.875,7.26779177208699
"p164",0.373742334249013,0.301029995663981,1.20411998265592,-0.294136287716081,1.49825627037201,0.462592473015638,0.75,0.125,1.59883439865655
