pos,mutations,idiosync
p51,Order 1,1.8972302836220385
p59,Order 1,2.0791770645013767
p108,Order 1,2.0065217644644284
p164,Order 1,0.943106636963033
p51|p59,Order 2,3.4221941696974905
p51|p108,Order 2,3.492830934953164
p51|p164,Order 2,1.5457639731372153
p59|p108,Order 2,3.571830486115967
p59|p164,Order 2,1.7168259498360874
p108|p164,Order 2,1.8536305853877362
p51|p59|p108,Order 3,3.376970418325229
p51|p59|p164,Order 3,3.376970418325229
p51|p108|p164,Order 3,3.3769704183252287
p59|p108|p164,Order 3,3.376970418325229
