"indices","effect"
"INTERCEPT",0.529035275125
"51",0.8252644475
"59",0.1478705035
"108",-1.04932708825
"164",0.37370555675
"51|59",-0.37554052525
"51|108",-0.228416991
"51|164",-0.149705472
"59|108",0.448976953
"59|164",-0.0708544899999998
"108|164",-0.0778880957500002
"51|59|108",0.67825212825
"51|59|164",-0.00263059675000003
"51|108|164",0.1513870795
"59|108|164",-0.2214320435
