p51,p59,p108,p164,numbers,genotype,observed effect,epistatic effect,average effect,WT effect,cv,mutations,2 step,3 step,final step
-1,-1,-1,-1,0000,NCSI,0,-0.1492240288749998,0.38027856537500043,0,NA,0,0,0,0
-1,-1,-1,1,0001,NCSL,0.3010299956639812,0.4502540248750006,0.7539841221250003,0.3010299956639812,NA,1,0.3010299956639812,0.3010299956639812,0.3010299956639812
-1,-1,1,-1,0010,NCNI,-0.8827287043442357,-0.7330158191249999,-0.669048522875,-0.8827287043442357,NA,1,-0.8827287043442357,-0.8827287043442357,-0.8827287043442357
-1,-1,1,1,0011,NCNL,0,-0.1492240288750007,-0.29534296612500016,-0.5816987086802545,NA,2,0,0,0
-1,1,-1,-1,0100,NRSI,0.3010299956639812,0.45025402487499994,0.5281490688750003,0.3010299956639812,NA,1,0.3010299956639812,0.3010299956639812,0.3010299956639812
-1,1,-1,1,0101,NRSL,1.505149978319906,1.3561483791250006,0.9018546256250002,0.6020599913279624,NA,2,1.505149978319906,1.505149978319906,1.505149978319906
-1,1,1,-1,0110,NRNI,0,-0.14922402887500014,-0.5211780193750002,-0.5816987086802545,NA,2,0,0,0
-1,1,1,1,0111,NRNL,-0.29413628771608075,-0.1447441121250003,-0.1474724626250003,-0.28066871301627333,NA,3,1.7858186913361793,-0.2941362877160807,-0.2941362877160807
1,-1,-1,-1,1000,ICSI,2.1072099696478683,2.256712017875,1.2055430128750002,2.1072099696478683,NA,1,2.1072099696478683,2.1072099696478683,2.1072099696478683
1,-1,-1,1,1001,ICSL,2.4082399653118496,2.2592661621250003,1.5792485696250003,2.4082399653118496,NA,2,2.4082399653118496,2.4082399653118496,2.4082399653118496
1,-1,1,-1,1010,ICNI,-0.29413628771608075,-0.44319216987499993,0.15621592462499984,1.2244812653036328,NA,2,-0.2941362877160807,-0.2941362877160807,-0.2941362877160807
1,-1,1,1,1011,ICNL,0,0.1492240288749998,0.5299214813749997,1.525511260967614,NA,3,0.5885924166281551,1.1102230246251565e-16,1.1102230246251565e-16
1,1,-1,-1,1100,IRSI,0.9030899869919435,0.7538659581250001,1.3534135163750003,2.4082399653118496,NA,2,0.9030899869919435,0.9030899869919435,0.9030899869919435
1,1,-1,1,1101,IRSL,0.9030899869919435,1.0523140158750002,1.7271190731250003,2.709269960975831,NA,3,2.1072099696478683,0.9030899869919433,0.9030899869919433
1,1,1,-1,1110,IRNI,0.6020599913279624,0.7512840198749996,0.3040864281249998,1.525511260967614,NA,3,-0.916557561691751,0.6020599913279623,0.6020599913279623
1,1,1,1,1111,IRNL,0.9030899869919435,0.7538659581249999,0.6777919848749998,1.8265412566315953,NA,4,0.8692611296444285,-1.484788695672198,0.9030899869919438
