"id","effect","muts","cv","colors"
"0000",1,0,NA,"#FFE9E8"
"0001",1,1,NA,"#FFE9E8"
"0010",1,1,NA,"#FFE9E8"
"0100",1,1,NA,"#FFE9E8"
"1000",1,1,NA,"#FFE9E8"
"0011",3.81679389312977,2,NA,"#FFAAA5"
"0101",8,2,NA,"#FF4E45"
"0110",3.81679389312977,2,NA,"#FFAAA5"
"1001",1,2,NA,"#FFE9E8"
"1010",0.0302958015267175,2,NA,"#FFFFFF"
"1100",0.03125,2,NA,"#FFFFFF"
"0111",0.969465648854962,3,NA,"#FFE9E8"
"1011",0.0298187022900763,3,NA,"#FFFFFF"
"1101",0.015625,3,NA,"#FFFFFF"
"1110",0.119274809160305,3,NA,"#FFFBFB"
"1111",0.119274809160305,4,NA,"#FFFBFB"
