"genotype","predicted effect"
"AFST",-0.013819599547667
"AFSA",0.011876920224452
"AFAT",0.0230237187865787
"AFAA",0.0386252406885491
"ALST",0.104005259128914
"ALSA",1.24267770153278
"ALAT",1.07381666284536
"ALAA",1.59926856304152
"VFST",0.0290833677858144
"VFSA",-0.00668690340093964
"VFAT",-0.00868730400158399
"VFAA",0.0454799132063074
"VLST",0.116003256980826
"VLSA",1.1014558619407
"VLAT",1.14374258502371
"VLAA",1.61600713404065
