"model_order","R2","(Adjusted)","Delta R2"
"order1","0.801805776187698","0.729735149346861","0.801805776187698"
"order2","0.983661684428737","0.95098505328621","0.181855908241039"
"order3","0.999515262560749","0.992728938411229","0.0158535781320116"
