"indices","effect"
"INTERCEPT",0.507242023642248
"33",-0.00538456939062619
"72",0.984760208849119
"212",0.368335081123276
"213",0.397692060534008
"33|72",-0.00525526775004755
"33|212",0.020836605117395
"33|213",-0.0286635355345197
"72|212",0.348838135218729
"72|213",0.382768313610202
"212|213",-0.130820763453268
"33|72|212",0.0331354786120186
"33|72|213",-0.0229382616212817
"33|212|213",0.0250081215661985
"72|212|213",-0.150781386084392
