genotype,avg,pos,mutations,likely,enzyme_name,measure_type,cond
x000,0.01703333929878037,p33,1,FALSE,OXA-48,ic50,CAZtraj1
0x00,0.08990511143939793,p72,1,TRUE,OXA-48,ic50,CAZtraj1
00x0,0.00860017176191757,p212,1,FALSE,OXA-48,ic50,CAZtraj1
000x,-0.00174066157630127,p213,1,FALSE,OXA-48,ic50,CAZtraj1
xx00,0.023395317756827835,p33|p72,2,FALSE,OXA-48,ic50,CAZtraj1
x0x0,-0.021312137278055362,p33|p212,2,FALSE,OXA-48,ic50,CAZtraj1
x00x,-0.006692505960561531,p33|p213,2,FALSE,OXA-48,ic50,CAZtraj1
0xx0,0.9878545474734327,p72|p212,2,FALSE,OXA-48,ic50,CAZtraj1
0x0x,1.169514125006088,p72|p213,2,TRUE,OXA-48,ic50,CAZtraj1
00xx,0.04621893329780338,p212|p213,2,FALSE,OXA-48,ic50,CAZtraj1
xxx0,0.02485741804270509,p33|p72|p212,3,FALSE,OXA-48,ic50,CAZtraj1
xx0x,-0.20505489528948306,p33|p72|p213,3,FALSE,OXA-48,ic50,CAZtraj1
x0xx,-0.00868338405663343,p33|p212|p213,3,FALSE,OXA-48,ic50,CAZtraj1
0xxx,-0.7148914978938378,p72|p212|p213,3,TRUE,OXA-48,ic50,CAZtraj1
xxxx,0.22040571708063839,p33|p72|p212|p213,4,TRUE,OXA-48,ic50,CAZtraj1
