MAE,Last MAE,Step,Enzyme,Linear MAE,Linear Last MAE
0.20423380852078213,0.6059705592007842,1,OXA-48,0.16867529827271432,0.13370897134686524
0.09354689476719004,0.15973874054560944,2,OXA-48,0.06844545508072039,0.05670716200448389
0.11254970952196201,1.098711934666164,3,OXA-48,0.05939534245088888,0.0447245478035283
0.05122602085293683,1.4029259105153837,4,OXA-48,0.05656218451495195,0.052215607376969876
0.007384586149331089,0.47261351355718584,5,OXA-48,0.0551227678856914,0.05795318070113072
6.366977257921125e-17,2.220446049250313e-16,6,OXA-48,0.05487457436997251,0.05538405733333396
