"indices","effect"
"INTERCEPT",0.461159612089323
"67",0.357971643239063
"142",0.0638608929151043
"154",0.0493978733213545
"158",0.728584248797396
"180",0.0163003288734376
"215",0.0316209250932292
"67|142",0.0263353856671874
"67|154",-0.0456223917598958
"67|158",0.331737563672396
"67|180",-0.0209016337911459
"67|215",0.0464320033432292
"142|154",-0.0203628387276043
"142|158",0.0461288756713541
"142|180",-0.0178203951963542
"142|215",-0.00142321268697922
"154|158",-0.0640113044119792
"154|180",0.00696195695989576
"154|215",0.00436579702135409
"158|180",0.0174541688588541
"158|215",-0.0602657923505209
"180|215",0.00495890477135412
"67|142|154",-0.0252136020005208
"67|142|158",0.0438834931921877
"67|142|180",-0.0184164889692708
"67|142|215",0.0155553547505209
"67|154|158",-0.0331297422453124
"67|154|180",0.0145777649786459
"67|154|215",-0.00232092468697911
"67|158|180",-0.00164407107864575
"67|158|215",0.0286536703598959
"67|180|215",-0.0135793514578124
"142|154|158",-0.0243377132026041
"142|154|180",0.00560897575885427
"142|154|215",0.0250871113015625
"142|158|180",-0.0101169727651042
"142|158|215",-0.0244528653682291
"142|180|215",-0.00668742603177078
"154|158|180",-0.000451543994270761
"154|158|215",-0.0407950312119791
"154|180|215",-0.00726743705260409
"158|180|215",0.00963017794427087
"67|142|154|158",0.0100456666932291
"67|142|154|180",0.0183638503859374
"67|142|154|215",0.0112345816973958
"67|142|158|180",-0.0130557689317709
"67|142|158|215",0.00508177869218744
"67|142|180|215",-0.0326603801984375
"67|154|158|180",-0.0151414070984376
"67|154|158|215",-0.00184649035989591
"67|154|180|215",0.0173930649682291
"67|158|180|215",0.00491038371302075
"142|154|158|180",0.0035756487963541
"142|154|158|215",0.0214673696598958
"142|154|180|215",0.00279407733385407
"142|158|180|215",0.0010039436286458
"154|158|180|215",0.00898836703489577
"67|142|154|158|180",-0.0135339564536457
"67|142|154|158|215",0.0139356600786459
"67|142|154|180|215",-0.0106911316661458
"67|142|158|180|215",0.0022729897973959
"67|154|158|180|215",0.0206625303703126
"142|154|158|180|215",0.0153559094130209
"67|142|154|158|180|215",-0.0134337052348959
