MAE,Last MAE,Step,Enzyme,Linear MAE,Linear Last MAE
0.47068896778839336,1.0340631899135768,1,TEM,0.3600232883803665,0.25744406102053463
0.27450775779893594,0.5960890087557433,2,TEM,0.2113929630616449,0.07343938963660901
0.04931683857702533,0.7890694172324051,3,TEM,0.04931683857702602,0.049316838577025957
