"model_order","R2","(Adjusted)","Delta R2"
"order1","0.614440095819936","0.474236494299912","0.614440095819936"
"order2","0.861274978698818","0.583824936096453","0.246834882878882"
"order3","0.994968517634884","0.924527764523254","0.133693538936066"
