"id","effect","muts","cv","colors","enz"
"0000",0,0,NA,"#FFFFFF","TEM"
"0001",-0.048176964684088,1,NA,"#F7FDFF","TEM"
"0010",0.322219294733919,1,NA,"#FFD8D6","TEM"
"0100",1.19312459835446,1,NA,"#FF746D","TEM"
"1000",-1.32513885926219,1,NA,"#5FDCFF","TEM"
"0011",0.190331698170291,2,NA,"#FFE9E8","TEM"
"0101",0.424881636631067,2,NA,"#FFCDCA","TEM"
"0110",1.17026171539496,2,NA,"#FF7871","TEM"
"1001",-0.170053304058364,2,NA,"#E8FAFF","TEM"
"1010",0.164352855784437,2,NA,"#FFEDEC","TEM"
"1100",0.276461804173244,2,NA,"#FFDFDD","TEM"
"0111",1.52374646681156,3,NA,"#FF4E45","TEM"
"1011",1.00432137378264,3,NA,"#FF8A84","TEM"
"1101",-0.0700704399154121,3,NA,"#F7FDFF","TEM"
"1110",-0.156767221901991,3,NA,"#ECFBFF","TEM"
"1111",1.17609125905568,4,NA,"#FF746D","TEM"
