"indices","effect"
"INTERCEPT",0.354724119566888
"69",-0.484648872219266
"104",0.674984215517115
"238",0.639191121324098
"276",0.298319692314567
"69|104",-0.286925881725866
"69|238",0.230008645121775
"69|276",0.447025385203194
"104|238",-0.166957466294885
"104|276",-0.155427685674011
"238|276",0.300286346137645
"69|104|238",-0.295775963703058
"69|104|276",-0.0967542734092422
"69|238|276",0.0407820758225314
"104|238|276",0.399993263408935
