"indices","sign","effect"
"104|276",0,-0.720065997039307
"104|238",0,-0.345082177693423
"69|276",0,1.20326251988791
"69|238",1,1.16727242031271
"69|238|276",1,2.055417902995
"69|104",1,0.408476065080971
"69|104|238",1,-0.346972255728183
"69|104|238|276",0,1.03406318991358
