MAE,Last MAE,Step,Enzyme,Linear MAE,Linear Last MAE
0.6453694067118166,2.539756646555457,1,TEM,0.6440933841343928,0.6423278390332853
0.005616285808512808,0.038511674115516245,2,TEM,0.0015745623959916334,0.0025251017317651225
8.02326544073334e-4,0.012837224705172432,3,TEM,8.368656621067397e-4,8.368656621060115e-4
