"id","effect","muts","cv","colors"
"0000",1,0,NA,"#FFFFFF"
"0001",1,1,NA,"#FFFFFF"
"0010",1,1,NA,"#FFFFFF"
"0100",1,1,NA,"#FFFFFF"
"1000",1,1,NA,"#FFFFFF"
"0011",0.970873786407767,2,NA,"#FFFFFF"
"0101",0.970873786407767,2,NA,"#FFFFFF"
"0110",0.970873786407767,2,NA,"#FFFFFF"
"1001",0.970873786407767,2,NA,"#FFFFFF"
"1010",367.64705882353,2,NA,"#FF4E45"
"1100",0.970873786407767,2,NA,"#FFFFFF"
"0111",1.03,3,NA,"#FFFFFF"
"1011",1.03,3,NA,"#FF5148"
"1101",1.03,3,NA,"#FFFFFF"
"1110",1.03,3,NA,"#FF5148"
"1111",0.970873786407767,4,NA,"#FF5850"
