"genotype","predicted effect"
"MEGN",0.000836865662108169
"MEGD",0.01295301025557
"MESN",-2.56675827005864
"MESD",-2.56509489256723
"MKGN",0.0129219110294111
"MKGD",0.014583122384521
"MKSN",-2.5650972036145
"MKSD",-2.56676862389144
"LEGN",0.0122869852323595
"LEGD",0.0146353655425057
"LESN",0.0144130971078666
"LESD",0.0129813482285802
"LKGN",0.014617567029927
"LKGD",0.0129820399000439
"LKSN",0.0129516399522852
"LKSD",0.0146561191029765
