pos,mutations,idiosync
p69,Order 1,2.7528667086215237
p104,Order 1,0.009077288640642753
p238,Order 1,2.7528667086215237
p276,Order 1,0.009077288640642753
p69|p104,Order 2,0.012837224705172217
p69|p238,Order 2,0.012837224705172012
p69|p276,Order 2,0.012837224705172217
p104|p238,Order 2,0.012837224705172217
p104|p276,Order 2,0.012837224705172217
p238|p276,Order 2,0.012837224705172012
p69|p104|p238,Order 3,0.018154577281285507
p69|p104|p276,Order 3,0.018154577281285507
p69|p238|p276,Order 3,0.018154577281285215
p104|p238|p276,Order 3,0.018154577281285507
