"indices","sign","effect"
"69|238",1,2.5654310959658
"69|238|276",1,2.55259387126063
"69|104|238",1,2.55259387126063
"69|104|238|276",1,2.53975664655546
