genotype,avg,pos,mutations,likely,enzyme_name,measure_type,cond
x000,0.012837224705172217,p69,1,FALSE,TEM,growth,SAM
0x00,0.012837224705172217,p104,1,FALSE,TEM,growth,SAM
00x0,-2.5654310959658013,p238,1,FALSE,TEM,growth,SAM
000x,0.012837224705172217,p276,1,TRUE,TEM,growth,SAM
xx00,-0.012837224705172217,p69|p104,2,FALSE,TEM,growth,SAM
x0x0,2.5654310959658013,p69|p238,2,FALSE,TEM,growth,SAM
x00x,-0.012837224705172217,p69|p276,2,FALSE,TEM,growth,SAM
0xx0,-0.012837224705172217,p104|p238,2,FALSE,TEM,growth,SAM
0x0x,-0.012837224705172217,p104|p276,2,FALSE,TEM,growth,SAM
00xx,-0.012837224705172012,p238|p276,2,FALSE,TEM,growth,SAM
xxx0,0.012837224705172217,p69|p104|p238,3,FALSE,TEM,growth,SAM
xx0x,0.012837224705172217,p69|p104|p276,3,FALSE,TEM,growth,SAM
x0xx,0.012837224705172012,p69|p238|p276,3,FALSE,TEM,growth,SAM
0xxx,0.012837224705172217,p104|p238|p276,3,FALSE,TEM,growth,SAM
xxxx,-0.012837224705172217,p69|p104|p238|p276,4,FALSE,TEM,growth,SAM
