"id","effect","muts","cv","colors","enz"
"00000",0,0,NA,"#FFFFFF","TEM"
"00001",0.589949601325708,1,NA,"#FFE9E8","TEM"
"00010",-0.0241088635982073,1,NA,"#FFFFFF","TEM"
"00100",0.0530784434834197,1,NA,"#FFFBFB","TEM"
"01000",0,1,NA,"#FFFFFF","TEM"
"10000",0,1,NA,"#FFFFFF","TEM"
"00011",2.14612803567824,2,NA,"#FFADA9","TEM"
"00101",3.62634036737504,2,NA,"#FF746D","TEM"
"00110",0.0827853703164501,2,NA,"#FFFBFB","TEM"
"01001",1.94101424370557,2,NA,"#FFB4B0","TEM"
"01010",0.589949601325708,2,NA,"#FFE9E8","TEM"
"01100",0.589949601325708,2,NA,"#FFE9E8","TEM"
"10001",0.589949601325708,2,NA,"#FFE9E8","TEM"
"10010",0,2,NA,"#FFFFFF","TEM"
"10100",0.100370545117563,2,NA,"#FFFBFB","TEM"
"11000",0,2,NA,"#FFFFFF","TEM"
"00111",3.62634036737504,3,NA,"#FF746D","TEM"
"01011",3.62634036737504,3,NA,"#FF746D","TEM"
"01101",4.40993312333129,3,NA,"#FF554C","TEM"
"01110",0.421603926869831,3,NA,"#FFEDEC","TEM"
"10011",3.62634036737504,3,NA,"#FF746D","TEM"
"10101",3.62634036737504,3,NA,"#FF746D","TEM"
"10110",0.100370545117563,3,NA,"#FFFBFB","TEM"
"11001",3.62634036737504,3,NA,"#FF746D","TEM"
"11010",0,3,NA,"#FFFFFF","TEM"
"11100",0.728353782021228,3,NA,"#FFE2E1","TEM"
"01111",4.51719589794997,4,NA,"#FF5148","TEM"
"10111",4.40993312333129,4,NA,"#FF554C","TEM"
"11011",3.62634036737504,4,NA,"#FF746D","TEM"
"11101",4.33445375115093,4,NA,"#FF5850","TEM"
"11110",0.589949601325708,4,NA,"#FFE9E8","TEM"
"11111",4.61909333062674,5,NA,"#FF4E45","TEM"
