"id","effect","muts","cv","colors"
"00000",1,0,NA,"#FFFFFF"
"00001",1,1,NA,"#FFFFFF"
"00010",1,1,NA,"#FFFFFF"
"00100",1,1,NA,"#FFFFFF"
"01000",1,1,NA,"#FFFFFF"
"10000",1,1,NA,"#FFFFFF"
"00011",38.044098545085,2,NA,"#FFFFFF"
"00101",962.30406988648,2,NA,"#FFEDEC"
"00110",1.13192014817864,2,NA,"#FFFFFF"
"01001",22.4421593830334,2,NA,"#FFFFFF"
"01010",4.11205073995772,2,NA,"#FFFFFF"
"01100",3.44247787610619,2,NA,"#FFFFFF"
"10001",1,2,NA,"#FFFFFF"
"10010",1.05708245243129,2,NA,"#FFFFFF"
"10100",1.11504424778761,2,NA,"#FFFFFF"
"11000",1,2,NA,"#FFFFFF"
"00111",1017.23474618021,3,NA,"#FFEDEC"
"01011",1149.47526318364,3,NA,"#FFE9E8"
"01101",5846.62283595331,3,NA,"#FF9893"
"01110",2.46964395966248,3,NA,"#FFFFFF"
"10011",1149.47526318364,3,NA,"#FFE9E8"
"10101",962.30406988648,3,NA,"#FFEDEC"
"10110",1.17869370802073,3,NA,"#FFFFFF"
"11001",1087.40359897172,3,NA,"#FFEDEC"
"11010",1.05708245243129,3,NA,"#FFFFFF"
"11100",4.73451327433628,3,NA,"#FFFFFF"
"01111",7911.82580362386,4,NA,"#FF716A"
"10111",6180.36240587031,4,NA,"#FF918B"
"11011",1149.47526318364,4,NA,"#FFE9E8"
"11101",4913.89312282458,4,NA,"#FFA6A2"
"11110",3.63898295571479,4,NA,"#FFFFFF"
"11111",10004.0107425761,5,NA,"#FF4E45"
