genotype,avg,pos,mutations,likely,enzyme_name,measure_type,cond
x0000,0,p4205,1,FALSE,TEM,MIC,weinreich
0x000,0,p42,1,FALSE,TEM,MIC,weinreich
00x00,0.05307844348341968,p104,1,FALSE,TEM,MIC,weinreich
000x0,-0.02410886359820726,p182,1,FALSE,TEM,MIC,weinreich
0000x,0.5899496013257077,p238,1,TRUE,TEM,MIC,weinreich
xx000,0,p4205|p42,2,FALSE,TEM,MIC,weinreich
x0x00,0.04729210163414323,p4205|p104,2,FALSE,TEM,MIC,weinreich
x00x0,0.02410886359820726,p4205|p182,2,FALSE,TEM,MIC,weinreich
x000x,0,p4205|p238,2,FALSE,TEM,MIC,weinreich
0xx00,0.536871157842288,p42|p104,2,FALSE,TEM,MIC,weinreich
0x0x0,0.614058464923915,p42|p182,2,FALSE,TEM,MIC,weinreich
0x00x,1.351064642379862,p42|p238,2,FALSE,TEM,MIC,weinreich
00xx0,0.053815790431237645,p104|p182,2,FALSE,TEM,MIC,weinreich
00x0x,2.983312322565915,p104|p238,2,TRUE,TEM,MIC,weinreich
000xx,1.5802872979507376,p182|p238,2,FALSE,TEM,MIC,weinreich
xxx00,0.09111207906137751,p4205|p42|p104,3,FALSE,TEM,MIC,weinreich
xx0x0,-0.614058464923915,p4205|p42|p182,3,FALSE,TEM,MIC,weinreich
xx00x,1.6853261236694725,p4205|p42|p238,3,FALSE,TEM,MIC,weinreich
x0xx0,-0.053815790431237645,p4205|p104|p182,3,FALSE,TEM,MIC,weinreich
x0x0x,-0.04729210163414323,p4205|p104|p238,3,FALSE,TEM,MIC,weinreich
x00xx,1.456103468098597,p4205|p182|p238,3,FALSE,TEM,MIC,weinreich
0xxx0,-0.812111066212822,p42|p104|p182,3,FALSE,TEM,MIC,weinreich
0xx0x,-1.1043430442658981,p42|p104|p238,3,TRUE,TEM,MIC,weinreich
0x0xx,-0.48491077560697293,p42|p182|p238,3,FALSE,TEM,MIC,weinreich
00xxx,-1.6099942247837682,p104|p182|p238,3,FALSE,TEM,MIC,weinreich
xxxx0,0.6737068855173014,p4205|p42|p104|p182,4,FALSE,TEM,MIC,weinreich
xxx0x,-1.8519175749112136,p4205|p42|p104|p238,4,FALSE,TEM,MIC,weinreich
xx0xx,-2.551479990442362,p4205|p42|p182|p238,4,FALSE,TEM,MIC,weinreich
x0xxx,-0.6428037853093146,p4205|p104|p182|p238,4,FALSE,TEM,MIC,weinreich
0xxxx,0.7902261515145598,p42|p104|p182|p238,4,TRUE,TEM,MIC,weinreich
xxxxx,1.8856156187498554,p4205|p42|p104|p182|p238,5,TRUE,TEM,MIC,weinreich
