mean,max,obs,geno,enzyme_name,measure_type,cond
0.12378383624218403,0.5899496013257077,0,00000,TEM,MIC,weinreich
1.4859084606954318,3.0363907660493346,0.5899496013257077,00001,TEM,MIC,weinreich
0.7288246154283062,2.1702368992764454,-0.02410886359820726,00010,TEM,MIC,weinreich
1.0467830275502712,3.573261923891623,0.05307844348341968,00100,TEM,MIC,weinreich
0.7802283615892462,1.9410142437055697,0,01000,TEM,MIC,weinreich
0.17258003661081767,0.5899496013257077,0,10000,TEM,MIC,weinreich
1.480212331696804,1.480212331696804,2.146128035678238,00011,TEM,MIC,weinreich
0.26119758531875065,0.7835927559562519,3.6263403673750423,00101,TEM,MIC,weinreich
1.299986242804362,3.543554997058592,0.08278537031645007,00110,TEM,MIC,weinreich
1.9465237089882232,2.4689188796257246,1.9410142437055697,01001,TEM,MIC,weinreich
0.7593651634225834,3.0363907660493346,0.5899496013257077,01010,TEM,MIC,weinreich
1.26334734274841,3.8199835220055864,0.5899496013257077,01100,TEM,MIC,weinreich
3.0363907660493346,3.0363907660493346,0.5899496013257077,10001,TEM,MIC,weinreich
1.2422369708308685,3.6263403673750423,0,10010,TEM,MIC,weinreich
1.3846510197203816,3.5259698222574793,0.10037054511756291,10100,TEM,MIC,weinreich
1.4515647164654235,3.6263403673750423,0,11000,TEM,MIC,weinreich
0.8372241432655918,0.8908555305749317,3.6263403673750423,00111,TEM,MIC,weinreich
0.44542776528746586,0.8908555305749317,3.6263403673750423,01011,TEM,MIC,weinreich
0.015891701219158172,0.10726277461867983,4.409933123331294,01101,TEM,MIC,weinreich
2.13196882276801,4.095591971080143,0.42160392686983106,01110,TEM,MIC,weinreich
0.39179637797812594,0.7835927559562519,3.6263403673750423,10011,TEM,MIC,weinreich
0.7458530698660701,0.7835927559562519,3.6263403673750423,10101,TEM,MIC,weinreich
2.3995708172109382,4.309562578213732,0.10037054511756291,10110,TEM,MIC,weinreich
0.3540566918879442,0.7081133837758884,3.6263403673750423,11001,TEM,MIC,weinreich
2.108144984350375,3.6263403673750423,0,11010,TEM,MIC,weinreich
1.7338478942170907,3.606099969129702,0.7283537820212285,11100,TEM,MIC,weinreich
0.10189743267676832,0.10189743267676832,4.517195897949974,01111,TEM,MIC,weinreich
0.20916020729544815,0.20916020729544815,4.409933123331294,10111,TEM,MIC,weinreich
0.9927529632517,0.9927529632517,3.6263403673750423,11011,TEM,MIC,weinreich
0.28463957947581164,0.28463957947581164,4.334453751150931,11101,TEM,MIC,weinreich
4.029143729301035,4.029143729301035,0.5899496013257077,11110,TEM,MIC,weinreich
