MAE,Last MAE,Step,Enzyme,Linear MAE,Linear Last MAE
0.31164866867524565,0.6811793601346376,1,MPH,0.2620227444126955,0.7837741611895955
0.44297977761078794,3.0904443565077075,2,MPH,0.1126964813560331,0.24677552383917586
0.06487930126206921,0.9519675469825921,3,MPH,0.039087650335249496,0.038338492011274074
0.005381329575657209,0.17220254642102928,4,MPH,0.03260473160259231,0.033968951661995206
5.811323644522304e-17,4.440892098500626e-16,5,MPH,0.032534962492506835,0.03187854476020827
