"model_order","R2","(Adjusted)","Delta R2"
"order1","0.696636685170764","0.679783167680251","0.696636685170764"
"order2","0.944461540067082","0.93404807882966","0.247824854896318"
"order3","0.992085825605056","0.989259334749719","0.047624285537974"
"order4","0.993948142749524","0.99115497786469","0.00186231714446849"
"order5","0.994052708124223","0.991171988621893","0.000104565374698495"
