"id","effect","muts","cv","colors","enz"
"00000",0,0,0.131733755190957,"#FFFFFF","MPH"
"00001",0.178976947293169,1,0.0325837160193674,"#FFF0F0","MPH"
"00010",-0.614393726401688,1,0.0542798716727204,"#C7F3FF","MPH"
"00100",1.15228834438306,1,0.000759557499637657,"#FF9893","MPH"
"01000",0.176091259055681,1,0.00201880797763344,"#FFF0F0","MPH"
"10000",0.416640507338281,1,0.00358158920940242,"#FFDBD9","MPH"
"00011",-0.354577730650908,2,0.0102856347822633,"#DDF7FF","MPH"
"00101",0.974050902792877,2,0.00633023239024685,"#FFAAA5","MPH"
"00110",0.439332693830263,2,0.00939247120934344,"#FFD8D6","MPH"
"01001",0.40823996531185,2,0.0056760078231608,"#FFDBD9","MPH"
"01010",-0.508638306165727,2,0.0151164890754969,"#CEF4FF","MPH"
"01100",1.24551266781415,2,0.00569219073227181,"#FF918B","MPH"
"10001",0.110589710299249,2,0.0136911365786485,"#FFF4F3","MPH"
"10010",-0.527243550682788,2,0.00421658165037885,"#CEF4FF","MPH"
"10100",0.534026106056135,2,0.00784680359270879,"#FFD0CE","MPH"
"11000",0.507855871695831,2,0.00370790610883687,"#FFD0CE","MPH"
"00111",0.8926510338773,3,0.00395301888225751,"#FFB1AD","MPH"
"01011",-0.236572006437063,3,0.0127658213981622,"#E8FAFF","MPH"
"01101",1.19312459835446,3,0.000245549287631102,"#FF948F","MPH"
"01110",0.553883026643874,3,0.00462469603947383,"#FFCDCA","MPH"
"10011",-0.0767559813697235,3,0.00245992862261301,"#F7FDFF","MPH"
"10101",0.232996110392154,3,0.0160860286201334,"#FFE9E8","MPH"
"10110",0.252853030979893,3,0.00325272060128189,"#FFE9E8","MPH"
"11001",1.07918124604762,3,0.000534025863212622,"#FF9F9A","MPH"
"11010",-0.0716041477432862,3,0.00230953214456089,"#F7FDFF","MPH"
"11100",0.852479993636856,3,0.00154059617745343,"#FFB4B0","MPH"
"01111",1.06445798922692,4,0.00461475957157706,"#FF9F9A","MPH"
"10111",0.932980821923198,4,0.0904653557053488,"#FFADA9","MPH"
"11011",1.06069784035361,4,0.00966345694375946,"#FF9F9A","MPH"
"11101",1.23552844690755,4,0.00174242571023708,"#FF918B","MPH"
"11110",0.677606952720493,4,0.0217305356160026,"#FFC2BF","MPH"
"11111",1.99078269180314,5,0.00939016957311472,"#FF4E45","MPH"
