"indices","effect"
"INTERCEPT",0.490426499546006
"72",0.166053652713099
"193",0.42118573087776
"258",0.793468609359199
"271",-0.301160895546822
"273",0.350413897283688
"72|193",0.263058166244289
"72|258",-0.26979763348885
"72|271",0.208223066483611
"72|273",0.138152211954426
"193|258",0.00605010082189447
"193|271",0.0294270557431334
"193|273",0.195065486664304
"258|271",0.222154242937081
"258|273",-0.00135157937724056
"271|273",0.283016156718191
"72|193|258",0.013920903838052
"72|193|271",0.0581567297546291
"72|193|273",0.167061153405966
"72|258|271",0.116519647447384
"72|258|273",0.0279396313044499
"72|271|273",0.119581966293176
"193|258|271",-0.0110782207869502
"193|258|273",-0.00543458626278195
"193|271|273",-0.0209169658739147
"258|271|273",0.104477772580891
"72|193|258|271",-0.0337292971331662
"72|193|258|273",-0.0232657325629606
"72|193|271|273",-0.00861764427051434
"72|258|271|273",-0.0314233966079462
"193|258|271|273",0.00781664514132098
"72|193|258|271|273",0.0125424414107214
