"id","effect","muts","cv","colors"
"00000",1,0,0.131733755190957,"#FFE9E8"
"00001",1,1,0.0325837160193674,"#FFE9E8"
"00010",1,1,0.0542798716727204,"#FFE9E8"
"00100",1,1,0.000759557499637657,"#FFE9E8"
"01000",1,1,0.00201880797763344,"#FFE9E8"
"10000",1,1,0.00358158920940242,"#FFE9E8"
"00011",1.20458943122666,2,0.0102856347822633,"#FFE2E1"
"00101",0.43932468986102,2,0.00633023239024685,"#FFF4F3"
"00110",0.796962847041094,2,0.00939247120934344,"#FFEDEC"
"01001",1.13024282560706,2,0.0056760078231608,"#FFE6E4"
"01010",0.850480109739369,2,0.0151164890754969,"#FFEDEC"
"01100",0.826291079812207,2,0.00569219073227181,"#FFEDEC"
"10001",0.327319783816701,2,0.0136911365786485,"#FFF7F7"
"10010",0.468284376330353,2,0.00421658165037885,"#FFF4F3"
"10100",0.092277804759592,2,0.00784680359270879,"#FFFBFB"
"11000",0.822477650063857,2,0.00370790610883687,"#FFEDEC"
"00111",1.49892350039517,3,0.00395301888225751,"#FFDFDD"
"01011",1.05378864270206,3,0.0127658213981622,"#FFE6E4"
"01101",0.485029381587538,3,0.000245549287631102,"#FFF4F3"
"01110",0.691667149674453,3,0.00462469603947383,"#FFF0F0"
"10011",0.875024655751413,3,0.00245992862261301,"#FFEDEC"
"10101",0.0305555644899311,3,0.0160860286201334,"#FFFFFF"
"10110",0.198754928067371,3,0.00325272060128189,"#FFFBFB"
"11001",2.02989013219659,3,0.000534025863212622,"#FFD0CE"
"11010",0.891369587268552,3,0.00230953214456089,"#FFE9E8"
"11100",0.128073678340798,3,0.00154059617745343,"#FFFBFB"
"01111",1.48420935591839,4,0.00461475957157706,"#FFDFDD"
"10111",0.630185997830986,4,0.0904653557053488,"#FFF0F0"
"11011",8.00539661188643,4,0.00966345694375946,"#FF4E45"
"11101",0.204895013343788,4,0.00174242571023708,"#FFFBFB"
"11110",0.352355105251653,4,0.0217305356160026,"#FFF7F7"
"11111",4.79931615617686,5,0.00939016957311472,"#FF948F"
