MAE,Last MAE,Step,Enzyme,Linear MAE,Linear Last MAE
0.32102900393014133,0.910371142129101,1,NfsA,0.14964117272084554,0.12141964937200415
0.23994905472084163,0.19600952744111666,2,NfsA,0.1014034685253686,0.04558516715084888
0.23745764196250743,0.7070745006220085,3,NfsA,0.0734083092529147,0.013832749918340017
0.14961394030622313,2.2308696884047454,4,NfsA,0.05790910191157046,0.016219260232675344
0.06965999023420301,3.5017116355129185,5,NfsA,0.05212195549703629,0.016359563763935294
0.014945745929313699,1.9130554789521432,6,NfsA,0.049677140703039364,0.01420716193620378
8.706821071416404e-17,8.881784197001252e-16,7,NfsA,0.04814298678003008,0.013517635451186798
