"model_order","R2","(Adjusted)","Delta R2"
"order1","0.769000014451462","0.766481323020247","0.769000014451462"
"order2","0.897854644907871","0.893249057238661","0.128854630456409"
"order3","0.950802875655466","0.945513765017743","0.0529482307475945"
"order4","0.969588428273059","0.964179473592042","0.018785552617593"
"order5","0.975888417402483","0.970474684706059","0.00629998912942387"
"order6","0.978073234650224","0.972790686975135","0.00218481724774144"
"order7","0.979197711283086","0.974136618051194","0.0011244766328623"
