"genotype","predicted effect"
"RSLTL",1.37359324250345
"LSLTL",1.06397389829214
"R-LTL",0.767949802042844
"RSHTL",0.709796724569892
"RSLIL",1.3874176068984
"RSLTF",0.885908323749165
"L-LTL",0.737111153148849
"LSHTL",0.36739020177155
"LSLIL",1.4988605617873
"LSLTF",0.813053078562104
"R-HTL",0.29298640833608
"R-LIL",0.829732793691279
"R-LTF",0.712435697740278
"RSHIL",0.221051143445564
"RSHTF",0.76556090538679
"RSLIF",1.11010764318025
"L-HTL",0.183427057144765
"L-LIL",1.27086429711562
"L-LTF",0.741180373320616
"LSHIL",0.505408279008628
"LSHTF",0.405005692685732
"LSLIF",1.25972187875137
"R-HIL",0.216358529999789
"R-HTF",0.509729220171321
"R-LIF",0.925039702427845
"RSHIF",0.505463719860261
"L-HIL",0.209766487278833
"L-HTF",0.24518760056974
"L-LIF",1.09199204852737
"LSHIF",0.193209712424714
"R-HIF",0.495444092409196
"L-HIF",-0.000587975532880829
