"id","effect","muts","cv","colors","enz"
"00000",0,0,0.00395765527227564,"#FFFFFF","MPH"
"00001",0.214843848047698,1,0.0274919597617427,"#FFE6E4","MPH"
"00010",0.24551266781415,1,0.00273568938143689,"#FFE2E1","MPH"
"00100",1.09342168516224,1,0.000511741009075825,"#FF7F79","MPH"
"01000",0.193124598354462,1,0.00467634841019671,"#FFE9E8","MPH"
"10000",0.495544337546448,1,0.00216613765399474,"#FFC6C3","MPH"
"00011",0.184691430817599,2,0.0024224478605071,"#FFE9E8","MPH"
"00101",1.27415784926368,2,0.019189677365011,"#FF6A62","MPH"
"00110",0.74350976472843,2,0.0144475064474399,"#FFA6A2","MPH"
"01001",0.505149978319906,2,0.00112985157247951,"#FFC2BF","MPH"
"01010",0.40823996531185,2,0.0228199119322542,"#FFCDCA","MPH"
"01100",1.26007138798507,2,0.000868053504665206,"#FF6A62","MPH"
"10001",0.225309281725863,2,0.0629123666256151,"#FFE6E4","MPH"
"10010",0.511883360978874,2,0.012268183875835,"#FFC2BF","MPH"
"10100",0.926342446625655,2,0.00984622411703912,"#FF918B","MPH"
"11000",0.509202522331103,2,0.0237438224511057,"#FFC2BF","MPH"
"00111",0.741151598851785,3,0.0277849114482691,"#FFA6A2","MPH"
"01011",0.371067862271736,3,0.0241254362162306,"#FFD4D2","MPH"
"01101",1.50242711998443,3,0.0274392505544187,"#FF4E45","MPH"
"01110",0.816241299991783,3,0.0209874774198692,"#FF9F9A","MPH"
"10011",0.296665190261531,3,0.0188055674726495,"#FFDBD9","MPH"
"10101",0.834420703681533,3,0.032935746510144,"#FF9B96","MPH"
"10110",0.713490543093943,3,0.00792742283677658,"#FFAAA5","MPH"
"11001",0.222716471147583,3,0.00586286119914141,"#FFE6E4","MPH"
"11010",0.76715586608218,3,0.00913701352075187,"#FFA29E","MPH"
"11100",1.11058971029925,3,0.000395076031847342,"#FF7C75","MPH"
"01111",1.06445798922692,4,0.0106059339763207,"#FF837C","MPH"
"10111",0.769377326076139,4,0.00876494779552217,"#FFA29E","MPH"
"11011",0.712649701627211,4,0.0187024698973847,"#FFAAA5","MPH"
"11101",1.38738982633873,4,0.00382519863146547,"#FF5C53","MPH"
"11110",0.887054378050957,4,0.00627109502129048,"#FF948F","MPH"
"11111",1.3747483460101,5,0.00544607073749826,"#FF5C53","MPH"
