"indices","effect"
"INTERCEPT",0.696691871914652
"72",0.070188200722247
"193",0.23980658278036
"258",0.665234018888056
"271",-0.0715975713298882
"273",0.0610772795500699
"72|193",0.0363463000665316
"72|258",-0.13075976038123
"72|271",0.112515707903294
"72|273",-0.0749276612297955
"193|258",0.0497347129333245
"193|271",0.0344777616004312
"193|273",0.0876053084094986
"258|271",-0.213218799047609
"258|273",0.112680796602542
"271|273",-0.00880633009709163
"72|193|258",0.0545796093270374
"72|193|271",0.0523088725323708
"72|193|273",0.0324496045804378
"72|258|271",0.0441979924336962
"72|258|273",0.0824701045867939
"72|271|273",0.0903297193779957
"193|258|271",-0.0295561781005471
"193|258|273",0.0524002117474929
"193|271|273",0.0214302588258342
"258|271|273",0.032560909598261
"72|193|258|271",-0.048139627904761
"72|193|258|273",0.0287417969891801
"72|193|271|273",0.00680218955174581
"72|258|271|273",-0.0237853068603478
"193|258|271|273",0.010354434605556
"72|193|258|271|273",-0.0236983974838842
