"id","effect","muts","cv","colors"
"00000",1,0,0.00395765527227564,"#FF716A"
"00001",1,1,0.0274919597617427,"#FF716A"
"00010",1,1,0.00273568938143689,"#FF716A"
"00100",1,1,0.000511741009075825,"#FF716A"
"01000",1,1,0.00467634841019671,"#FF716A"
"10000",1,1,0.00216613765399474,"#FF716A"
"00011",0.530072062084257,2,0.0024224478605071,"#FFB4B0"
"00101",0.924468922108576,2,0.019189677365011,"#FF7C75"
"00110",0.253848973607038,2,0.0144475064474399,"#FFDBD9"
"01001",1.25078173858662,2,0.00112985157247951,"#FF4E45"
"01010",0.932400932400932,2,0.0228199119322542,"#FF7C75"
"01100",0.940860215053763,2,0.000868053504665206,"#FF7871"
"10001",0.327281228083846,2,0.0629123666256151,"#FFD0CE"
"10010",0.589965146674412,2,0.012268183875835,"#FFAAA5"
"10100",0.217458517984129,2,0.00984622411703912,"#FFDFDD"
"11000",0.661505693454575,2,0.0237438224511057,"#FFA29E"
"00111",0.153947768399971,3,0.0277849114482691,"#FFE9E8"
"01011",0.521899340496901,3,0.0241254362162306,"#FFB4B0"
"01101",1.00239060703262,3,0.0274392505544187,"#FF716A"
"01110",0.192389935333484,3,0.0209874774198692,"#FFE2E1"
"10011",0.21916153666329,3,0.0188055674726495,"#FFDFDD"
"10101",0.1073027451907,3,0.032935746510144,"#FFF0F0"
"10110",0.0756853550448315,3,0.00792742283677658,"#FFF4F3"
"11001",0.208546875343416,3,0.00586286119914141,"#FFE2E1"
"11010",0.680729015393552,3,0.00913701352075187,"#FF9F9A"
"11100",0.213058609946171,3,0.000395076031847342,"#FFDFDD"
"01111",0.207756772469597,4,0.0106059339763207,"#FFE2E1"
"10111",0.0524873670405729,4,0.00876494779552217,"#FFF7F7"
"11011",0.36612067119353,4,0.0187024698973847,"#FFC9C7"
"11101",0.245728402471477,4,0.00382519863146547,"#FFDBD9"
"11110",0.0723520913797117,4,0.00627109502129048,"#FFF4F3"
"11111",0.135612964292427,5,0.00544607073749826,"#FFEDEC"
