"indices","effect"
"INTERCEPT",-1.27485194260454
"66",-0.122558870470041
"76",-0.398056395447718
"124",-0.373819897775286
"132",0.0415319176901256
"156",-0.60867730511009
"243",-0.0490327144309086
"66|76",0.10953587572765
"66|124",-0.118012090093296
"66|132",-0.0282503607631729
"66|156",0.115939845814524
"66|243",0.0366783561554365
"76|124",0.190988212754457
"76|132",0.0032424815151776
"76|156",0.408472034777617
"76|243",0.0461767231494802
"124|132",0.00158848768917702
"124|156",0.381899162503758
"124|243",-0.0355877471372844
"132|156",-0.0345497115365014
"132|243",0.0254409693847599
"156|243",0.0590975765768639
"66|76|124",0.110340619610656
"66|76|132",0.00912636602538479
"66|76|156",-0.106729137505205
"66|76|243",-0.0578813780574632
"66|124|132",-0.0047214834687197
"66|124|156",0.114456234592781
"66|124|243",0.0494998662666738
"66|132|156",0.030064646734815
"66|132|243",-0.00447570828492379
"66|156|243",-0.0415230800325907
"76|124|132",-0.035419945929559
"76|124|156",-0.185144029073213
"76|124|243",0.0587778264665563
"76|132|156",-0.00112459068395936
"76|132|243",-0.0284100789079432
"76|156|243",-0.0384630470630506
"124|132|156",0.0017040749821311
"124|132|243",0.0297451525685864
"124|156|243",0.0404105626091114
"132|156|243",-0.0225124673234554
"66|76|124|132",0.0325555049884717
"66|76|124|156",-0.1120391662166
"66|76|124|243",-0.0454165862698759
"66|76|132|156",-0.00307631334634932
"66|76|132|243",0.0486347006073271
"66|76|156|243",0.0550279035521224
"66|124|132|156",0.00685304621829274
"66|124|132|243",-0.04985637784692
"66|124|156|243",-0.0535460903428597
"66|132|156|243",0.00526409173877055
"76|124|132|156",0.0368345136754258
"76|124|132|243",-0.0241562819363244
"76|124|156|243",-0.0557642086138258
"76|132|156|243",0.0291054760121536
"124|132|156|243",-0.0284211500935858
"66|76|124|132|156",-0.0286041388301247
"66|76|124|132|243",0.00414548880243302
"66|76|124|156|243",0.0425790865009691
"66|76|132|156|243",-0.0455798089889988
"66|124|132|156|243",0.0506627216399258
"76|124|132|156|243",0.0233149434402314
