"model_order","R2","(Adjusted)","Delta R2"
"order1","0.910357338962969","0.893118365686617","0.910357338962969"
"order2","0.979348059033297","0.959986864377013","0.0689907200703282"
"order3","0.996090978768988","0.979803390306436","0.0167429197356905"
"order4","0.999343457127948","0.979647170966396","0.00325247835896025"
