"indices","effect"
"INTERCEPT",-0.991323250556423
"67",-0.0801068041545138
"142",0.0231157583107638
"154",-0.186115794789931
"158",-1.6461946632691
"180",0.0685458540399304
"215",0.0344078685399305
"67|142",0.0925869743940971
"67|154",0.0518415534809028
"67|158",-0.00820026824826398
"67|180",-0.0672950789809029
"67|215",0.0603661081857639
"142|154",0.042051430029514
"142|158",-0.0300951206996528
"142|180",0.0204290243454862
"142|215",0.0469988804704861
"154|158",0.070290298574653
"154|180",0.0069186638628472
"154|215",0.0208256498836806
"158|180",0.0529973702170138
"158|215",-0.0225238047621527
"180|215",-0.0155626911753471
"67|142|154",-0.0196578135329861
"67|142|158",0.069454933404514
"67|142|180",0.0200875033246528
"67|142|215",-0.0330761593836805
"67|154|158",0.0222226823663196
"67|154|180",0.0480172391545139
"67|154|215",-0.0550242042829861
"67|158|180",-0.0625159824913194
"67|158|215",0.0675840519045141
"67|180|215",0.0714987719079862
"142|154|158",0.0279193926649305
"142|154|180",0.0416833201475694
"142|154|215",-0.014035418498264
"142|158|180",-0.0794389730815972
"142|158|215",0.0297742297725693
"142|180|215",0.0242519754149304
"154|158|180",-0.0854969917725694
"154|158|215",0.00991805089409711
"154|180|215",0.0313664539184026
"158|180|215",-0.0983273173940974
"67|142|154|158",-0.0509902276684028
"67|142|154|180",-0.0705470196857639
"67|142|154|215",0.0373634547934027
"67|142|158|180",0.0484437216684027
"67|142|158|215",-0.041147832685764
"67|142|180|215",-0.0751605952934028
"67|154|158|180",0.0642713581232638
"67|154|158|215",-0.0553138520434029
"67|154|180|215",-0.030572305810764
"67|158|180|215",0.0141605724600694
"142|154|158|180",0.0654700061996529
"142|154|158|215",-0.0632611061753471
"142|154|180|215",-0.101087738887153
"142|158|180|215",0.047169139217014
"154|158|180|215",0.0876494561788195
"67|142|154|158|180",-0.0531071164878472
"67|142|154|158|215",0.0430537549704862
"67|142|154|180|215",0.067166130717014
"67|142|158|180|215",-0.0138438425121528
"67|154|158|180|215",-0.0355149274045138
"142|154|158|180|215",-0.00782678973090289
"67|142|154|158|180|215",-0.0271054741892362
