MAE,Last MAE,Step,Enzyme,Linear MAE,Linear Last MAE
0.5446190919703252,0.7061981580368404,1,TEM,0.3072683640678168,0.5467729400244782
0.2715367039481345,1.5095307129076505,2,TEM,0.2530849315738767,0.5348259750751899
0.11539159008963601,1.8462654414341757,3,TEM,0.11537370260653071,0.11537370260653068
