MAE,Last MAE,Step,Enzyme,Linear MAE,Linear Last MAE
0.8207463069701785,0.9659835502389957,1,TEM,0.48314062500000005,0.9816875
0.49110921599541313,2.5379388191031005,2,TEM,0.4455546875000001,0.9065625000000002
0.19647587009805223,3.143613921568835,3,TEM,0.1965625,0.1965625000000002
