"id","effect","muts","cv","colors"
"0000",1,0,NA,"#FFB1AD"
"0001",1,1,NA,"#FFB1AD"
"0010",1,1,NA,"#FFB1AD"
"0100",1,1,NA,"#FFB1AD"
"1000",1,1,NA,"#FFB1AD"
"0011",2.28790213381893,2,NA,"#FF4E45"
"0101",0.157789845135575,2,NA,"#FFF4F3"
"0110",0.114739629302736,2,NA,"#FFF4F3"
"1001",1.42054678875252,2,NA,"#FF918B"
"1010",0.876318039327444,2,NA,"#FFBBB8"
"1100",0.118011382658185,2,NA,"#FFF4F3"
"0111",5.18013755818755,3,NA,"#FFEDEC"
"1011",0.0598289116120316,3,NA,"#FFF0F0"
"1101",3.42625449499343,3,NA,"#FFF7F7"
"1110",0.433703830851729,3,NA,"#FFFFFF"
"1111",70.1884159990175,4,NA,"#FFF0F0"
