genotype,avg,pos,mutations
x000,0.02530586526477026,p69,1
x001,0.055207375785834165,p69,1
x010,0.03291153623044285,p69,1
x011,-2.146128035678238,p69,1
x100,-1.4283023997999191,p69,1
x101,-0.04621440220924128,p69,1
x110,-2.174497516049124,p69,1
x111,0.1422633206806445,p69,1
0x00,1.4927603890268375,p104,1
0x01,0.05338452113950175,p104,1
0x10,0.3575645772408482,p104,1
0x11,-0.0769310105372143,p104,1
1x00,0.03915212396214819,p104,1
1x01,-0.048037256855573696,p104,1
1x10,-1.8498444750387184,p104,1
1x11,2.2114603458216684,p104,1
00x0,1.7759743311293692,p238,1
00x1,2.262724725038551,p238,1
01x0,0.6407785193433799,p238,1
01x1,2.132409193361835,p238,1
10x0,1.7835800020950419,p238,1
10x1,0.06138931357447876,p238,1
11x0,-0.10541659690582483,p238,1
11x1,2.3208869162517205,p238,1
000x,-0.07520400420208784,p276,1
001x,0.4115463897070939,p276,1
010x,-1.5145798720894237,p276,1
011x,-0.022949198070968624,p276,1
100x,-0.04530249368102394,p276,1
101x,-1.767493182201587,p276,1
110x,-0.13249187449874583,p276,1
111x,2.2938116386588,p276,1
xx00,-1.4536082650646893,p69|p104,2
xx01,-0.10142177799507544,p69|p104,2
xx10,-2.2074090522795666,p69|p104,2
xx11,2.2883913563588827,p69|p104,2
x0x0,0.007605670965672589,p69|p238,2
x0x1,-2.2013354114640724,p69|p238,2
x1x0,-0.7461951162492049,p69|p238,2
x1x1,0.1884777228898858,p69|p238,2
x00x,0.029901510521063903,p69|p276,2
x01x,-2.179039571908681,p69|p276,2
x10x,1.382087997590678,p69|p276,2
x11x,2.3167608367297685,p69|p276,2
0xx0,-1.1351958117859893,p104|p238,2
0xx1,-0.13031553167671606,p104|p238,2
1xx0,-1.8889965990008666,p104|p238,2
1xx1,2.259497602677242,p104|p238,2
0x0x,-1.4393758678873358,p104|p276,2
0x1x,-0.4344955877780625,p104|p276,2
1x0x,-0.08718938081772189,p104|p276,2
1x1x,4.061304820860387,p104|p276,2
00xx,0.48675039390918173,p238|p276,2
01xx,1.491630674018455,p238|p276,2
10xx,-1.7221906885205631,p238|p276,2
11xx,2.4263035131575452,p238|p276,2
xxx0,-0.7538007872148773,p69|p104|p238,3
xxx1,2.389813134353958,p69|p104|p238,3
xx0x,1.3521864870696139,p69|p104|p276,3
xx1x,4.495800408638449,p69|p104|p276,3
x0xx,-2.208941082429745,p69|p238|p276,3
x1xx,0.9346728391390906,p69|p238|p276,3
0xxx,1.004880280109273,p104|p238|p276,3
1xxx,4.148494201678108,p104|p238|p276,3
xxxx,3.1436139215688352,p69|p104|p238|p276,4
