genotype,avg,pos,mutations
x000,0.06445798922691845,p69,1
x001,0.21691353194084415,p69,1
x010,0.007119741122947998,p69,1
x011,-1.0635136137922192,p69,1
x100,-0.8636181120497923,p69,1
x101,-0.17634295102557915,p69,1
x110,-1.283763101919183,p69,1
x111,0.02668860291011299,p69,1
0x00,1.0128372247051722,p104,1
0x01,0.2109162746337405,p104,1
0x10,0.0725506671486118,p104,1
0x11,-0.01502899036511951,p104,1
1x00,0.08476112342846143,p104,1
1x01,-0.1823402083326828,p104,1
1x10,-1.2183321758935193,p104,1
1x11,1.0751732263372127,p104,1
00x0,1.08278537031645,p238,1
00x1,1.442222813666707,p238,1
01x0,0.14249881275988963,p238,1
01x1,1.216277548667847,p238,1
10x0,1.0254471222124797,p238,1
10x1,0.16179566793364364,p238,1
11x0,-0.2776461771095012,p238,1
11x1,1.4193091026035392,p238,1
000x,-0.2749054789185309,p276,1
001x,0.08453196443172595,p276,1
010x,-1.0768264289899627,p276,1
011x,-0.003047693082005365,p276,1
100x,-0.1224499362046052,p276,1
101x,-0.9861013904834411,p276,1
110x,-0.38955126796574946,p276,1
111x,1.3074040117472907,p276,1
xx00,-0.9280761012767108,p69|p104,2
xx01,-0.3932564829664233,p69|p104,2
xx10,-1.290882843042131,p69|p104,2
xx11,1.0902022167023322,p69|p104,2
x0x0,-0.05733824810397045,p69|p238,2
x0x1,-1.2804271457330634,p69|p238,2
x1x0,-0.42014498986939075,p69|p238,2
x1x1,0.20303155393569214,p69|p238,2
x00x,0.1524555427139257,p69|p276,2
x01x,-1.0706333549151672,p69|p276,2
x10x,0.6872751610242132,p69|p276,2
x11x,1.310451704829296,p69|p276,2
0xx0,-0.9402865575565604,p104|p238,2
0xx1,-0.22594526499886,p104|p238,2
1xx0,-1.3030932993219806,p104|p238,2
1xx1,1.2575134346698955,p104|p238,2
0x0x,-0.8019209500714317,p104|p276,2
0x1x,-0.08757965751373131,p104|p276,2
1x0x,-0.26710133176114426,p104|p276,2
1x1x,2.293505402230732,p104|p276,2
00xx,0.35943744335025696,p238|p276,2
01xx,1.0737787359079574,p238|p276,2
10xx,-0.863651454278836,p238|p276,2
11xx,1.6969552797130403,p238|p276,2
xxx0,-0.36280674176542027,p69|p104|p238,3
xxx1,1.4834586996687555,p69|p104|p238,3
xx0x,0.5348196183102876,p69|p104|p276,3
xx1x,2.3810850597444633,p69|p104|p276,3
x0xx,-1.223088897629093,p69|p238|p276,3
x1xx,0.6231765438050829,p69|p238|p276,3
0xxx,0.7143412925577004,p104|p238|p276,3
1xxx,2.560606733991876,p104|p238|p276,3
xxxx,1.8462654414341757,p69|p104|p238|p276,4
