pos,mutations,idiosync
p69,Order 1,2.0792587402220413
p104,Order 1,2.400891935582248
p238,Order 1,2.0054773445964376
p276,Order 1,2.482376296485666
p69|p104,Order 2,3.9479022117341485
p69|p238,Order 2,2.174289496497033
p69|p276,Order 2,3.903204613994065
p104|p238,Order 2,3.6109146319370056
p104|p276,Order 2,4.852440202956034
p238|p276,Order 2,3.5619908568700644
p69|p104|p238,Order 3,4.445741442747518
p69|p104|p276,Order 3,4.445741442747519
p69|p238|p276,Order 3,4.445741442747519
p104|p238|p276,Order 3,4.445741442747518
