pos,mutations,idiosync
p69,Order 1,1.17796890458773
p104,Order 1,1.4384987914352518
p238,Order 1,1.3302251413107042
p276,Order 1,1.4782099250550687
p69|p104,Order 2,2.094998566625468
p69|p238,Order 2,1.294147302700041
p69|p276,Order 2,2.0224647507440334
p104|p238,Order 2,2.2649386649228624
p104|p276,Order 2,2.746906183832803
p238|p276,Order 2,2.198019979368232
p69|p104|p238,Order 3,2.611013627016961
p69|p104|p276,Order 3,2.6110136270169604
p69|p238|p276,Order 3,2.611013627016961
p104|p238|p276,Order 3,2.6110136270169604
