"model_order","R2","(Adjusted)","Delta R2"
"order1","0.608243774033746","0.465786964591472","0.608243774033746"
"order2","0.704902282044703","0.114706846134109","0.0966585080109571"
"order3","0.961028455629055","0.415426834435819","0.256126173584352"
