"model_order","R2","(Adjusted)","Delta R2"
"order1","0.57411466500184","0.419247270457055","0.57411466500184"
"order2","0.728338399900402","0.185015199701207","0.154223734898562"
"order3","0.961861891374008","0.427928370610122","0.233523491473606"
