"id","effect","muts","cv","colors","enz"
"0000",0,0,NA,"#FFFFFF","TEM"
"0001",-0.274905478918531,1,NA,"#D2F5FF","TEM"
"0010",1.08278537031645,1,NA,"#FF5C53","TEM"
"0100",1.01283722470517,1,NA,"#FF665F","TEM"
"1000",0.0644579892269184,1,NA,"#FFF4F3","TEM"
"0011",1.16731733474818,2,NA,"#FF4E45","TEM"
"0101",-0.0639892042847904,2,NA,"#F3FCFF","TEM"
"0110",1.15533603746506,2,NA,"#FF5148","TEM"
"1001",-0.0579919469776868,2,NA,"#F7FDFF","TEM"
"1010",1.0899051114394,2,NA,"#FF5C53","TEM"
"1100",0.14921911265538,2,NA,"#FFE9E8","TEM"
"0111",1.15228834438306,3,NA,"#FF5148","TEM"
"1011",0.103803720955957,3,NA,"#FFF0F0","TEM"
"1101",-0.24033215531037,3,NA,"#D9F7FF","TEM"
"1110",-0.128427064454121,3,NA,"#ECFBFF","TEM"
"1111",1.17897694729317,4,NA,"#FF4E45","TEM"
