"indices","effect"
"INTERCEPT",0.8543125
"69",-0.692375
"104",0.272125
"238",1.359125
"276",-0.106875
"69|104",-0.184375
"69|238",-0.343875
"69|276",0.194125
"104|238",-0.112375
"104|276",0.261625
"238|276",0.335125
"69|104|238",0.204125
"69|104|276",0.731125
"69|238|276",-0.158875
"104|238|276",0.643625
