"indices","effect"
"INTERCEPT",0.461807992850276
"69",-0.384621918899866
"104",0.130309982999715
"238",0.776615711542135
"276",-0.182950999767112
"69|104",-0.190596709953469
"69|238",-0.194016734198683
"69|276",0.135611569857136
"104|238",-0.151510920244818
"104|276",0.141724422304916
"238|276",0.282682302133494
"69|104|238",0.139888902603231
"69|104|276",0.364832833259947
"69|238|276",-0.075302540298178
"104|238|276",0.409485349372318
