"indices","sign","effect"
"238|276",0,0.359437443350257
"104|276",1,-0.801920950071432
"104|238",0,-0.94028655755656
"104|238|276",0,-0.668428771720035
"69|238|276",0,-0.768534159668881
"69|104",0,-0.928076101276711
"69|104|276",1,-1.04272189032393
"69|104|238",1,-2.28850764870266
"69|104|238|276",0,-0.70619815803684
