p69,x000,1,0,TEM,growth,CTX
p69,x001,2,0.1524555427139257,TEM,growth,CTX
p69,x010,2,-0.05733824810397045,TEM,growth,CTX
p69,x011,3,-1.1279716030191376,TEM,growth,CTX
p69,x100,2,-0.9280761012767108,TEM,growth,CTX
p69,x101,3,-0.2408009402524976,TEM,growth,CTX
p69,x110,3,-1.3482210911461014,TEM,growth,CTX
p69,x111,4,-0.03776938631680546,TEM,growth,CTX
p104,0x00,1,0,TEM,growth,CTX
p104,0x01,2,-0.8019209500714317,TEM,growth,CTX
p104,0x10,2,-0.9402865575565604,TEM,growth,CTX
p104,0x11,3,-1.0278662150702917,TEM,growth,CTX
p104,1x00,2,-0.9280761012767108,TEM,growth,CTX
p104,1x01,3,-1.195177433037855,TEM,growth,CTX
p104,1x10,3,-2.2311694005986915,TEM,growth,CTX
p104,1x11,4,0.06233600163204045,TEM,growth,CTX
p238,00x0,1,0,TEM,growth,CTX
p238,00x1,2,0.35943744335025696,TEM,growth,CTX
p238,01x0,2,-0.9402865575565604,TEM,growth,CTX
p238,01x1,3,0.13349217835139693,TEM,growth,CTX
p238,10x0,2,-0.05733824810397037,TEM,growth,CTX
p238,10x1,3,-0.9209897023828064,TEM,growth,CTX
p238,11x0,3,-1.3604315474259512,TEM,growth,CTX
p238,11x1,4,0.3365237322870891,TEM,growth,CTX
p276,000x,1,0,TEM,growth,CTX
p276,001x,2,0.35943744335025685,TEM,growth,CTX
p276,010x,2,-0.8019209500714318,TEM,growth,CTX
p276,011x,3,0.27185778583652553,TEM,growth,CTX
p276,100x,2,0.1524555427139257,TEM,growth,CTX
p276,101x,3,-0.7111959115649102,TEM,growth,CTX
p276,110x,3,-0.11464578904721856,TEM,growth,CTX
p276,111x,4,1.5823094906658217,TEM,growth,CTX
