genotype,avg,pos,mutations,likely,enzyme_name,measure_type,cond
x000,0.06445798922691845,p69,1,FALSE,TEM,growth,CTX
0x00,1.0128372247051722,p104,1,FALSE,TEM,growth,CTX
00x0,1.08278537031645,p238,1,TRUE,TEM,growth,CTX
000x,-0.2749054789185309,p276,1,FALSE,TEM,growth,CTX
xx00,-0.9280761012767108,p69|p104,2,FALSE,TEM,growth,CTX
x0x0,-0.05733824810397045,p69|p238,2,FALSE,TEM,growth,CTX
x00x,0.1524555427139257,p69|p276,2,FALSE,TEM,growth,CTX
0xx0,-0.9402865575565604,p104|p238,2,FALSE,TEM,growth,CTX
0x0x,-0.8019209500714317,p104|p276,2,FALSE,TEM,growth,CTX
00xx,0.35943744335025696,p238|p276,2,TRUE,TEM,growth,CTX
xxx0,-0.36280674176542027,p69|p104|p238,3,FALSE,TEM,growth,CTX
xx0x,0.5348196183102876,p69|p104|p276,3,FALSE,TEM,growth,CTX
x0xx,-1.223088897629093,p69|p238|p276,3,FALSE,TEM,growth,CTX
0xxx,0.7143412925577004,p104|p238|p276,3,TRUE,TEM,growth,CTX
xxxx,1.8462654414341757,p69|p104|p238|p276,4,TRUE,TEM,growth,CTX
