mean,max,obs,geno,enzyme_name,measure_type,cond
0.47129377633250247,1.08278537031645,0,0000,TEM,growth,CTX
0.6233508734137638,1.442222813666707,-0.2749054789185309,0001,TEM,growth,CTX
0.05473412423442858,0.08453196443172595,1.08278537031645,0010,TEM,growth,CTX
-0.5993152427599552,0.14249881275988963,1.0128372247051722,0100,TEM,growth,CTX
0.329252769812112,1.0254471222124797,0.06445798922691845,1000,TEM,growth,CTX
-0.5392713020786694,-0.01502899036511951,1.167317334748176,0011,TEM,growth,CTX
0.5199672988211339,1.216277548667847,-0.06398920428479041,0101,TEM,growth,CTX
-0.6434053975005942,-0.003047693082005365,1.1553360374650619,0110,TEM,growth,CTX
-0.010272270199519581,0.16179566793364364,-0.057991946977686754,1001,TEM,growth,CTX
-1.1022167831884802,-0.9861013904834411,1.089905111439398,1010,TEM,growth,CTX
-0.33359872253762535,-0.2776461771095012,0.14921911265537988,1100,TEM,growth,CTX
0.02668860291011299,0.02668860291011299,1.1522883443830565,0111,TEM,growth,CTX
1.0751732263372127,1.0751732263372127,0.10380372095595687,1011,TEM,growth,CTX
1.4193091026035392,1.4193091026035392,-0.24033215531036956,1101,TEM,growth,CTX
1.3074040117472907,1.3074040117472907,-0.1284270644541213,1110,TEM,growth,CTX
