MAE,Last MAE,Step,Enzyme,Linear MAE,Linear Last MAE
0.4376100762222333,0.10904778390756031,1,TEM,0.358640625,0.5884375000000002
0.2147301785240446,0.04591798541179748,2,TEM,0.28007812500000007,0.6209375000000001
0.20899043034756995,3.3438468855611188,3,TEM,0.20881250000000004,0.2088125000000003
