pos,mutations,idiosync
p69,Order 1,1.530256192091665
p104,Order 1,1.7019435093005393
p238,Order 1,1.5384680499462273
p276,Order 1,1.5439697637822647
p69|p104,Order 2,2.8891113404687103
p69|p238,Order 2,2.640755412875265
p69|p276,Order 2,2.3546550067933274
p104|p238,Order 2,2.8952588604576053
p104|p276,Order 2,2.6369176929599347
p238|p276,Order 2,2.3621938388816117
p69|p104|p238,Order 3,4.728913616059568
p69|p104|p276,Order 3,4.728913616059568
p69|p238|p276,Order 3,4.728913616059568
p104|p238|p276,Order 3,4.728913616059568
