"model_order","R2","(Adjusted)","Delta R2"
"order1","0.568712652587645","0.411880889892243","0.568712652587645"
"order2","0.731029797471632","0.193089392414897","0.162317144883987"
"order3","0.90184725550529","-0.472291167420654","0.170817458033658"
