"indices","effect"
"INTERCEPT",0.6226875
"69",-0.539625
"104",0.380875
"238",0.730375
"276",0.202125
"69|104",-0.115125
"69|238",-0.287625
"69|276",-0.119875
"104|238",-0.0826250000000002
"104|276",0.382625
"238|276",0.157625
"69|104|238",0.376375
"69|104|276",0.273625
"69|238|276",-0.102375
"104|238|276",0.276625
