"indices","sign","effect"
"238|276",0,0.802404421835614
"104|276",0,0.499780683165075
"104|238",0,-0.634426885047629
"69|276",1,0.252788898185963
"69|238",0,-0.288577245961699
"69|238|276",1,-1.31331518849703
"69|104",0,-0.695099670673087
"69|104|276",0,-0.520606298141293
"69|104|238",0,-1.78390856273345
