"id","effect","muts","cv","colors"
"0000",1,0,NA,"#FFE2E1"
"0001",1,1,NA,"#FFE2E1"
"0010",1,1,NA,"#FFE2E1"
"0100",1,1,NA,"#FFE2E1"
"1000",1,1,NA,"#FFE2E1"
"0011",6.34460255596846,2,NA,"#FF4E45"
"0101",3.16068112678282,2,NA,"#FFA6A2"
"0110",0.232045480914259,2,NA,"#FFF7F7"
"1001",1.78973568804077,2,NA,"#FFCDCA"
"1010",0.514544279250162,2,NA,"#FFF0F0"
"1100",0.201790320133515,2,NA,"#FFF7F7"
"0111",1.26417029553773,3,NA,"#FFDBD9"
"1011",0.0486054324538871,3,NA,"#FFFFFF"
"1101",0.301573864907532,3,NA,"#FFF7F7"
"1110",0.0164471796911755,3,NA,"#FFFFFF"
"1111",0.777950951100143,4,NA,"#FFE9E8"
