genotype,avg,pos,mutations,likely,enzyme_name,measure_type,cond
x000,0.11394335230683679,p69,1,FALSE,TEM,growth,ZOX
0x00,0.705007959333336,p104,1,FALSE,TEM,growth,ZOX
00x0,1.0755469613925308,p238,1,TRUE,TEM,growth,ZOX
000x,-0.18775530319963074,p276,1,FALSE,TEM,growth,ZOX
xx00,-0.6950996706730871,p69|p104,2,FALSE,TEM,growth,ZOX
x0x0,-0.2885772459616986,p69|p238,2,FALSE,TEM,growth,ZOX
x00x,0.2527888981859634,p69|p276,2,FALSE,TEM,growth,ZOX
0xx0,-0.6344268850476289,p104|p238,2,FALSE,TEM,growth,ZOX
0x0x,0.49978068316507507,p104|p276,2,FALSE,TEM,growth,ZOX
00xx,0.8024044218356134,p238|p276,2,TRUE,TEM,growth,ZOX
xxx0,-0.16580476105104003,p69|p104|p238,3,FALSE,TEM,growth,ZOX
xx0x,-0.5780762088192443,p69|p104|p276,3,FALSE,TEM,growth,ZOX
x0xx,-2.0799312625569044,p69|p238|p276,3,FALSE,TEM,growth,ZOX
0xxx,-0.5659526385457272,p104|p238|p276,3,TRUE,TEM,growth,ZOX
xxxx,3.3438468855611183,p69|p104|p238|p276,4,FALSE,TEM,growth,ZOX
