mean,max,obs,geno,enzyme_name,measure_type,cond
0.42668574245826824,1.0755469613925308,0,0000,TEM,growth,ZOX
1.1498240920731184,1.8779513832281443,-0.18775530319963074,0001,TEM,growth,ZOX
0.17019876642227605,0.6146491186359828,1.0755469613925308,0010,TEM,growth,ZOX
0.05732971264803196,0.4411200763449019,0.705007959333336,0100,TEM,growth,ZOX
0.28730386635913796,0.7869697154308322,0.11394335230683679,1000,TEM,growth,ZOX
-0.998683569560374,0.004409118905055021,1.6901960800285136,0011,TEM,growth,ZOX
-0.11443588468237142,0.6775718596347884,1.0170333392987803,0101,TEM,growth,ZOX
-0.24353058106182912,0.5484771632553307,1.146128035678238,0110,TEM,growth,ZOX
-0.27947218114218964,-0.06838723699392045,0.17897694729316943,1001,TEM,growth,ZOX
-1.0014083015866893,-0.79032335743842,0.900913067737669,1010,TEM,growth,ZOX
-0.013261930667836833,-0.013261930667836833,0.12385164096708581,1100,TEM,growth,ZOX
-0.09691001300805624,-0.09691001300805624,1.6946051989335686,0111,TEM,growth,ZOX
1.9092753639228017,1.9092753639228017,-0.3115801779972894,1011,TEM,growth,ZOX
1.4871054756262634,1.4871054756262634,0.11058971029924898,1101,TEM,growth,ZOX
1.4871054756262634,1.4871054756262634,0.11058971029924898,1110,TEM,growth,ZOX
