"model_order","R2","(Adjusted)","Delta R2"
"order1","0.590551135403343","0.441660639186377","0.590551135403343"
"order2","0.83463614375165","0.503908431254951","0.244085008348307"
"order3","0.999999999932877","0.999999998993159","0.165363856181227"
