MAE,Last MAE,Step,Enzyme,Linear MAE,Linear Last MAE
0.15161284713836648,0.2183888755794141,1,NfsA,0.169648653352967,0.20200770979384042
0.23809888503070847,1.2774535255728512,2,NfsA,0.0859551680722171,0.04027339990097867
0.1575334726191507,1.5023831646410621,3,NfsA,0.04805882513282308,0.01691409725283244
0.07814969202954165,1.0838397532784574,4,NfsA,0.030615711606328692,0.03747928696468461
0.02044029474615903,0.5754739357741214,5,NfsA,0.011240688494327621,0.010511052686858702
0.0032469633244594843,0.41561130553080605,6,NfsA,0.003274102555430644,0.0032741025554307024
