"positions","effects","identity","mut","condition"
"p33",0.0170333392987804,"x000","1","CAZtraj1_OXA-48_ic50_CAZtraj1"
"p33",0.0103408333382188,"x001","2","CAZtraj1_OXA-48_ic50_CAZtraj1"
"p33",-0.00427879797927499,"x010","2","CAZtraj1_OXA-48_ic50_CAZtraj1"
"p33",-0.01965468799647,"x011","3","CAZtraj1_OXA-48_ic50_CAZtraj1"
"p33",0.0404286570556082,"x100","2","CAZtraj1_OXA-48_ic50_CAZtraj1"
"p33",-0.171318744194436,"x101","3","CAZtraj1_OXA-48_ic50_CAZtraj1"
"p33",0.0439739378202579,"x110","3","CAZtraj1_OXA-48_ic50_CAZtraj1"
"p33",0.0439488695942183,"x111","4","CAZtraj1_OXA-48_ic50_CAZtraj1"
"p72",0.0899051114393979,"0x00","1","CAZtraj1_OXA-48_ic50_CAZtraj1"
"p72",1.25941923644549,"0x01","2","CAZtraj1_OXA-48_ic50_CAZtraj1"
"p72",1.07775965891283,"0x10","2","CAZtraj1_OXA-48_ic50_CAZtraj1"
"p72",1.53238228602508,"0x11","3","CAZtraj1_OXA-48_ic50_CAZtraj1"
"p72",0.113300429196226,"1x00","2","CAZtraj1_OXA-48_ic50_CAZtraj1"
"p72",1.07775965891283,"1x01","3","CAZtraj1_OXA-48_ic50_CAZtraj1"
"p72",1.12601239471236,"1x10","3","CAZtraj1_OXA-48_ic50_CAZtraj1"
"p72",1.59598584361577,"1x11","4","CAZtraj1_OXA-48_ic50_CAZtraj1"
"p212",0.00860017176191757,"00x0","1","CAZtraj1_OXA-48_ic50_CAZtraj1"
"p212",0.054819105059721,"00x1","2","CAZtraj1_OXA-48_ic50_CAZtraj1"
"p212",0.99645471923535,"01x0","2","CAZtraj1_OXA-48_ic50_CAZtraj1"
"p212",0.327782154639316,"01x1","3","CAZtraj1_OXA-48_ic50_CAZtraj1"
"p212",-0.0127119655161378,"10x0","2","CAZtraj1_OXA-48_ic50_CAZtraj1"
"p212",0.0248235837250322,"10x1","3","CAZtraj1_OXA-48_ic50_CAZtraj1"
"p212",1,"11x0","3","CAZtraj1_OXA-48_ic50_CAZtraj1"
"p212",0.543049768427971,"11x1","4","CAZtraj1_OXA-48_ic50_CAZtraj1"
"p213",-0.00174066157630127,"000x","1","CAZtraj1_OXA-48_ic50_CAZtraj1"
"p213",0.0444782717215021,"001x","2","CAZtraj1_OXA-48_ic50_CAZtraj1"
"p213",1.16777346342979,"010x","2","CAZtraj1_OXA-48_ic50_CAZtraj1"
"p213",0.499100898833752,"011x","3","CAZtraj1_OXA-48_ic50_CAZtraj1"
"p213",-0.0084331675368628,"100x","2","CAZtraj1_OXA-48_ic50_CAZtraj1"
"p213",0.0291023817043072,"101x","3","CAZtraj1_OXA-48_ic50_CAZtraj1"
"p213",0.956026062179742,"110x","3","CAZtraj1_OXA-48_ic50_CAZtraj1"
"p213",0.499075830607713,"111x","4","CAZtraj1_OXA-48_ic50_CAZtraj1"
