"id","effect","muts","cv","colors"
"0000",1,0,NA,"#FFF7F7"
"0001",1,1,NA,"#FFF7F7"
"0010",1,1,NA,"#FFF7F7"
"0100",1,1,NA,"#FFF7F7"
"1000",1,1,NA,"#FFF7F7"
"0011",1.11229230648083,2,NA,"#FFF7F7"
"0101",14.7745453358148,2,NA,"#FFADA9"
"0110",9.72421488920772,2,NA,"#FFC9C7"
"1001",0.984708063021316,2,NA,"#FFF7F7"
"1010",0.95211161387632,2,NA,"#FFFBFB"
"1100",1.05534709193246,2,NA,"#FFF7F7"
"0111",0.19280065371788,3,NA,"#FF5850"
"1011",0.980204328397442,3,NA,"#FFF7F7"
"1101",0.623655999711118,3,NA,"#FFC9C7"
"1110",1.05890602174972,3,NA,"#FFC6C3"
"1111",1.66113801478431,4,NA,"#FF4E45"
