genotype,avg,pos,mutations
x000,0.01703333929878037,p33,1
x001,0.010340833338218839,p33,1
x010,-0.004278797979274991,p33,1
x011,-0.019654687996469952,p33,1
x100,0.040428657055608205,p33,1
x101,-0.17131874419443638,p33,1
x110,0.043973937820257936,p33,1
x111,0.04394886959421829,p33,1
0x00,0.08990511143939793,p72,1
0x01,1.259419236445486,p72,1
0x10,1.0777596589128307,p72,1
0x11,1.5323822860250809,p72,1
1x00,0.11330042919622577,p72,1
1x01,1.0777596589128307,p72,1
1x10,1.1260123947123635,p72,1
1x11,1.5959858436157692,p72,1
00x0,0.00860017176191757,p212,1
00x1,0.05481910505972095,p212,1
01x0,0.9964547192353502,p212,1
01x1,0.32778215463931604,p212,1
10x0,-0.012711965516137791,p212,1
10x1,0.024823583725032163,p212,1
11x0,1,p212,1
11x1,0.5430497684279707,p212,1
000x,-0.00174066157630127,p213,1
001x,0.044478271721502115,p213,1
010x,1.1677734634297867,p213,1
011x,0.4991008988337524,p213,1
100x,-0.0084331675368628,p213,1
101x,0.02910238170430715,p213,1
110x,0.9560260621797421,p213,1
111x,0.49907583060771277,p213,1
xx00,0.023395317756827835,p33|p72,2
xx01,-0.18165957753265521,p33|p72,2
xx10,0.048252735799532924,p33|p72,2
xx11,0.06360355759068824,p33|p72,2
x0x0,-0.021312137278055362,p33|p212,2
x0x1,-0.02999552133468879,p33|p212,2
x1x0,0.0035452807646497303,p33|p212,2
x1x1,0.21526761378865467,p33|p212,2
x00x,-0.006692505960561531,p33|p213,2
x01x,-0.01537589001719496,p33|p213,2
x10x,-0.2117474012500446,p33|p213,2
x11x,-2.5068226039648422e-5,p33|p213,2
0xx0,0.9878545474734327,p72|p212,2
0xx1,0.27296304957959494,p72|p212,2
1xx0,1.0127119655161376,p72|p212,2
1xx1,0.5182261847029386,p72|p212,2
0x0x,1.169514125006088,p72|p213,2
0x1x,0.4546226271122502,p72|p213,2
1x0x,0.9644592297166049,p72|p213,2
1x1x,0.46997344890340575,p72|p213,2
00xx,0.04621893329780338,p212|p213,2
01xx,-0.6686725645960342,p212|p213,2
10xx,0.03753554924116995,p212|p213,2
11xx,-0.4569502315720293,p212|p213,2
xxx0,0.02485741804270509,p33|p72|p212,3
xxx1,0.24526313512334347,p33|p72|p212,3
xx0x,-0.20505489528948306,p33|p72|p213,3
xx1x,0.015350821791155315,p33|p72|p213,3
x0xx,-0.00868338405663343,p33|p212|p213,3
x1xx,0.21172233302400495,p33|p212|p213,3
0xxx,-0.7148914978938378,p72|p212|p213,3
1xxx,-0.49448578081319905,p72|p212|p213,3
xxxx,0.22040571708063839,p33|p72|p212|p213,4
