pos,mutations,idiosync
p33,Order 1,0.1423400097934389
p72,Order 1,1.1579238084216952
p212,Order 1,0.8673773997291996
p213,Order 1,0.9290318550828651
p33|p72,Order 2,0.22915164474384017
p33|p212,Order 2,0.2329296089396518
p33|p213,Order 2,0.20476908166799682
p72|p212,Order 2,0.7266675525110963
p72|p213,Order 2,0.7181364118040824
p212|p213,Order 2,0.7193508409606639
p33|p72|p212,Order 3,0.3117007543200061
p33|p72|p213,Order 3,0.3117007543200061
p33|p212|p213,Order 3,0.3117007543200061
p72|p212|p213,Order 3,0.3117007543200066
