MAE,Last MAE,Step,Enzyme,Linear MAE,Linear Last MAE
1.0815694870954178,2.96772231483759,1,DHFR,0.2212662218604285,0.036811087635216566
0.40061085039754585,2.569274557987569,2,DHFR,0.1838127964093545,0.4019475216701567
0.08955724134673615,0.15864614058617832,3,DHFR,0.07673241277189716,0.044212194784998715
0.008564204850937875,0.2740545552300091,4,DHFR,0.008572950424738353,0.008572950424739822
