"id","effect","muts","cv","colors"
"00000",1,0,NA,"#FFFFFF"
"00001",1,1,NA,"#FFFFFF"
"00010",1,1,NA,"#FFFFFF"
"00100",1,1,NA,"#FFFFFF"
"01000",1,1,NA,"#FFFFFF"
"10000",1,1,NA,"#FFFFFF"
"00011",1.37430259271415,2,NA,"#FFFFFF"
"00101",6.45006016847172,2,NA,"#FFFFFF"
"00110",8.78787878787879,2,NA,"#FFFFFF"
"01001",2.19562142419828,2,NA,"#FFFFFF"
"01010",3.22966507177034,2,NA,"#FFFFFF"
"01100",2.80701754385965,2,NA,"#FFFFFF"
"10001",7.05423461554421,2,NA,"#FFFFFF"
"10010",7.60841170323929,2,NA,"#FFFFFF"
"10100",2.03831417624521,2,NA,"#FFFFFF"
"11000",2.02997916246555,2,NA,"#FFFFFF"
"00111",0.282977008933715,3,NA,"#FFFBFB"
"01011",5.68664498022707,3,NA,"#FFF4F3"
"01101",1.2179373564868,3,NA,"#FFF4F3"
"01110",0.244122498935717,3,NA,"#FFFBFB"
"10011",0.270096370960145,3,NA,"#FFFBFB"
"10101",0.116031132209364,3,NA,"#FFFBFB"
"10110",0.212126883732938,3,NA,"#FFF7F7"
"11001",1.60148925620299,3,NA,"#FFF4F3"
"11010",0.229311441447416,3,NA,"#FFFBFB"
"11100",3.32577459791864,3,NA,"#FFF7F7"
"01111",0.173977639789331,4,NA,"#FFE6E4"
"10111",10.4904825818238,4,NA,"#FFDFDD"
"11011",1.25467512185131,4,NA,"#FF716A"
"11101",0.290815788763563,4,NA,"#FFCDCA"
"11110",1.95871047020586,4,NA,"#FFDBD9"
"11111",0.532041421058023,5,NA,"#FF4E45"
