"genotype","predicted effect"
"PALWI",-0.00857295042474245
"PALWL",0.451229545623786
"PALRI",0.254268124070733
"PALRL",0.817196515532288
"PARWI",0.883633410202998
"PARWL",2.11928766573704
"PARRI",2.05457180953614
"PARRL",2.91499203326701
"PTLWI",0.241670742919397
"PTLWL",1.00757797536444
"PTLRI",0.979093923982519
"PTLRL",2.6728792101902
"PTRWI",1.54774068982155
"PTRWL",3.24452838673487
"PTRRI",2.65058729356046
"PTRRL",3.89818464683613
"LALWI",0.248722622628302
"LALWL",1.52296316027509
"LALRI",1.35864120694128
"LALRL",2.23645507973848
"LARWI",1.41668651706035
"LARWL",2.59861577372858
"LARRI",2.83050809715978
"LARRL",4.02228574614385
"LTLWI",0.772584316974756
"LTLWL",2.62645408917054
"LTLRI",1.78581918022607
"LTLRL",4.02890259340459
"LTRWI",2.94388922742873
"LTRWL",4.18838266949371
"LTRRI",3.87340436699514
"LTRRL",5.01467803702424
