"model_order","R2","(Adjusted)","Delta R2"
"order1","0.952661110418865","0.943557477807109","0.952661110418865"
"order2","0.973167628335475","0.948012279899982","0.0205065179166095"
"order3","0.995471815191578","0.976604378489819","0.0223041868561028"
"order4","0.999959164557241","0.998734101274474","0.00448734936566308"
