"id","effect","muts","cv","colors","enz"
"00000",0,0,NA,"#FFFFFF","DHFR"
"00001",0.442479769064449,1,NA,"#FFF0F0","DHFR"
"00010",0.24551266781415,1,NA,"#FFF7F7","DHFR"
"00100",0.8750612633917,1,NA,"#FFDFDD","DHFR"
"01000",0.232996110392154,1,NA,"#FFF7F7","DHFR"
"10000",0.2405492482826,1,NA,"#FFF7F7","DHFR"
"00011",0.826074802700826,2,NA,"#FFE2E1","DHFR"
"00101",2.12710479836481,2,NA,"#FFB4B0","DHFR"
"00110",2.06445798922692,2,NA,"#FFB4B0","DHFR"
"01001",1.01703333929878,2,NA,"#FFDBD9","DHFR"
"01010",0.987666264926275,2,NA,"#FFDBD9","DHFR"
"01100",1.55630250076729,2,NA,"#FFC6C3","DHFR"
"10001",1.53147891704226,2,NA,"#FFC9C7","DHFR"
"10010",1.36735592102602,2,NA,"#FFCDCA","DHFR"
"10100",1.42488163663107,2,NA,"#FFCDCA","DHFR"
"11000",0.781036938621132,2,NA,"#FFE2E1","DHFR"
"00111",2.90633504180509,3,NA,"#FF9893","DHFR"
"01011",2.66464197555613,3,NA,"#FF9F9A","DHFR"
"01101",3.23552844690755,3,NA,"#FF8D87","DHFR"
"01110",2.64246452024212,3,NA,"#FFA29E","DHFR"
"10011",2.22788670461367,3,NA,"#FFB1AD","DHFR"
"10101",2.58994960132571,3,NA,"#FFA29E","DHFR"
"10110",2.82216807936802,3,NA,"#FF9B96","DHFR"
"11001",2.61804809671209,3,NA,"#FFA29E","DHFR"
"11010",1.77742682238931,3,NA,"#FFBFBC","DHFR"
"11100",2.93550726582471,3,NA,"#FF9893","DHFR"
"01111",3.90687353472207,4,NA,"#FF746D","DHFR"
"10111",4.02938377768521,4,NA,"#FF716A","DHFR"
"11011",4.03742649794062,4,NA,"#FF716A","DHFR"
"11101",4.19589965240923,4,NA,"#FF6A62","DHFR"
"11110",3.8819549713396,4,NA,"#FF746D","DHFR"
"11111",5.00432137378264,5,NA,"#FF4E45","DHFR"
