MAE,Last MAE,Step,Enzyme,Linear MAE,Linear Last MAE
0.3228189386323998,1.2835915154445718,1,MPH,0.21891494751467974,0.493729860852897
0.11221026499197698,0.5903706226556582,2,MPH,0.08167368880922957,0.07047433399338561
0.04231417014823287,0.3753672546753932,3,MPH,0.0402408545774991,0.030976181750653014
0.012357878425496455,0.3954521096158856,4,MPH,0.03371879693773073,0.014418030595078216
3.664603343001005e-17,2.220446049250313e-16,5,MPH,0.029704915273027165,0.005016939929306148
