"indices","sign","effect"
"271|273",0,0.215389676093016
"258|271",0,0.224138426609231
"258|271|273",0,0.714267655982099
"193|271|273",0,0.362560597662147
"193|258|271",0,0.350477146641838
"193|258|271|273",0,0.879097849723592
"72|271",0,0.188884147338641
"72|271|273",0,0.472843269069887
"72|258",0,-0.411678961371762
"72|258|273",1,-0.686663658629361
"72|258|271|273",1,0.638158089763661
"72|193",1,0.189507685826088
"72|193|273",1,0.577211760041949
"72|193|271",0,0.566382995768134
"72|193|271|273",1,1.38998673043721
"72|193|258",0,-0.246557836204332
"72|193|258|271",0,0.235543633517574
"72|193|258|271|273",0,1.28359151544457
