"id","effect","muts","cv","colors"
"00000",1,0,0.0335514597454662,"#FFF7F7"
"00001",1,1,0.00660890600772887,"#FFF7F7"
"00010",1,1,0.00370443912779637,"#FFF7F7"
"00100",1,1,0.0146386481536467,"#FFF7F7"
"01000",1,1,0.00145153201100864,"#FFF7F7"
"10000",1,1,0.00814708784565825,"#FFF7F7"
"00011",1.64206247325631,2,8.33534143938894e-06,"#FFF4F3"
"00101",1.02700509194406,2,9.94628044693697e-05,"#FFF7F7"
"00110",1.67547683081394,2,0.00741662104201483,"#FFF4F3"
"01001",1.30665204678363,2,0.00588138137203776,"#FFF4F3"
"01010",1.23983739837398,2,0.0182038362849927,"#FFF4F3"
"01100",1.28855090832277,2,0.00114110009307324,"#FFF4F3"
"10001",0.903194022497742,2,0.00292692172529953,"#FFF7F7"
"10010",1.54484228149614,2,0.0758139204578297,"#FFF4F3"
"10100",0.387544018871021,2,0.00116638310691125,"#FFFBFB"
"11000",1.5470618824753,2,0.000698518636486462,"#FFF4F3"
"00111",5.17925931710788,3,0.000582847640115823,"#FFD8D6"
"01011",2.30441449151334,3,0.000997377688195467,"#FFEDEC"
"01101",1.32023658639628,3,0.00556097783489977,"#FFF4F3"
"01110",2.24118210763857,3,0.000242572697288184,"#FFEDEC"
"10011",2.97059379165924,3,0.077276883164745,"#FFE9E8"
"10101",0.205748340666733,3,0.00169631363061093,"#FFFFFF"
"10110",1.15742365018722,3,0.0337446238292238,"#FFF7F7"
"11001",3.77756338323708,3,0.00151373237617538,"#FFE2E1"
"11010",3.68453762540746,3,0.422326020477713,"#FFE2E1"
"11100",0.566816082022242,3,0.00482748731274784,"#FFFBFB"
"01111",7.5700343421952,4,0.001123968925919,"#FFC9C7"
"10111",4.34668421260003,4,0.0150086399525134,"#FFDFDD"
"11011",24.5463391492442,4,0.000350956730342599,"#FF4E45"
"11101",1.37310097389109,4,0.000289379776601851,"#FFF4F3"
"11110",1.72006014680601,4,0.00797356643300149,"#FFF0F0"
"11111",19.2128377604787,5,0.000279818428464587,"#FF746D"
