"id","effect","muts","cv","colors"
"00000",1,0,NA,"#FFFFFF"
"00001",1,1,NA,"#FFFFFF"
"00010",1,1,NA,"#FFFFFF"
"00100",1,1,NA,"#FFFFFF"
"01000",1,1,NA,"#FFFFFF"
"10000",1,1,NA,"#FFFFFF"
"00011",57.8817733990148,2,NA,"#FFFFFF"
"00101",5.40830247515104,2,NA,"#FFFFFF"
"00110",2.52465854385222,2,NA,"#FFFFFF"
"01001",2.06234516928159,2,NA,"#FFFFFF"
"01010",3.62102185901269,2,NA,"#FFFFFF"
"01100",2.53925194583981,2,NA,"#FFFFFF"
"10001",6.18912337662338,2,NA,"#FFFFFF"
"10010",4.96342737722048,2,NA,"#FFFFFF"
"10100",1.8836041175741,2,NA,"#FFFFFF"
"11000",1.95743562795586,2,NA,"#FFFFFF"
"00111",0.02469540048837,3,NA,"#FFFFFF"
"01011",0.853635911922073,3,NA,"#FFF7F7"
"01101",1.34244820613798,3,NA,"#FFFFFF"
"01110",1.10894350193902,3,NA,"#FFFFFF"
"10011",0.0404680777632956,3,NA,"#FFFFFF"
"10101",0.135237239911435,3,NA,"#FFFFFF"
"10110",0.741741721453391,3,NA,"#FFFFFF"
"11001",1.53985227388242,3,NA,"#FFFFFF"
"11010",1.08915003937403,3,NA,"#FFFFFF"
"11100",3.21605608331802,3,NA,"#FFFFFF"
"01111",1.10815129836738,4,NA,"#FFF4F3"
"10111",41.9930963995148,4,NA,"#FFFBFB"
"11011",1.75035465408174,4,NA,"#FFC2BF"
"11101",0.41033125746505,4,NA,"#FFF7F7"
"11110",0.414459785463373,4,NA,"#FFF4F3"
"11111",0.476426674257313,5,NA,"#FF4E45"
