pos,mutations,idiosync
p21,Order 1,0.854083642105125
p26,Order 1,1.0112081284604677
p28,Order 1,0.9279191111068703
p30,Order 1,1.1627154781584448
p94,Order 1,1.061802271532758
p21|p26,Order 2,0.444471860428892
p21|p28,Order 2,1.0526324909511897
p21|p30,Order 2,1.1157704295079474
p21|p94,Order 2,1.0799520111521992
p26|p28,Order 2,0.4987844480761446
p26|p30,Order 2,0.40010110138371435
p26|p94,Order 2,0.3433710393717813
p28|p30,Order 2,1.3341787849109732
p28|p94,Order 2,1.2977973743148148
p30|p94,Order 2,1.3383305670847967
p21|p26|p28,Order 3,0.9103067632795971
p21|p26|p30,Order 3,0.6613919858991588
p21|p26|p94,Order 3,0.6661577869169659
p21|p28|p30,Order 3,1.810816984480844
p21|p28|p94,Order 3,1.8125630994099966
p21|p30|p94,Order 3,1.701224836722598
p26|p28|p30,Order 3,0.668216322186441
p26|p28|p94,Order 3,0.6729337941394014
p26|p30|p94,Order 3,0.24823546691378856
p28|p30|p94,Order 3,1.7038895619454244
p21|p26|p28|p30,Order 4,0.45538232657763833
p21|p26|p28|p94,Order 4,0.45538232657763833
p21|p26|p30|p94,Order 4,0.45538232657763833
p21|p28|p30|p94,Order 4,0.45538232657763816
p26|p28|p30|p94,Order 4,0.45538232657763833
