"model_order","R2","(Adjusted)","Delta R2"
"order1","0.941914691767545","0.930744440184381","0.941914691767545"
"order2","0.985286951508055","0.971493468546856","0.0433722597405097"
"order3","0.995060369582675","0.974478576177153","0.00977341807461984"
"order4","0.99995436028199","0.998585168741684","0.00489399069931484"
