"id","effect","muts","cv","colors","enz"
"00000",0,0,NA,"#FFFFFF","DHFR"
"00001",0.447158031342219,1,NA,"#FFF0F0","DHFR"
"00010",0.2405492482826,1,NA,"#FFF7F7","DHFR"
"00100",0.865103974641128,1,NA,"#FFE6E4","DHFR"
"01000",0.238046103128795,1,NA,"#FFF7F7","DHFR"
"10000",0.24551266781415,1,NA,"#FFF7F7","DHFR"
"00011",2.45024910831936,2,NA,"#FFB4B0","DHFR"
"00101",2.04532297878666,2,NA,"#FFC2BF","DHFR"
"00110",1.50785587169583,2,NA,"#FFD0CE","DHFR"
"01001",0.999565488225982,2,NA,"#FFE2E1","DHFR"
"01010",1.03742649794062,2,NA,"#FFDFDD","DHFR"
"01100",1.50785587169583,2,NA,"#FFD0CE","DHFR"
"10001",1.48429983934679,2,NA,"#FFD0CE","DHFR"
"10010",1.18184358794477,2,NA,"#FFDBD9","DHFR"
"10100",1.38560627359831,2,NA,"#FFD4D2","DHFR"
"11000",0.775246259740236,2,NA,"#FFE6E4","DHFR"
"00111",2.84323277809801,3,NA,"#FFAAA5","DHFR"
"01011",3.49276038902684,3,NA,"#FF9893","DHFR"
"01101",3.13033376849501,3,NA,"#FFA29E","DHFR"
"01110",2.75434833571102,3,NA,"#FFADA9","DHFR"
"10011",2.79028516403324,3,NA,"#FFAAA5","DHFR"
"10101",2.48855071650044,3,NA,"#FFB4B0","DHFR"
"10110",2.59439255037543,3,NA,"#FFB1AD","DHFR"
"11001",2.51587384371168,3,NA,"#FFB4B0","DHFR"
"11010",2.30749603791321,3,NA,"#FFBBB8","DHFR"
"11100",2.82736927305383,3,NA,"#FFAAA5","DHFR"
"01111",4.50785587169583,4,NA,"#FF7871","DHFR"
"10111",4.08278537031645,4,NA,"#FF8680","DHFR"
"11011",4.59217675739587,4,NA,"#FF746D","DHFR"
"11101",4.17318626841227,4,NA,"#FF837C","DHFR"
"11110",4.29446622616159,4,NA,"#FF7F79","DHFR"
"11111",5.92272545799326,5,NA,"#FF4E45","DHFR"
