"indices","effect"
"INTERCEPT",2.24161675453846
"21",0.974587891149748
"26",1.15159533435758
"28",1.38346195035164
"30",1.34171236872768
"94",1.51283275738485
"21|26",0.243153087882568
"21|28",0.101164390998454
"21|30",0.141792035815314
"21|94",0.0421568799361185
"26|28",0.261949574674165
"26|30",0.250662865336791
"26|94",0.186399382485875
"28|30",-0.0814293665182907
"28|94",-0.0804886964343614
"30|94",0.332671999597074
"21|26|28",0.0107381229327131
"21|26|30",-0.028251118211935
"21|26|94",0.00860847609273568
"21|28|30",0.10251021173842
"21|28|94",-0.0827654696032348
"21|30|94",-0.135168754187513
"26|28|30",-0.0510004276351498
"26|28|94",-0.0310712707314092
"26|30|94",-0.00112553600895234
"28|30|94",-0.213816824047226
"21|26|28|30",-0.0681602260996512
"21|26|28|94",-0.068248824636092
"21|26|30|94",0.0100716967838039
"21|28|30|94",0.182728413000344
"26|28|30|94",-0.0148375725227991
