"indices","sign","effect"
"30|94",0,1.76254182869454
"28|94",0,0.73306097280331
"28|30",0,0.402202648772103
"28|30|94",0,1.29042152383206
"26|94",0,0.314361353754968
"26|30",0,0.558831146529228
"26|30|94",0,2.56700700627322
"26|28",0,0.404705793925907
"26|28|94",0,1.58002565938286
"26|28|30",0,1.4106490096585
"26|28|30|94",0,2.71699851430109
"21|94",0,0.791629140190417
"21|30",0,0.695781671848023
"21|30|94",0,1.85706521659427
"21|28",0,0.274989631143034
"21|28|94",0,0.930776042702947
"21|28|30",0,1.24322665963755
"21|28|30|94",0,2.28446144823635
"21|26",0,0.291687488797291
"21|26|94",0,1.58515704142651
"21|26|30",0,1.58338801868767
"21|26|30|94",0,3.4209107068281
"21|26|28",0,1.47870652746975
"21|26|28|94",0,2.37736549148598
"21|26|28|30",0,2.70525423229492
"21|26|28|30|94",0,3.88635543278437
