"id","effect","muts","cv","colors"
"00000",1,0,NA,"#FFFFFF"
"00001",1,1,NA,"#FFFFFF"
"00010",1,1,NA,"#FFFFFF"
"00100",1,1,NA,"#FFFFFF"
"01000",1,1,NA,"#FFFFFF"
"10000",1,1,NA,"#FFFFFF"
"00011",57.8817733990148,2,NA,"#FFFFFF"
"00101",5.40830247515104,2,NA,"#FFFFFF"
"00110",2.52465854385222,2,NA,"#FFFFFF"
"01001",2.06234516928159,2,NA,"#FFFFFF"
"01010",3.62102185901269,2,NA,"#FFFFFF"
"01100",2.53925194583981,2,NA,"#FFFFFF"
"10001",6.18912337662338,2,NA,"#FFFFFF"
"10010",4.96342737722048,2,NA,"#FFFFFF"
"10100",1.8836041175741,2,NA,"#FFFFFF"
"11000",1.95743562795586,2,NA,"#FFFFFF"
"00111",19.5173802691326,3,NA,"#FFFFFF"
"01011",368.983551164137,3,NA,"#FFF7F7"
"01101",38.0211859680982,3,NA,"#FFFFFF"
"01110",25.7423985371066,3,NA,"#FFFFFF"
"10011",71.9557023436334,3,NA,"#FFFFFF"
"10101",8.52660300136426,3,NA,"#FFFFFF"
"10110",17.5076017739611,3,NA,"#FFFFFF"
"11001",38.4730876060356,3,NA,"#FFFFFF"
"11010",38.3166929409704,3,NA,"#FFFFFF"
"11100",30.1097068676657,3,NA,"#FFFFFF"
"01111",521.192928128039,4,NA,"#FFF4F3"
"10111",192.513614562822,4,NA,"#FFFBFB"
"11011",2635.78939829688,4,NA,"#FFC2BF"
"11101",238.432521432939,4,NA,"#FFF7F7"
"11110",507.287583207627,4,NA,"#FFF4F3"
"11111",7697.60165237099,5,NA,"#FF4E45"
