genotype,avg,pos,mutations,likely,enzyme_name,measure_type,cond
x0000,0.24551266781414982,p21,1,FALSE,DHFR,ki,trajg
0x000,0.2380461031287954,p26,1,FALSE,DHFR,ki,trajg
00x00,0.865103974641128,p28,1,TRUE,DHFR,ki,trajg
000x0,0.24054924828259971,p30,1,FALSE,DHFR,ki,trajg
0000x,0.4471580313422192,p94,1,FALSE,DHFR,ki,trajg
xx000,0.29168748879729123,p21|p26,2,FALSE,DHFR,ki,trajg
x0x00,0.2749896311430343,p21|p28,2,FALSE,DHFR,ki,trajg
x00x0,0.6957816718480231,p21|p30,2,FALSE,DHFR,ki,trajg
x000x,0.7916291401904169,p21|p94,2,FALSE,DHFR,ki,trajg
0xx00,0.40470579392590766,p26|p28,2,FALSE,DHFR,ki,trajg
0x0x0,0.5588311465292285,p26|p30,2,FALSE,DHFR,ki,trajg
0x00x,0.31436135375496777,p26|p94,2,FALSE,DHFR,ki,trajg
00xx0,0.4022026487721033,p28|p30,2,FALSE,DHFR,ki,trajg
00x0x,0.7330609728033104,p28|p94,2,TRUE,DHFR,ki,trajg
000xx,1.7625418286945418,p30|p94,2,FALSE,DHFR,ki,trajg
xxx00,0.507323613603519,p21|p26|p28,3,FALSE,DHFR,ki,trajg
xx0x0,0.03708771151312529,p21|p26|p30,3,FALSE,DHFR,ki,trajg
xx00x,0.18747905868383896,p21|p26|p94,3,FALSE,DHFR,ki,trajg
x0xx0,-0.12974729212561165,p21|p28|p30,3,FALSE,DHFR,ki,trajg
x0x0x,-0.8689037014338142,p21|p28|p94,3,FALSE,DHFR,ki,trajg
x00xx,-1.392887424138709,p21|p30|p94,3,FALSE,DHFR,ki,trajg
0xxx0,0.04490942043125623,p26|p28|p30,3,FALSE,DHFR,ki,trajg
0xx0x,0.12789753889867772,p26|p28|p94,3,TRUE,DHFR,ki,trajg
0x0xx,-0.06872732270551507,p26|p30|p94,3,FALSE,DHFR,ki,trajg
00xxx,-1.607383926437893,p28|p30|p94,3,FALSE,DHFR,ki,trajg
xxxx0,-0.3825176021429565,p21|p26|p28|p30,4,FALSE,DHFR,ki,trajg
xxx0x,-0.386865398881168,p21|p26|p28|p94,4,FALSE,DHFR,ki,trajg
xx0xx,0.24312605366089357,p21|p26|p30|p94,4,FALSE,DHFR,ki,trajg
x0xxx,1.623177898920951,p21|p28|p30|p94,4,FALSE,DHFR,ki,trajg
0xxxx,0.0445990596345035,p26|p28|p30|p94,4,TRUE,DHFR,ki,trajg
xxxxx,-0.32200393115555503,p21|p26|p28|p30|p94,5,TRUE,DHFR,ki,trajg
