MAE,Last MAE,Step,Enzyme,Linear MAE,Linear Last MAE
0.1581610887889347,0.011441043121384482,1,TEM,0.23407518708994118,0.31176580673714177
0.1553008280085886,1.2232040898202297,2,TEM,0.15531888227862814,0.15600437568230097
0.0010245003626390276,0.016392005802224347,3,TEM,0.0010509577576954838,0.0010509577576955538
