"indices","sign","effect"
"104|238",0,-1.2342106211676
"104|238|276",0,-1.23959609562245
