mean,max,obs,geno,enzyme_name,measure_type,cond
-0.0028602607803461205,0,0,0000,TEM,growth,AM
-1.4483725800589723e-4,0,0,0001,TEM,growth,AM
-0.41521722142966033,0,0,0010,TEM,growth,AM
-0.40392101556628174,0.011441043121384482,-0.011441043121384482,0100,TEM,growth,AM
0,0,0,1000,TEM,growth,AM
-0.6255185693719193,0,0,0011,TEM,growth,AM
-0.6250840575979016,4.345117740176917e-4,-4.345117740176917e-4,0101,TEM,growth,AM
0.6201330949170617,1.245651664288981,-1.245651664288981,0110,TEM,growth,AM
0,0,0,1001,TEM,growth,AM
0,0,0,1010,TEM,growth,AM
0,0,0,1100,TEM,growth,AM
1.2510371387438386,1.2510371387438386,-1.2510371387438386,0111,TEM,growth,AM
0,0,0,1011,TEM,growth,AM
0,0,0,1101,TEM,growth,AM
0,0,0,1110,TEM,growth,AM
