"id","effect","muts","cv","colors"
"0000",1,0,NA,"#FFC6C3"
"0001",1,1,NA,"#FFC6C3"
"0010",1,1,NA,"#FFC6C3"
"0100",1,1,NA,"#FFC6C3"
"1000",1,1,NA,"#FFC6C3"
"0011",3.06725860774343,2,NA,"#FF4E45"
"0101",0.0363600215636721,2,NA,"#FFFBFB"
"0110",0.0732494196599287,2,NA,"#FFFBFB"
"1001",1.0712763332062,2,NA,"#FFC2BF"
"1010",1.01766695110774,2,NA,"#FFC2BF"
"1100",0.0351877692167688,2,NA,"#FFFBFB"
"0111",10.1130063540329,3,NA,"#FFFBFB"
"1011",0.00618100247610996,3,NA,"#FFFFFF"
"1101",22.5002056253819,3,NA,"#FFFBFB"
"1110",0.176278445795485,3,NA,"#FFFFFF"
"1111",1391.91886691424,4,NA,"#FFF7F7"
