"genotype","predicted effect"
"MEGN",-0.196475870098052
"MEGD",0.121271865895963
"MESN",1.97245020122742
"MESD",1.99104485073841
"MKGN",1.68923625912489
"MKGD",-0.218295353160637
"MKSN",1.93706303827217
"MKSD",2.3070655803973
"LEGN",0.221781735362822
"LEGD",-0.216472498514306
"LESN",1.61240999726176
"LESD",0.237868555256277
"LKGN",-0.132017880871133
"LKGD",0.128441984826224
"LKSN",0.155517262419146
"LKSD",2.05637716088184
