"model_order","R2","(Adjusted)","Delta R2"
"order1","0.608087875660451","0.465574375900614","0.608087875660451"
"order2","0.704804734973502","0.114414204920507","0.0967168593130514"
"order3","0.96107210484336","0.416081572650399","0.256267369869858"
