"id","effect","muts","cv","colors"
"0000",1,0,NA,"#FFC6C3"
"0001",1,1,NA,"#FFC6C3"
"0010",1,1,NA,"#FFC6C3"
"0100",1,1,NA,"#FFC6C3"
"1000",1,1,NA,"#FFC6C3"
"0011",3.06725860774343,2,NA,"#FF4E45"
"0101",0.0363600215636721,2,NA,"#FFFBFB"
"0110",0.0732494196599287,2,NA,"#FFFBFB"
"1001",1.0712763332062,2,NA,"#FFC2BF"
"1010",1.01766695110774,2,NA,"#FFC2BF"
"1100",0.0351877692167688,2,NA,"#FFFBFB"
"0111",0.0826150165780479,3,NA,"#FFFBFB"
"1011",0.0206688585427455,3,NA,"#FFFFFF"
"1101",0.0308392540493023,3,NA,"#FFFBFB"
"1110",0.000462381880483735,3,NA,"#FFFFFF"
"1111",0.108147491351986,4,NA,"#FFF7F7"
