p69,x000,1,0,TEM,growth,CTX
p69,x001,2,0.029901510521063903,TEM,growth,CTX
p69,x010,2,0.007605670965672589,TEM,growth,CTX
p69,x011,3,-2.1714339009430086,TEM,growth,CTX
p69,x100,2,-1.4536082650646893,TEM,growth,CTX
p69,x101,3,-0.07152026747401154,TEM,growth,CTX
p69,x110,3,-2.1998033813138944,TEM,growth,CTX
p69,x111,4,0.11695745541587425,TEM,growth,CTX
p104,0x00,1,0,TEM,growth,CTX
p104,0x01,2,-1.4393758678873358,TEM,growth,CTX
p104,0x10,2,-1.1351958117859893,TEM,growth,CTX
p104,0x11,3,-1.5696913995640518,TEM,growth,CTX
p104,1x00,2,-1.4536082650646893,TEM,growth,CTX
p104,1x01,3,-1.540797645882411,TEM,growth,CTX
p104,1x10,3,-3.3426048640655557,TEM,growth,CTX
p104,1x11,4,0.7186999567948309,TEM,growth,CTX
p238,00x0,1,0,TEM,growth,CTX
p238,00x1,2,0.48675039390918173,TEM,growth,CTX
p238,01x0,2,-1.1351958117859893,TEM,growth,CTX
p238,01x1,3,0.3564348622324658,TEM,growth,CTX
p238,10x0,2,0.007605670965672662,TEM,growth,CTX
p238,10x1,3,-1.7145850175548905,TEM,growth,CTX
p238,11x0,3,-1.8813909280351941,TEM,growth,CTX
p238,11x1,4,0.5449125851223513,TEM,growth,CTX
p276,000x,1,0,TEM,growth,CTX
p276,001x,2,0.48675039390918173,TEM,growth,CTX
p276,010x,2,-1.4393758678873358,TEM,growth,CTX
p276,011x,3,0.052254806131119214,TEM,growth,CTX
p276,100x,2,0.0299015105210639,TEM,growth,CTX
p276,101x,3,-1.692289177999499,TEM,growth,CTX
p276,110x,3,-0.057287870296657994,TEM,growth,CTX
p276,111x,4,2.3690156428608877,TEM,growth,CTX
