MAE,Last MAE,Step,Enzyme,Linear MAE,Linear Last MAE
0.23843399925921135,0.5535969758668118,1,TEM,0.10301366813199486,0.02962832103638141
0.16677150330064208,0.8580779108683974,2,TEM,0.07533117773649287,0.0016258977484412684
0.03505118934954703,0.560819029592752,3,TEM,0.03506880579142853,0.035068805791428515
