"id","effect","muts","cv","colors"
"0000",1,0,NA,"#FFDFDD"
"0001",1,1,NA,"#FFDFDD"
"0010",1,1,NA,"#FFDFDD"
"0100",1,1,NA,"#FFDFDD"
"1000",1,1,NA,"#FFDFDD"
"0011",0.966781054575226,2,NA,"#FFDFDD"
"0101",0.758576812019772,2,NA,"#FFE6E4"
"0110",0.842413236481033,2,NA,"#FFE6E4"
"1001",3.83494857006956,2,NA,"#FF8680"
"1010",3.81706121305505,2,NA,"#FF8680"
"1100",2.85320739866194,2,NA,"#FFA6A2"
"0111",1.56922276806457,3,NA,"#FFDFDD"
"1011",0.401818634508201,3,NA,"#FF4E45"
"1101",0.29237571461831,3,NA,"#FFB4B0"
"1110",0.206750747792615,3,NA,"#FFC2BF"
"1111",3.63763424408741,4,NA,"#FF918B"
