"genotype","predicted effect"
"MEGN",-0.0350688057914284
"LEGN",-0.581132255131913
"MKGN",0.260874707905201
"MESN",0.108497722949962
"MEGD",0.0229762988713183
"LKGN",0.0286002740779488
"LESN",0.00365045296520011
"LEGD",-0.0795032352164113
"MKSN",0.18747505346762
"MKGD",0.0594494922307118
"MESD",0.00974353862493382
"LKSN",-0.00580244286037425
"LKGD",0.0173193339857257
"LESD",0.23249131341395
"MKSD",0.307340672492329
"LKSD",0.188218581267623
