genotype,avg,pos,mutations
x000,-0.6161846340195687,p69,1
x001,-0.032425089954846095,p69,1
x010,-0.034455509365501694,p69,1
x011,0.15333410816776516,p69,1
x100,-0.1608512924989444,p69,1
x101,-0.11115045212266667,p69,1
x110,-0.26367507882648966,p69,1
x111,-0.04912513538891572,p69,1
0x00,0.22530928172586284,p104,1
0x01,0.10530884489388316,p104,1
0x10,0.15083446384145788,p104,1
0x11,0.2265186277498415,p104,1
1x00,0.6806426232464872,p104,1
1x01,0.02658348272606259,p104,1
1x10,-0.07838510561953005,p104,1
1x11,0.024059384193160616,p104,1
00x0,0.07188200730612536,p238,1
00x1,0.05721013851830557,p238,1
01x0,-0.002592810578279592,p238,1
01x1,0.1784199213742639,p238,1
10x0,0.6536111319601924,p238,1
10x1,0.24296933664091683,p238,1
11x0,-0.10541659690582483,p238,1
11x1,0.24044523810801485,p238,1
000x,-0.0118871597316481,p276,1
001x,-0.026559028519467884,p276,1
010x,-0.13188759656362778,p276,1
011x,0.04912513538891572,p276,1
100x,0.5718723843330745,p276,1
101x,0.16123058901379897,p276,1
110x,-0.08218675618735005,p276,1
111x,0.26367507882648966,p276,1
xx00,0.4553333415206243,p69|p104,2
xx01,-0.07872536216782057,p69|p104,2
xx10,-0.22921956946098798,p69|p104,2
xx11,-0.20245924355668088,p69|p104,2
x0x0,0.581729124654067,p69|p238,2
x0x1,0.18575919812261127,p69|p238,2
x1x0,-0.10282378632754527,p69|p238,2
x1x1,0.062025316733750946,p69|p238,2
x00x,0.5837595440647226,p69|p276,2
x01x,0.18778961753326684,p69|p276,2
x10x,0.04970084037627773,p69|p276,2
x11x,0.21454994343757394,p69|p276,2
0xx0,-0.07447481788440496,p104|p238,2
0xx1,0.12120978285595833,p104|p238,2
1xx0,-0.7590277288660172,p104|p238,2
1xx1,-0.002524098532901975,p104|p238,2
0x0x,-0.12000043683197968,p104|p276,2
0x1x,0.07568416390838362,p104|p276,2
1x0x,-0.6540591405204246,p104|p276,2
1x1x,0.10244448981269066,p104|p276,2
00xx,-0.014671868787819786,p238|p276,2
01xx,0.1810127319525435,p238|p276,2
10xx,-0.4106417953192756,p238|p276,2
11xx,0.3458618350138397,p238|p276,2
xxx0,-0.6845529109816123,p69|p104|p238,3
xxx1,-0.12373388138886031,p69|p104|p238,3
xx0x,-0.5340587036884449,p69|p104|p276,3
xx1x,0.026760325904307103,p69|p104|p276,3
x0xx,-0.39596992653145574,p69|p238|p276,3
x1xx,0.16484910306129621,p69|p238|p276,3
0xxx,0.1956846007403633,p104|p238|p276,3
1xxx,0.7565036303331152,p104|p238|p276,3
xxxx,0.560819029592752,p69|p104|p238|p276,4
