pos,mutations,idiosync
p69,Order 1,1.423554863902508
p104,Order 1,1.353812894096646
p238,Order 1,1.4017466223266102
p276,Order 1,1.504141528811391
p69|p104,Order 2,1.5078349150759833
p69|p238,Order 2,1.4523558842601239
p69|p276,Order 2,0.6653828075169909
p104|p238,Order 2,2.3424506084967023
p104|p276,Order 2,1.9546026499625846
p238|p276,Order 2,1.9121304878756489
p69|p104|p238,Order 3,1.1159126715039023
p69|p104|p276,Order 3,1.1159126715039023
p69|p238|p276,Order 3,1.1159126715039025
p104|p238|p276,Order 3,1.1159126715039023
