pos,mutations,idiosync
p69,Order 1,0.4537625612722177
p104,Order 1,0.4629863622985561
p238,Order 1,0.4611538859696966
p276,Order 1,0.46061129414670204
p69|p104,Order 2,0.6390610734445551
p69|p238,Order 2,0.5834558988519549
p69|p276,Order 2,0.4565400541381149
p104|p238,Order 2,0.7904656750019243
p104|p276,Order 2,0.7020285026147713
p238|p276,Order 2,0.6518172664148854
p69|p104|p238,Order 3,0.793117877686988
p69|p104|p276,Order 3,0.7931178776869879
p69|p238|p276,Order 3,0.7931178776869879
p104|p238|p276,Order 3,0.7931178776869878
