"model_order","R2","(Adjusted)","Delta R2"
"order1","0.614391290478522","0.47416994156162","0.614391290478522"
"order2","0.861379224222654","0.584137672667961","0.246987933744132"
"order3","0.99501958298596","0.925293744789394","0.133640358763306"
