"model_order","R2","(Adjusted)","Delta R2"
"order1","0.54212197645735","0.375620876987296","0.54212197645735"
"order2","0.78519025223303","0.355570756699089","0.24306827577568"
"order3","0.969076275004198","0.536144125062969","0.183886022771168"
