"id","effect","muts","cv","colors","enz"
"0000",0,0,NA,"#FFFFFF","TEM"
"0001",-0.0118871597316481,1,NA,"#FBFEFF","TEM"
"0010",0.0718820073061254,1,NA,"#FFE9E8","TEM"
"0100",0.225309281725863,1,NA,"#FFBFBC","TEM"
"1000",-0.616184634019569,1,NA,"#45D7FF","TEM"
"0011",0.0453229787866575,2,NA,"#FFF0F0","TEM"
"0101",0.0934216851622351,2,NA,"#FFE2E1","TEM"
"0110",0.222716471147583,2,NA,"#FFBFBC","TEM"
"1001",-0.0443122496864942,2,NA,"#F0FBFF","TEM"
"1010",0.0374264979406237,2,NA,"#FFF4F3","TEM"
"1100",0.0644579892269184,2,NA,"#FFEDEC","TEM"
"0111",0.271841606536499,3,NA,"#FFB1AD","TEM"
"1011",0.198657086954423,3,NA,"#FFC6C3","TEM"
"1101",-0.0177287669604316,3,NA,"#FBFEFF","TEM"
"1110",-0.0409586076789064,3,NA,"#F3FCFF","TEM"
"1111",0.222716471147583,4,NA,"#FFBFBC","TEM"
