"indices","effect"
"INTERCEPT",0.0453206689532748
"69",-0.139680832281112
"104",0.170227580235147
"238",0.167262385173761
"276",0.0988676610109955
"69|104",-0.00702021262512232
"69|238",0.0910560615940008
"69|276",0.129434830089011
"104|238",-0.0895153711318586
"104|276",-0.073572539164497
"238|276",0.0121256688081115
"69|104|238",-0.100554810464116
"69|104|276",-0.0633599099176222
"69|238|276",-0.0289972176197445
"104|238|276",0.119522530921743
