"indices","effect"
"INTERCEPT",0.3545625
"69",-0.484625
"104",0.674625
"238",0.639125
"276",0.298875
"69|104",-0.287125
"69|238",0.229875
"69|276",0.447125
"104|238",-0.166875
"104|276",-0.155625
"238|276",0.300375
"69|104|238",-0.296125
"69|104|276",-0.097375
"69|238|276",0.0411250000000001
"104|238|276",0.399375
