"indices","sign","effect"
"69|276",0,0.583759544064723
"69|238",1,0.581729124654067
"69|238|276",1,0.754846873399514
"69|104",1,0.455333341520624
"69|104|276",0,0.385033745064922
"69|104|238",0,0.278034737308674
"69|104|238|276",1,0.553596975866812
