"id","effect","muts","cv","colors"
"0000",1,0,NA,"#FFDFDD"
"0001",1,1,NA,"#FFDFDD"
"0010",1,1,NA,"#FFDFDD"
"0100",1,1,NA,"#FFDFDD"
"1000",1,1,NA,"#FFDFDD"
"0011",0.966781054575226,2,NA,"#FFDFDD"
"0101",0.758576812019772,2,NA,"#FFE6E4"
"0110",0.842413236481033,2,NA,"#FFE6E4"
"1001",3.83494857006956,2,NA,"#FF8680"
"1010",3.81706121305505,2,NA,"#FF8680"
"1100",2.85320739866194,2,NA,"#FFA6A2"
"0111",0.969476926241781,3,NA,"#FFDFDD"
"1011",5.68652396034866,3,NA,"#FF4E45"
"1101",2.42679865215603,3,NA,"#FFB4B0"
"1110",1.89685763645702,3,NA,"#FFC2BF"
"1111",3.5776427869885,4,NA,"#FF918B"
