p69,x000,1,0,TEM,growth,CXM
p69,x001,2,0.5837595440647226,TEM,growth,CXM
p69,x010,2,0.581729124654067,TEM,growth,CXM
p69,x011,3,0.7695187421873338,TEM,growth,CXM
p69,x100,2,0.4553333415206243,TEM,growth,CXM
p69,x101,3,0.505034181896902,TEM,growth,CXM
p69,x110,3,0.352509555193079,TEM,growth,CXM
p69,x111,4,0.567059498630653,TEM,growth,CXM
p104,0x00,1,0,TEM,growth,CXM
p104,0x01,2,-0.12000043683197968,TEM,growth,CXM
p104,0x10,2,-0.07447481788440496,TEM,growth,CXM
p104,0x11,3,0.0012093460239786524,TEM,growth,CXM
p104,1x00,2,0.4553333415206243,TEM,growth,CXM
p104,1x01,3,-0.19872579899980025,TEM,growth,CXM
p104,1x10,3,-0.3036943873453929,TEM,growth,CXM
p104,1x11,4,-0.20124989753270223,TEM,growth,CXM
p238,00x0,1,0,TEM,growth,CXM
p238,00x1,2,-0.014671868787819786,TEM,growth,CXM
p238,01x0,2,-0.07447481788440495,TEM,growth,CXM
p238,01x1,3,0.10653791406813855,TEM,growth,CXM
p238,10x0,2,0.581729124654067,TEM,growth,CXM
p238,10x1,3,0.17108732933479148,TEM,growth,CXM
p238,11x0,3,-0.1772986042119502,TEM,growth,CXM
p238,11x1,4,0.1685632308018895,TEM,growth,CXM
p276,000x,1,0,TEM,growth,CXM
p276,001x,2,-0.014671868787819784,TEM,growth,CXM
p276,010x,2,-0.12000043683197968,TEM,growth,CXM
p276,011x,3,0.06101229512056382,TEM,growth,CXM
p276,100x,2,0.5837595440647226,TEM,growth,CXM
p276,101x,3,0.17311774874544708,TEM,growth,CXM
p276,110x,3,-0.07029959645570195,TEM,growth,CXM
p276,111x,4,0.2755622385581378,TEM,growth,CXM
