genotype,avg,pos,mutations,likely,enzyme_name,measure_type,cond
x000,-0.6161846340195687,p69,1,FALSE,TEM,growth,CXM
0x00,0.22530928172586284,p104,1,TRUE,TEM,growth,CXM
00x0,0.07188200730612536,p238,1,FALSE,TEM,growth,CXM
000x,-0.0118871597316481,p276,1,FALSE,TEM,growth,CXM
xx00,0.4553333415206243,p69|p104,2,FALSE,TEM,growth,CXM
x0x0,0.581729124654067,p69|p238,2,FALSE,TEM,growth,CXM
x00x,0.5837595440647226,p69|p276,2,FALSE,TEM,growth,CXM
0xx0,-0.07447481788440496,p104|p238,2,TRUE,TEM,growth,CXM
0x0x,-0.12000043683197968,p104|p276,2,FALSE,TEM,growth,CXM
00xx,-0.014671868787819786,p238|p276,2,FALSE,TEM,growth,CXM
xxx0,-0.6845529109816123,p69|p104|p238,3,FALSE,TEM,growth,CXM
xx0x,-0.5340587036884449,p69|p104|p276,3,FALSE,TEM,growth,CXM
x0xx,-0.39596992653145574,p69|p238|p276,3,FALSE,TEM,growth,CXM
0xxx,0.1956846007403633,p104|p238|p276,3,TRUE,TEM,growth,CXM
xxxx,0.560819029592752,p69|p104|p238|p276,4,FALSE,TEM,growth,CXM
