mean,max,obs,geno,enzyme_name,measure_type,cond
-0.08272012617980715,0.22530928172586284,0,0000,TEM,growth,CXM
0.04336463115244755,0.10530884489388316,-0.0118871597316481,0001,TEM,growth,CXM
0.029939975318829432,0.15083446384145788,0.07188200730612536,0010,TEM,growth,CXM
-0.09844389988028392,-0.002592810578279592,0.22530928172586284,0100,TEM,growth,CXM
0.6353753798465847,0.6806426232464872,-0.6161846340195687,1000,TEM,growth,CXM
0.18992636795880333,0.2265186277498415,0.045322978786657475,0011,TEM,growth,CXM
0.03363473462579862,0.1784199213742639,0.09342168516223506,0101,TEM,growth,CXM
-0.10727497171878697,0.04912513538891572,0.22271647114758325,0110,TEM,growth,CXM
0.1347764096834897,0.24296933664091683,-0.04431224968649419,1001,TEM,growth,CXM
0.04142274169713446,0.16123058901379897,0.037426497940623665,1010,TEM,growth,CXM
-0.09380167654658744,-0.08218675618735005,0.06445798922691845,1100,TEM,growth,CXM
-0.04912513538891572,-0.04912513538891572,0.27184160653649897,0111,TEM,growth,CXM
0.024059384193160616,0.024059384193160616,0.19865708695442263,1011,TEM,growth,CXM
0.24044523810801485,0.24044523810801485,-0.017728766960431602,1101,TEM,growth,CXM
0.26367507882648966,0.26367507882648966,-0.040958607678906384,1110,TEM,growth,CXM
