"indices","sign","effect"
"238|276",1,0.101125293712213
"104|238|276",1,-1.73875405238526
"69|276",0,-1.21609301030322
"69|238",0,-1.40981789019519
"69|238|276",0,-1.27193341384725
"69|104",1,-1.60438342430161
"69|104|276",1,-1.50792412208839
"69|104|238|276",1,-1.47935064223895
