MAE,Last MAE,Step,Enzyme,Linear MAE,Linear Last MAE
0.4547439817199191,1.0684558225587666,1,DHFR,0.3586444642695312,1.1154205496875003
0.8211501646878882,5.291142500039655,2,DHFR,0.1365984963320313,0.19695813937500084
0.1713905405960148,2.635841282934202,3,DHFR,0.0788741058320312,0.14473829293749851
0.004982728000456355,0.15944729601460184,4,DHFR,0.004976933093750033,0.004976933093751246
