"id","effect","muts","cv","colors","enz"
"00000",0,0,NA,"#FFFFFF","DHFR"
"00001",-0.559090917934782,1,NA,"#DDF7FF","DHFR"
"00010",-0.338187314462739,1,NA,"#ECFBFF","DHFR"
"00100",-0.199282921717615,1,NA,"#F3FCFF","DHFR"
"01000",-0.58838029403677,1,NA,"#DDF7FF","DHFR"
"10000",-0.380906669373257,1,NA,"#E8FAFF","DHFR"
"00011",-0.464705879957229,2,NA,"#E4F9FF","DHFR"
"00101",-0.486782399932061,2,NA,"#E1F8FF","DHFR"
"00110",0.20682587603185,2,NA,"#FFF4F3","DHFR"
"01001",-0.568636235841013,2,NA,"#DDF7FF","DHFR"
"01010",-0.235077015350112,2,NA,"#F0FBFF","DHFR"
"01100",-0.317854923626168,2,NA,"#ECFBFF","DHFR"
"10001",-0.195179321278838,2,NA,"#F3FCFF","DHFR"
"10010",-0.798602875679548,2,NA,"#CEF4FF","DHFR"
"10100",-0.621602099051862,2,NA,"#D9F7FF","DHFR"
"11000",-0.559090917934782,2,NA,"#DDF7FF","DHFR"
"00111",-0.19586056766465,3,NA,"#F3FCFF","DHFR"
"01011",-0.596879478824182,3,NA,"#D9F7FF","DHFR"
"01101",-0.31695296176115,3,NA,"#ECFBFF","DHFR"
"01110",-0.0209070993616736,3,NA,"#FFFFFF","DHFR"
"10011",-1.7619538968712,3,NA,"#96E8FF","DHFR"
"10101",-0.954677021213343,3,NA,"#C7F3FF","DHFR"
"10110",-1.28316227670048,3,NA,"#B4EFFF","DHFR"
"11001",-0.510041520575165,3,NA,"#E1F8FF","DHFR"
"11010",-1.22040350874218,3,NA,"#B8EFFF","DHFR"
"11100",-0.79317412396815,3,NA,"#CEF4FF","DHFR"
"01111",-0.737548910269571,4,NA,"#D2F5FF","DHFR"
"10111",-1.98716277529483,4,NA,"#87E5FF","DHFR"
"11011",-2.54515513999149,4,NA,"#66DEFF","DHFR"
"11101",-1.58004425151024,4,NA,"#A2EBFF","DHFR"
"11110",-1.80410034759077,4,NA,"#93E7FF","DHFR"
"11111",-3.13430394008393,5,NA,"#45D7FF","DHFR"
