"indices","effect"
"INTERCEPT",-0.79837682271875
"21",-0.9194299523125
"26",-0.3440901109375
"28",-0.1818303078125
"30",-0.5179042684375
"94",-0.4776466436875
"21|26",-0.1761621148125
"21|28",-0.3417934966875
"21|30",-0.5994370535625
"21|94",-0.1735823418125
"26|28",-0.0534753948125
"26|30",-0.1149017089375
"26|94",-0.0786039574374999
"28|30",0.0572319389375001
"28|94",-0.0923981240624999
"30|94",-0.2638025674375
"21|26|28",-0.0420896336875
"21|26|30",-0.0833429260625001
"21|26|94",-0.1182066090625
"21|28|30",-0.00402283718750002
"21|28|94",-0.0448909376875001
"21|30|94",-0.1661484523125
"26|28|30",-0.0970519515625
"26|28|94",-0.0596321158125001
"26|30|94",-0.1134738461875
"28|30|94",0.0454664449374999
"21|26|28|30",0.0768020423125001
"21|26|28|94",-0.0132267959375
"21|26|30|94",0.0637250834375001
"21|28|30|94",0.1560169415625
"26|28|30|94",0.0161131806875003
