MAE,Last MAE,Step,Enzyme,Linear MAE,Linear Last MAE
0.5569624910709897,1.6629659698845118,1,OXA-48,0.3016210208856421,0.48378400592363247
0.5481574042493372,1.7116586440820865,2,OXA-48,0.14754441567766488,0.09754590233568994
0.3126594805905542,2.4499815320214147,3,OXA-48,0.08347617838747078,0.05640610409899538
0.062067076371281636,0.8192694471051809,4,OXA-48,0.03596696972962,0.022594364837893233
6.202695524908863e-4,0.03969725135940938,5,OXA-48,6.647814443255903e-4,6.647814443250244e-4
