"genotype","predicted effect"
"FNQEFT",0.000664781444325089
"FNQEFP",-0.000755208286760201
"FNQEDT",-1.5855975633862
"FNQEDP",-1.58326817702229
"FNQKFT",-0.00109720539642777
"FNQKFP",-0.00427482528686237
"FNQKDT",-1.57919040683167
"FNQKDP",-1.57887076618566
"FNHEFT",-0.229327365431532
"FNHEFP",-1.41451553623294
"FNHEDT",-1.58271640772447
"FNHEDP",-1.58536014946886
"FNHKFT",-0.361947493293019
"FNHKFP",-0.707684828941753
"FNHKDT",-1.57992262646256
"FNHKDP",-1.56255817000274
"FTQEFT",-1.39658430857359
"FTQEFP",-1.20775490968802
"FTQEDT",-1.58622472931632
"FTQEDP",-1.57971794258097
"FTQKFT",-0.946962602237503
"FTQKFP",-1.16034423486103
"FTQKDT",-1.58786296520129
"FTQKDP",-1.57285659304619
"FTHEFT",-1.56055218066188
"FTHEFP",-1.53887327472579
"FTHEDT",-1.58486040609559
"FTHEDP",-1.53997496778786
"FTHKFT",-1.5689781723249
"FTHKFP",-1.52123554601778
"FTHKDT",-1.58031190172897
"FTHKDP",-1.54480355246764
"VNQEFT",-0.00082613394362375
"VNQEFP",-0.00352850417875764
"VNQEDT",-1.58889489216149
"VNQEDP",-1.59027582961655
"VNQKFT",0.000424295148879717
"VNQKFP",-0.00119459056856865
"VNQKDT",-1.5894649358941
"VNQKDP",-1.58856507168725
"VNHEFT",-1.58645859017424
"VNHEFP",-1.59010427080107
"VNHEDT",-1.59034958887565
"VNHEDP",-1.5881819716304
"VNHKFT",-1.58834464296779
"VNHKFP",-1.58701508007914
"VNHKDT",-1.58845564149825
"VNHKDP",-1.58870243874445
"VTQEFT",-1.08242558099135
"VTQEFP",-1.35480908114037
"VTQEDT",-1.58685810637156
"VTQEDP",-1.57976315366447
"VTQKFT",-1.18589539968503
"VTQKFP",-1.13709665031495
"VTQKDT",-1.58271640772448
"VTQKDP",-1.57155609969071
"VTHEFT",-1.58858854810666
"VTHEFP",-1.58242696311274
"VTHEDT",-1.58449733229852
"VTHEDP",-1.5863659537812
"VTHKFT",-1.56627116553545
"VTHKFP",-1.58164146461763
"VTHKDT",-1.56964450814994
"VTHKDP",-1.54570978800855
