"model_order","R2","(Adjusted)","Delta R2"
"order1","0.564798723668444","0.518988063001965","0.564798723668444"
"order2","0.892782906951109","0.839174360426663","0.327984183282665"
"order3","0.966293716532601","0.903477460979721","0.0735108095814919"
"order4","0.993563999951701","0.942075999565313","0.0272702834191004"
"order5","0.999998548451373","0.999908552436522","0.0064345484996724"
