"indices","sign","effect"
"124|243",0,-1.18725625651372
"124|156",0,0.230079678486208
"124|156|243",0,0.228412519118745
"124|132|243",0,-0.478896897750762
"124|132|156",0,0.233829431411702
"124|132|156|243",0,0.2500363299627
"76|243",0,0.187464595935648
"76|156",0,1.39410036302596
"76|156|243",0,1.40240452581454
"76|132",0,0.449286902172967
"76|132|243",0,0.236314553146305
"76|132|156",0,1.39453487479998
"76|132|156|243",0,1.4077463720833
"76|124|156",0,1.62418646603427
"76|124|156|243",0,1.66860560582269
"76|124|132|156",0,1.62794892115722
"76|124|132|156|243",0,1.66601366296652
"66|124",0,-1.3582877168
"66|124|243",0,-1.36165435754996
"66|124|156",0,0.223372294479221
"66|124|156|243",0,0.225058877111157
"66|124|132",0,-1.35953326314401
"66|124|132|243",0,-1.35953326314401
"66|124|132|156",0,0.225493388885174
"66|124|132|156|243",0,0.225493388885174
"66|76",0,0.312753994235912
"66|76|156",0,1.39410036302596
"66|76|156|243",0,1.40075634743447
"66|76|132",0,0.211121639964621
"66|76|132|243",0,0.258339838002585
"66|76|132|156",0,1.39787561805701
"66|76|132|156|243",0,1.41098739072114
"66|76|124|156",0,1.62418646603427
"66|76|124|156|243",0,1.62418646603427
"66|76|124|132|156",0,1.64101139399646
"66|76|124|132|156|243",0,1.66296596988451
