"genotype","predicted effect"
"RSLTL",1.98918115807907
"LSLTL",1.0648052912927
"R-LTL",0.917939191067284
"RSHTL",1.06037160945797
"RSLIL",1.23419185378824
"RSLTF",0.67412370027729
"L-LTL",0.89181676565495
"LSHTL",-0.238591128913029
"LSLIL",1.19232301375766
"LSLTF",0.55368909534556
"R-HTL",-0.0772258486215546
"R-LIL",0.230151374746979
"R-LTF",0.251383328569789
"RSHIL",1.07994197514581
"RSHTF",-0.0720834570909001
"RSLIF",0.852088346770315
"L-HTL",-0.355808407829105
"L-LIL",0.973127057043754
"L-LTF",0.438321293079242
"LSHIL",0.407848683062634
"LSHTF",-0.510276707784319
"LSLIF",1.24582730129263
"R-HIL",0.107339730509107
"R-HTF",-0.527814390771341
"R-LIF",0.533251557402879
"RSHIF",0.506787009280847
"L-HIL",0.172722852763134
"L-HTF",-0.622294663452076
"L-LIF",1.15235253944135
"LSHIF",0.1760820959957
"R-HIF",0.415626075829106
"L-HIF",-0.0235503097194807
