"indices","sign","effect"
"258|273",0,-0.357214388883349
"193|258|273",0,-0.314231952377446
"72|273",0,-0.485027744332201
"72|271",0,-0.329490331619381
"72|258",0,-1.0349027456652
"72|258|273",0,-1.51490968862235
"72|258|271",0,-0.701682094339756
"72|258|271|273",0,-0.200531250689621
"72|193|273",0,0.307472532360493
"72|193|271|273",0,0.903382853068168
"72|193|258",0,-0.892540117140162
"72|193|258|273",0,-0.688468611162639
"72|193|258|271",0,-0.453019431654838
"72|193|258|271|273",0,0.681179360134638
