genotype,avg,pos,mutations,likely,enzyme_name,measure_type,cond
x0000,0.41664050733828095,p72,1,FALSE,MPH,catact,MgPTM
0x000,0.17609125905568124,p193,1,FALSE,MPH,catact,MgPTM
00x00,1.1522883443830565,p258,1,TRUE,MPH,catact,MgPTM
000x0,-0.6143937264016879,p271,1,FALSE,MPH,catact,MgPTM
0000x,0.17897694729316943,p273,1,FALSE,MPH,catact,MgPTM
xx000,-0.08487589469813128,p72|p193,2,FALSE,MPH,catact,MgPTM
x0x00,-1.0349027456652025,p72|p258,2,FALSE,MPH,catact,MgPTM
x00x0,-0.3294903316193808,p72|p271,2,FALSE,MPH,catact,MgPTM
x000x,-0.4850277443322014,p72|p273,2,FALSE,MPH,catact,MgPTM
0xx00,-0.0828669356245878,p193|p258,2,TRUE,MPH,catact,MgPTM
0x0x0,-0.07033583881972072,p193|p271,2,FALSE,MPH,catact,MgPTM
0x00x,0.053171758962998916,p193|p273,2,FALSE,MPH,catact,MgPTM
00xx0,-0.09856192415110598,p258|p271,2,FALSE,MPH,catact,MgPTM
00x0x,-0.35721438888334855,p258|p273,2,FALSE,MPH,catact,MgPTM
000xx,0.08083904845761036,p271|p273,2,FALSE,MPH,catact,MgPTM
xxx00,0.3101054588477592,p72|p193|p258,3,FALSE,MPH,catact,MgPTM
xx0x0,0.4347598774016723,p72|p193|p271,3,FALSE,MPH,catact,MgPTM
xx00x,0.824204412427827,p72|p193|p273,3,FALSE,MPH,catact,MgPTM
x0xx0,0.7612729070959329,p72|p258|p271,3,FALSE,MPH,catact,MgPTM
x0x0x,0.36223519025839945,p72|p258|p273,3,FALSE,MPH,catact,MgPTM
x00xx,0.6756993178944859,p72|p271|p273,3,FALSE,MPH,catact,MgPTM
0xxx0,0.091661848202239,p193|p258|p271,3,FALSE,MPH,catact,MgPTM
0xx0x,0.07267761316749194,p193|p258|p273,3,TRUE,MPH,catact,MgPTM
0x0xx,-0.0409214549851141,p193|p271|p273,3,FALSE,MPH,catact,MgPTM
00xxx,0.5507167331796063,p258|p271|p273,3,FALSE,MPH,catact,MgPTM
xxxx0,-0.34978585262431205,p72|p193|p258|p271,4,FALSE,MPH,catact,MgPTM
xxx0x,-0.26597533562364417,p72|p193|p258|p273,4,TRUE,MPH,catact,MgPTM
xx0xx,-0.15464029762187836,p72|p193|p271|p273,4,FALSE,MPH,catact,MgPTM
x0xxx,-0.3260973129244165,p72|p258|p271|p273,4,FALSE,MPH,catact,MgPTM
0xxxx,-0.027671294609370373,p193|p258|p271|p273,4,FALSE,MPH,catact,MgPTM
xxxxx,0.17220254642102895,p72|p193|p258|p271|p273,5,TRUE,MPH,catact,MgPTM
