WT,,,,
DRDEK,,,,
Positions,,,,
101,166,153,322,328 
Genotype,Function,,,
DRDEK,0,,
DRDEA,-2.92445303860747,,
DRDYK,-4.94309514866353,,
DRDYA,-5.62342304294349,,
DRAEK,-2.35261702988538,,
DRAEA,-3.15614457737684,,
DRAYK,-5.43770713554353,,
DRAYA,-6.29413628771608,,
DSDEK,-3.79860287567955,,
DSDEA,-6.41907502432438,,
DSDYK,-8.59516628338006,,
DSDYA,-9.20830935097988,,
DSAEK,-4.68613277963085,,
DSAEA,-5.24336389175415,,
DSAYK,-7.51999305704285,,
DSAYA,-8.15614457737684,,
ARDEK,-1.80410034759077,,
ARDEA,-4.35261702988538,,
ARDYK,-8.30803489723264,,
ARDYA,-8.75696195131371,,
ARAEK,-3.28066871301627,,
ARAEA,-3.72124639904717,,
ARAYK,-7.68613277963085,,
ARAYA,-8.49894073778225,,
ASDEK,-4.03574036980315,,
ASDEA,-6.35261702988538,,
ASDYK,-8.17587416608345,,
ASDYA,-10.4989407377822,,
ASAEK,-4.49894073778225,,
ASAEA,-5.05898575629443,,
ASAYK,-8.82681373158773,,
ASAYA,-9.56863623584101,,
