WT,,,,,
cPALWI,,,,,
Positions,,,,,
1,21,26,28,30,94 
Genotype,Function,,,,
cPALWI,0,,,
cPALWL,1.47275644931721,,,
cPALRI,0.267171728403014,,,
cPALRL,1.96473092105363,,,
cPARWI,1.8555191556678,,,
cPARWL,1.69284691927723,,,
cPARRI,1.82412583391655,,,
cPARRL,-0.157390760389438,,,
cPTLWI,0.307496037913213,,,
cPTLWL,1.04921802267018,,,
cPTLRI,1.02530586526477,,,
cPTLRL,1.55750720190566,,,
cPTRWI,2.19312459835446,,,
cPTRWL,2.04921802267018,,,
cPTRRI,2.07918124604762,,,
cPTRRL,-0.228412519118745,,,
cLALWI,0.728353782021228,,,
cLALWL,0.822821645303105,,,
cLALRI,0.706717782336759,,,
cLALRL,-0.543633966870957,,,
cLARWI,1.18752072083646,,,
cLARWL,-0.277366077466188,,,
cLARRI,-0.804100347590766,,,
cLARRL,-3.03151705144606,,,
cLTLWI,-3.03151705144606,,,
cLTLWL,1.36361197989214,,,
cLTLRI,1.18752072083646,,,
cLTLRL,1.97358962342726,,,
cLTRWI,0.717670503002262,,,
cLTRWL,-0.422508200162775,,,
cLTRRI,2.32428245529769,,,
cLTRRL,-0.798602875679548,,,
tPALWI,0.643452676486187,,,
tPALWL,1.55750720190566,,,
tPALRI,1.71349054309394,,,
tPALRL,2.08278537031645,,,
tPARWI,1.93399316383124,,,
tPARWL,2.28330122870355,,,
tPARRI,2.32014628611105,,,
tPARRL,2.31175386105575,,,
tPTLWI,1.14612803567824,,,
tPTLWL,2.04921802267018,,,
tPTLRI,2.08635983067475,,,
tPTLRL,2.21748394421391,,,
tPTRWI,2.34242268082221,,,
tPTRWL,2.32633586092875,,,
tPTRRI,2.32221929473392,,,
tPTRRL,2.32428245529769,,,
tLALWI,1.38381536598043,,,
tLALWL,1.98317507203781,,,
tLALRI,1.8561244442423,,,
tLALRL,1.71096311899528,,,
tLARWI,2.07188200730613,,,
tLARWL,-3.03151705144606,,,
tLARRI,2.1846914308176,,,
tLARRL,2.27875360095283,,,
tLTLWI,1.9106244048892,,,
tLTLWL,2.22788670461367,,,
tLTLRI,2.22271647114758,,,
tLTLRL,2.31386722036915,,,
tLTRWI,2.32428245529769,,,
tLTRWL,2.29446622616159,,,
tLTRRI,2.10380372095596,,,
tLTRRL,2.15836249209525,,,
