WT,,,
NCSI,,,
Positions,,,
51,59,108,164 
Genotype,Function,,
NCSI,0,
NCSL,0.602059991327962,
NCNI,0,
NCNL,0.301029995663981,
NRSI,0.301029995663981,
NRSL,1.20411998265592,
NRNI,-0.301029995663981,
NRNL,0,
ICSI,1.80617997398389,
ICSL,2.10720996964787,
ICNI,-0.301029995663981,
ICNL,0,
IRSI,0.602059991327962,
IRSL,1.20411998265592,
IRNI,0.602059991327962,
IRNL,0.903632516084238,
