WT,,,,
PALWI,,,,
Positions,,,,
21,26,28,30,94 
Genotype,Function,,,
PALWI,0,,
PALWL,-0.0590346075706698,,
PALRI,-0.000791459978480513,,
PALRL,-0.0136499328607239,,
PARWI,-0.00706550031014858,,
PARWL,-0.0407143478063829,,
PARRI,-0.0200245879112637,,
PARRL,-0.0103438845576261,,
PTLWI,-0.0683741524510084,,
PTLWL,-0.0619418902832592,,
PTLRI,-0.0162566643052652,,
PTLRL,-0.030957576846784,,
PTRWI,-0.0158141578131215,,
PTRWL,-0.015727335104715,,
PTRRI,0.0018216510785426,,
PTRRL,-0.0135764477126615,,
LALWI,-0.0228996469367823,,
LALWL,-0.00684225106403213,,
LALRI,-0.025511672913506,,
LALRL,-0.559121068053427,,
LARWI,-0.0805923706478601,,
LARWL,-0.372871924355539,,
LARRI,-1.54490939633077,,
LARRL,-2.48541463792393,,
LTLWI,-0.0590346075706698,,
LTLWL,-0.0459533262607782,,
LTLRI,-0.0502079788351562,,
LTLRL,-1.92981752658907,,
LTRWI,-0.182340739000855,,
LTRWL,-2.19056555619359,,
LTRRI,-2.5333837322443,,
LTRRL,-2.92527622385312,,
