WT,,,,
PALWI,,,,
Positions,,,,
21,26,28,30,94 
Genotype,Function,,,
PALWI,0,,
PALWL,0.447011537755569,,
PALGI,0.241331512049022,,
PALGL,2.44989147787625,,
PARWI,0.86535003761027,,
PARWL,2.04603246881119,,
PARGI,1.50795525113384,,
PARGL,2.84324120057248,,
PTLWI,0.238475033957205,,
PTLWL,0.99948972309703,,
PTLGI,1.03609136258202,,
PTLGL,3.49310158697882,,
PTRWI,1.50795525113384,,
PTRWL,3.13058708769409,,
PTRGI,2.75472051344755,,
PTRGL,4.50793089871815,,
LALWI,0.24557334329636,,
LALWL,1.48470983248373,,
LALGI,1.18164514153449,,
LALGL,2.79034035117202,,
LARWI,1.38498228316437,,
LARWL,2.48869518219229,,
LARGI,2.5939816304931,,
LARGL,4.0823641476097,,
LTLWI,0.775546009355222,,
LTLWL,2.51571381397209,,
LTLGI,2.30713801684994,,
LTLGL,4.59211372684242,,
LTRWI,2.82755957172857,,
LTRWL,4.17448794654203,,
LTRGI,4.29490105520073,,
LTRGL,5.92281914937623,,
