WT,,,
NCSI,,,
Positions,,,
51,59,108,164 
Genotype,Function,,
NCSI,0,
NCSL,0.301029995663981,
NCNI,-0.882728704344236,
NCNL,0,
NRSI,0.301029995663981,
NRSL,1.50514997831991,
NRNI,0,
NRNL,-0.294136287716081,
ICSI,2.10720996964787,
ICSL,2.40823996531185,
ICNI,-0.294136287716081,
ICNL,0,
IRSI,0.903089986991944,
IRSL,0.903089986991944,
IRNI,0.602059991327962,
IRNL,0.903089986991944,
