WT,,,
NCSI,,,
Positions,,,
51,59,108,164 
Genotype,Function,,
NCSI,0,
NCSL,0.212219446619542,
NCNI,-0.0809001882366829,
NCNL,0,
NRSI,-0.0809001882366829,
NRSL,0.768573597957015,
NRNI,-0.0809001882366829,
NRNL,-0.123482742037595,
ICSI,6.01986171584474,
ICSL,15.8022652837565,
ICNI,-0.0809001882366829,
ICNL,-0.123482742037595,
IRSI,0.212219446619542,
IRSL,0.212219446619542,
IRNI,0,
IRNL,0,
