WT,,,,
L-HIF,,,,
Positions,,,,
72,193,258,271,273 
Genotype,Function,,,
L-HIF,0,,
L-HIL,0.66838591669,,
L-HTF,-0.787812395596042,,
L-HTL,-0.153044674980176,,
L-LIF,0.994317152669637,,
L-LIL,0.987666264926275,,
L-LTF,0.551449997972875,,
L-LTL,0.857935264719429,,
LSHIF,0.271841606536499,,
LSHIL,0.9804578922761,,
LSHTF,-0.39577394691553,,
LSHTL,-0.0947439512515487,,
LSLIF,1.20682587603185,,
LSLIL,1.2405492482826,,
LSLTF,0.755112266395071,,
LSLTL,1.10720996964787,,
R-HIF,0.930949031167523,,
R-HIL,0.710963118995276,,
R-HTF,-0.33161408331,,
R-HTL,0.348304863048161,,
R-LIF,1.10037054511756,,
R-LIL,0.708420900134713,,
R-LTF,0.110589710299249,,
R-LTL,1.39269695325967,,
RSHIF,1.15836249209525,,
RSHIL,2.20411998265593,,
RSHTF,0.176091259055681,,
RSHTL,2.07918124604762,,
RSLIF,1.20682587603185,,
RSLIL,2.31175386105575,,
RSLTF,0.544068044350276,,
RSLTL,2.96094619573383,,
