WT,,,,
L-HIF,,,,
Positions,,,,
72,193,258,271,273 
Genotype,Function,,,
L-HIF,0,,
L-HIL,0.495544337546448,,
L-HTF,-0.98296666070122,,
L-HTL,-0.22548303427145,,
L-LIF,1,,
L-LIL,0.948412965778601,,
L-LTF,0.852479993636856,,
L-LTL,1.61278385671974,,
LSHIF,0.227886704613674,,
LSHIL,0.790285164033242,,
LSHTF,-0.460923901207223,,
LSHTL,0.372912002970107,,
LSLIF,1.41830129131975,,
LSLIL,1.42975228000241,,
LSLTF,1.04139268515823,,
LSLTL,1.68214507637383,,
R-HIF,1.08278537031645,,
R-HIL,0.826074802700826,,
R-HTF,0.0718820073061254,,
R-HTL,0.699837725867246,,
R-LIF,1.08278537031645,,
R-LIL,0.950851458888546,,
R-LTF,0.344392273685111,,
R-LTL,1.34242268082221,,
RSHIF,1.13672056715641,,
RSHIL,1.8733206018154,,
RSHTF,0.413299764081252,,
RSHTL,1.76937732607614,,
RSLIF,1.39619934709574,,
RSLIL,1.96284268120124,,
RSLTF,0.980003371583746,,
RSLTL,2.62428209583567,,
