WT,,,,
L-HIF,,,,
Positions,,,,
72,193,258,271,273 
Genotype,Function,,,
L-HIF,0,,
L-HIL,0.117271295655764,,
L-HTF,-0.655607726314889,,
L-HTL,-0.410050398674292,,
L-LIF,0.94299959336604,,
L-LIL,0.755112266395071,,
L-LTF,0.0374264979406237,,
L-LTL,0.436162647040756,,
LSHIF,0.250420002308894,,
LSHIL,0.494154594018443,,
LSHTF,-0.440093374963888,,
LSHTL,-0.213958789757446,,
LSLIF,1.13353890837022,,
LSLIL,1.06818586174616,,
LSLTF,0.348304863048161,,
LSLTL,0.624282095835668,,
R-HIF,0.757396028793024,,
R-HIL,0.468347330412157,,
R-HTF,-0.198596289982645,,
R-HTL,0.0644579892269184,,
R-LIF,1.09691001300806,,
R-LIL,0.658011396657112,,
R-LTF,0.110589710299249,,
R-LTL,1.20951501454263,,
RSHIF,0.959518376972998,,
RSHIL,1.41830129131975,,
RSHTF,0.0334237554869497,,
RSHTL,1.51054501020661,,
RSLIF,1.28330122870355,,
RSLIL,1.8234742291703,,
RSLTF,0.60959440922522,,
RSLTL,2.19589965240923,,
