WT,,,,,
FNQEFT,,,,,
Positions,,,,,
66,76,124,132,156,243 
Genotype,Function,,,,
FNQEFT,0,,,
FNQEFP,-9.04268424342658e-05,,,
FNQEDT,-1.58493278194188,,,
FNQEDP,-1.58393295846662,,,
FNQKFT,-0.00043242395210219,,,
FNQKFP,-0.00493960673118843,,,
FNQKDT,-1.579855188276,,,
FNQKDP,-1.57820598474133,,,
FNHEFT,-0.228662583987206,,,
FNHEFP,-1.41518031767727,,,
FNHEDT,-1.5833811891688,,,
FNHEDP,-1.58469536802453,,,
FNHKFT,-0.362612274737345,,,
FNHKFP,-0.707020047497427,,,
FNHKDT,-1.57925784501823,,,
FNHKDP,-1.56322295144707,,,
FTQEFT,-1.39591952712926,,,
FTQEFP,-1.20841969113235,,,
FTQEDT,-1.58688951076065,,,
FTQEDP,-1.57905316113664,,,
FTQKFT,-0.947627383681828,,,
FTQKFP,-1.1596794534167,,,
FTQKDT,-1.58719818375696,,,
FTQKDP,-1.57352137449051,,,
FTHEFT,-1.56121696210621,,,
FTHEFP,-1.53820849328146,,,
FTHEDT,-1.58419562465126,,,
FTHEDP,-1.54063974923219,,,
FTHKFT,-1.56831339088058,,,
FTHKFP,-1.5219003274621,,,
FTHKDT,-1.5809766831733,,,
FTHKDP,-1.54413877102331,,,
VNQEFT,-0.000161352499298828,,,
VNQEFP,-0.0041932856230833,,,
VNQEDT,-1.58955967360582,,,
VNQEDP,-1.58961104817222,,,
VNQKFT,-0.000240486295446041,,,
VNQKFP,-0.000529809124242886,,,
VNQKDT,-1.58880015444977,,,
VNQKDP,-1.58922985313158,,,
VNHEFT,-1.58712337161857,,,
VNHEFP,-1.58943948935675,,,
VNHEDT,-1.58968480743133,,,
VNHEDP,-1.58884675307473,,,
VNHKFT,-1.58767986152347,,,
VNHKFP,-1.58767986152347,,,
VNHKDT,-1.58912042294258,,,
VNHKDP,-1.58803765730012,,,
VTQEFT,-1.08309036243567,,,
VTQEFP,-1.35414429969604,,,
VTQEDT,-1.58619332492723,,,
VTQEDP,-1.5804279351088,,,
VTQKFT,-1.1852306182407,,,
VTQKFP,-1.13776143175928,,,
VTQKDT,-1.5833811891688,,,
VTQKDP,-1.57089131824638,,,
VTHEFT,-1.58792376666233,,,
VTHEFP,-1.58309174455706,,,
VTHEDT,-1.58516211374284,,,
VTHEDP,-1.58570117233687,,,
VTHKFT,-1.56693594697978,,,
VTHKFP,-1.5809766831733,,,
VTHKDT,-1.56897972670561,,,
VTHKDP,-1.54637456945287,,,
