WT,,,,,
LFDLKI,,,,,
Positions,,,,,
67,142,154,158,180,215 
Genotype,Function,,,,
LFDLKI,0,,,
LFDLKT,0.225309281725863,,,
LFDLQI,-0.0979971086492706,,,
LFDLQT,-0.139661993429006,,,
LFDPKI,-1.98296666070122,,,
LFDPKT,-1.85387196432176,,,
LFDPQI,-0.485452247339714,,,
LFDPQT,-1.74714696902011,,,
LFGLKI,-0.229147988357856,,,
LFGLKT,-0.333482019445119,,,
LFGLQI,-0.34008379993015,,,
LFGLQT,-0.212539525481585,,,
LFGPKI,-1.85387196432176,,,
LFGPKT,-1.79588001734408,,,
LFGPQI,-1.86646109162978,,,
LFGPQT,-1.85078088734462,,,
LLDLKI,0.170261715394957,,,
LLDLKT,-0.138465589140962,,,
LLDLQI,-0.102372908709559,,,
LLDLQT,0.220108088040055,,,
LLDPKI,-1.93554201077308,,,
LLDPKT,-1.80687540164554,,,
LLDPQI,-1.77469071827414,,,
LLDPQT,-1.79048498545737,,,
LLGLKI,-0.519993057042849,,,
LLGLKT,-0.22767829327708,,,
LLGLQI,-0.115204636051019,,,
LLGLQT,-0.161780778092374,,,
LLGPKI,-1.97061622231479,,,
LLGPKT,-1.95078197732982,,,
LLGPQI,-1.79588001734408,,,
LLGPQT,-1.79048498545737,,,
IFDLKI,0.12057393120585,,,
IFDLKT,-0.126679398184601,,,
IFDLQI,-0.3585258894959,,,
IFDLQT,-0.0277971616209356,,,
IFDPKI,-2.03574036980315,,,
IFDPKT,-1.70333480973847,,,
IFDPQI,-1.99139982823808,,,
IFDPQT,-1.90308998699194,,,
IFGLKI,-0.311580177997289,,,
IFGLKT,-0.494850021680094,,,
IFGLQI,-0.429457060118102,,,
IFGLQT,-0.267606240177031,,,
IFGPKI,-1.92811799269387,,,
IFGPKT,-2.00086945871263,,,
IFGPQI,-2.01099538430146,,,
IFGPQT,-1.85078088734462,,,
ILDLKI,-0.0472075569559079,,,
ILDLKT,-0.140261433802853,,,
ILDLQI,-0.112382699664264,,,
ILDLQT,0.0128372247051722,,,
ILDPKI,-1.87289520163519,,,
ILDPKT,-1.62342304294349,,,
ILDPQI,-1.85698519974591,,,
ILDPQT,-1.67162039656126,,,
ILGLKI,-0.374687549038326,,,
ILGLKT,-0.249491605148654,,,
ILGLQI,-0.262012673666569,,,
ILGLQT,-0.129596094720973,,,
ILGPKI,-1.87289520163519,,,
ILGPKT,-1.74232142513082,,,
ILGPQI,-1.79317412396815,,,
ILGPQT,-1.78781239559604,,,
