WT,,,,,
FNQEFT,,,,,
Positions,,,,,
66,76,124,132,156,243 
Genotype,Function,,,,
FNQEFT,0,,,
FNQEFP,0.0803243207078084,,,
FNQEDT,0.271062504153389,,,
FNQEDP,0.693433459772458,,,
FNQKFT,-0.00619720244208066,,,
FNQKFP,0.0367848171774072,,,
FNQKDT,0.396161727873359,,,
FNQKDP,1.0319772069635,,,
FNHEFT,0.269431350534995,,,
FNHEFP,0.696156608061975,,,
FNHEDT,0.733073063902888,,,
FNHEDP,1.09513145385486,,,
FNHKFT,0.299886815983997,,,
FNHKFP,1.15742258810186,,,
FNHKDT,0.903201032209408,,,
FNHKDP,1.39130252187358,,,
FTQEFT,-0.00442248318787786,,,
FTQEFP,0.266159435474827,,,
FTQEDT,0.423550068662993,,,
FTQEDP,0.852978597402908,,,
FTQKFT,-0.00730807022319002,,,
FTQKFP,0.181778093356461,,,
FTQKDT,0.360502621216047,,,
FTQKDP,0.955881826974967,,,
FTHEFT,0.587882226604995,,,
FTHEFP,1.3876972273271,,,
FTHEDT,0.782178675942704,,,
FTHEDP,1.53197043390503,,,
FTHKFT,0.754852072425233,,,
FTHKFP,1.56261632612307,,,
FTHKDT,1.11960784346585,,,
FTHKDP,1.56261632612307,,,
VNQEFT,0.00440215211192485,,,
VNQEFP,0.0923975630837199,,,
VNQEDT,0.086380757332555,,,
VNQEDP,0.133438329295804,,,
VNQKFT,0.00878412024374375,,,
VNQKFP,0.0843663684197666,,,
VNQKDT,0.261227399628166,,,
VNQKDP,0.68611331580624,,,
VNHEFT,0.118022044751938,,,
VNHEFP,0.0556940784871618,,,
VNHEDT,0.224148744528764,,,
VNHEDP,0.148594364361338,,,
VNHKFT,0.344285045386307,,,
VNHKFP,0.674971071687565,,,
VNHKDT,0.59744191587834,,,
VNHKDP,0.99675604852714,,,
VTQEFT,0.0473370183495212,,,
VTQEFP,0.252942258648156,,,
VTQEDT,0.457735251736599,,,
VTQEDP,0.779818062931772,,,
VTQKFT,0.00440215211192485,,,
VTQKFP,0.176333531763074,,,
VTQKDT,0.479266410967959,,,
VTQKDP,0.8536707946794,,,
VTHEFT,0.354643636706115,,,
VTHEFP,0.874702545796255,,,
VTHEDT,0.623302785921978,,,
VTHEDP,1.34890449669083,,,
VTHKFT,0.677775089912421,,,
VTHKFP,1.28462307296576,,,
VTHKDT,0.978109112529959,,,
VTHKDP,1.51637683951846,,,
