WT,,,
AFST,,,
Positions,,,
33,72,212,213 
Genotype,Function,,
AFST,0,
AFSA,2.0220634194823e-11,
AFAT,-1.72080600206246,
AFAA,-1.72080600206216,
ALST,-1.72080599636477,
ALSA,-1.72080573890221,
ALAT,-1.72080600205505,
ALAA,-1.72080584197601,
VFST,-2.60898525006326e-11,
VFSA,-1.84317769380549e-11,
VFAT,4.1070726680692e-11,
VFAA,-1.97907206699044e-08,
VLST,-1.72080599056174,
VLSA,-1.72080130993677,
VLAT,-1.72080600119393,
VLAA,-1.72080599636477,
