WT,,,,,
LFDLKI,,,,,
Positions,,,,,
67,142,154,158,180,215 
Genotype,Function,,,,
LFDLKI,0,,,
LFDLKT,0.00272528717646181,,,
LFDLQI,0.00157968524111118,,,
LFDLQT,0.00214307234161693,,,
LFDPKI,0.125827599509214,,,
LFDPKT,0.0741119859329293,,,
LFDPQI,0.104015677466782,,,
LFDPQT,0.169283024370415,,,
LFGLKI,0.00302353134326405,,,
LFGLKT,0.01525468788378,,,
LFGLQI,0.00662736863041147,,,
LFGLQT,0.0176671232930392,,,
LFGPKI,0.196131394536546,,,
LFGPKT,0.155089894472849,,,
LFGPQI,0.423438789754024,,,
LFGPQT,0.133531401979587,,,
LLDLKI,0.000251957317712881,,,
LLDLKT,-0.00164080660140309,,,
LLDLQI,0.000251957317712881,,,
LLDLQT,0.00924053977999462,,,
LLDPKI,0.261005862903706,,,
LLDPKT,0.0831786323873527,,,
LLDPQI,0.261005862903706,,,
LLDPQT,0.149564911641072,,,
LLGLKI,0.0147892054587762,,,
LLGLKT,0.0438208106966003,,,
LLGLQI,0.00698511672015933,,,
LLGLQT,0.0332368105828078,,,
LLGPKI,0.362308663084457,,,
LLGPKT,0.0873750409508267,,,
LLGPQI,0.345846071804087,,,
LLGPQT,0.190026718465629,,,
IFDLKI,0.00394717207765782,,,
IFDLKT,0.00363444396612556,,,
IFDLQI,0.000769364615493151,,,
IFDLQT,0.00558470364159036,,,
IFDPKI,1.10882367046505,,,
IFDPKT,1.26804613418497,,,
IFDPQI,1.20337921949257,,,
IFDPQT,1.30656454306475,,,
IFGLKI,0.0121134579512099,,,
IFGLKT,0.0312888409755783,,,
IFGLQI,0.0112656086263063,,,
IFGLQT,0.0332368105828078,,,
IFGPKI,1.24961766273752,,,
IFGPKT,1.0686294104242,,,
IFGPQI,1.22402208179099,,,
IFGPQT,1.23895366938986,,,
ILDLKI,0.00458731937074197,,,
ILDLKT,0.0234836988479346,,,
ILDLQI,-0.000369593786102129,,,
ILDLQT,0.00363444396612556,,,
ILDPKI,1.34599717044893,,,
ILDPKT,1.36006236892688,,,
ILDPQI,1.34507571254404,,,
ILDPQT,1.32959466678967,,,
ILGLKI,-0.00049058338773178,,,
ILGLKT,0.0408596996034485,,,
ILGLQI,0.0100344828731487,,,
ILGLQT,0.025776297485014,,,
ILGPKI,1.28152316502979,,,
ILGPKT,1.31341653876545,,,
ILGPQI,1.25456634890235,,,
ILGPQT,1.30408014874245,,,
