WT,,,,,
DHLLFI,,,,,
Positions,,,,,
233,254,271,272,306,313 
Genotype,Function,,,,
DHLLFI,0,,,
DHLLFF,-0.0334376639241292,,,
DHLLII,1.29754038718132,,,
DHLLIF,0.49577482245193,,,
DHLMFI,0.164058478276503,,,
DHLMFF,0.232019292637458,,,
DHLMII,1.23311750908653,,,
DHLMIF,0.984271872426403,,,
DHFLFI,-0.093076411580741,,,
DHFLFF,-0.0933722777219388,,,
DHFLII,1.07456623738878,,,
DHFLIF,1.55862444170329,,,
DHFMFI,0.084285633953697,,,
DHFMFF,0.0370800357614729,,,
DHFMII,1.19554748076597,,,
DHFMIF,1.62402873255714,,,
DRLLFI,0.619918141853925,,,
DRLLFF,0.759799175660077,,,
DRLLII,2.24460896254898,,,
DRLLIF,1.75819607290218,,,
DRLMFI,1.11217598025539,,,
DRLMFF,1.38223472589917,,,
DRLMII,2.72846687834994,,,
DRLMIF,2.65462016178231,,,
DRFLFI,0.619266048542174,,,
DRFLFF,0.74843867924913,,,
DRFLII,2.13922160827936,,,
DRFLIF,2.62607598804526,,,
DRFMFI,1.25101945054414,,,
DRFMFF,1.51651860369843,,,
DRFMII,2.89139417956429,,,
DRFMIF,2.96682179669971,,,
EHLLFI,0.426539282651115,,,
EHLLFF,0.316111114126647,,,
EHLLII,1.9516784306316,,,
EHLLIF,1.23311750908653,,,
EHLMFI,0.459655967493448,,,
EHLMFF,0.325142088655582,,,
EHLMII,1.60117042744465,,,
EHLMIF,0.310384749753741,,,
EHFLFI,0.391250832230059,,,
EHFLFF,0.357666896317281,,,
EHFLII,1.61043328755241,,,
EHFLIF,2.22379898320509,,,
EHFMFI,0.389275150434111,,,
EHFMFF,0.372177081214748,,,
EHFMII,1.62737324268009,,,
EHFMIF,2.02830686803464,,,
ERLLFI,2.72260089448157,,,
ERLLFF,2.22073473733612,,,
ERLLII,2.93620588515104,,,
ERLLIF,2.79488536093526,,,
ERLMFI,2.8656052201403,,,
ERLMFF,2.69699870564507,,,
ERLMII,2.99307103487545,,,
ERLMIF,2.92299451421934,,,
ERFLFI,2.44233505020297,,,
ERFLFF,2.80876086912733,,,
ERFLII,3.05902670745886,,,
ERFLIF,2.98342388299732,,,
ERFMFI,2.78533357064126,,,
ERFMFF,2.98734591771445,,,
ERFMII,3.03746809524199,,,
ERFMIF,2.92244714201926,,,
