WT,,,
MEGN,,,
Positions,,,
69,104,238,276 
Genotype,Function,,
MEGN,0,
MEGD,6.14247903929499e-09,
MESN,4.04127556002942e-08,
MESD,-6.83452302946419e-08,
MKGN,-0.0116393918537366,
MKGD,-0.000308203773139157,
MKSN,-1.24559689037708,
MKSD,-1.25126699855219,
LEGN,-3.28870976118445e-07,
LEGD,4.0408267995562e-08,
LESN,2.24063761156135e-08,
LESD,4.04076371807172e-08,
LKGN,-0.000186227518839677,
LKGD,4.04144105264903e-08,
LKSN,-1.90101251545949e-08,
LKSD,4.04130271192127e-08,
