WT,,,
MEGN,,,
Positions,,,
69,104,238,276 
Genotype,Function,,
MEGN,0,
MEGD,-0.0752040042020878,
MESN,1.77597433112937,
MESD,2.18752072083646,
MKGN,1.49276038902684,
MKGD,-0.0218194830625861,
MKSN,2.13353890837022,
MKSD,2.11058971029925,
LEGN,0.0253058652647703,
LEGD,-0.0199966284162537,
LESN,1.80888586735981,
LESD,0.0413926851582251,
LKGN,0.0644579892269184,
LKGD,-0.0680338852718274,
LKSN,-0.0409586076789064,
LKSD,2.25285303097989,
