WT,,,
MEGN,,,
Positions,,,
69,104,238,276 
Genotype,Function,,
MEGN,0,
MEGD,-0.804100347590766,
MESN,1.46239799789896,
MESD,1.94987770403687,
MKGN,1.78816837114117,
MKGD,-0.436518914605589,
MKSN,1.64048143697042,
MKSD,-0.655607726314889,
LEGN,-0.262012673666569,
LEGD,-0.55129368009492,
LESN,2.08278537031645,
LESD,0.0606978403536116,
LKGN,0.315970345456918,
LKGD,-0.341035157335565,
LKSN,1.64836001098093,
LKSD,2.13353890837022,
