WT,,,
MEGN,,,
Positions,,,
69,104,238,276 
Genotype,Function,,
MEGN,0,
MEGD,-0.0181813928293364,
MESN,-0.197226274708024,
MESD,0.243038048686294,
MKGN,-0.149966742310231,
MKGD,0.217483944213906,
MKSN,0.0606978403536116,
MKSD,-1.97881070093006,
LEGN,-0.522878745280338,
LEGD,-0.1438755557577,
LESN,0.367355921026019,
LESD,0.0413926851582251,
LKGN,0.146128035678238,
LKGD,0.271841606536499,
LKSN,0.20682587603185,
LKSD,0.612783856719735,
