WT,,,
MEGN,,,
Positions,,,
69,104,238,276 
Genotype,Function,,
MEGN,0,
MEGD,-6.27566566047122e-07,
MESN,1.30247899305099,
MESD,1.34580530056238,
MKGN,0.0788896857743544,
MKGD,1.23665160475137,
MKSN,1.33215012287453,
MKSD,1.34580541271792,
LEGN,3.73225520777787e-06,
LEGD,1.23255556709889e-05,
LESN,0.834810734257285,
LESD,-6.52586660709886e-07,
LKGN,4.52076408641311e-06,
LKGD,3.49355046425082e-06,
LKSN,3.49355046425082e-06,
LKSD,1.34579948350382,
