WT,,,
MEGN,,,
Positions,,,
69,104,238,276 
Genotype,Function,,
MEGN,0,
MEGD,1.29551246813575e-08,
MESN,-3.47568772235407e-07,
MESD,-2.56551505049483,
MKGN,1.35335027767747e-08,
MKGD,1.36565074387862e-08,
MKSN,-8.39429021570748e-08,
MKSD,-2.56551500657953,
LEGN,4.33869361271544e-09,
LEGD,-1.26723496932102e-07,
LESN,-2.56551396743865,
LESD,-2.56551610611089,
LKGN,-2.45276485691392e-07,
LKGD,7.45705873439473e-09,
LKSN,-2.56453953125459,
LKSD,-2.56551402728318,
