WT,,,
MEGN,,,
Positions,,,
69,104,238,276 
Genotype,Function,,
MEGN,0,
MEGD,-0.048176964684088,
MESN,0.322219294733919,
MESD,0.190331698170291,
MKGN,1.19312459835446,
MKGD,0.424881636631067,
MKSN,1.17026171539496,
MKSD,1.52374646681156,
LEGN,-1.32513885926219,
LEGD,-0.170053304058364,
LESN,0.164352855784437,
LESD,1.00432137378264,
LKGN,0.276461804173244,
LKGD,-0.0700704399154121,
LKSN,-0.156767221901991,
LKSD,1.17609125905568,
