"model_order","R2","(Adjusted)","Delta R2"
"order1","0.684683965896735","0.667166408446554","0.684683965896735"
"order2","0.901479734675737","0.883007184927438","0.216795768779002"
"order3","0.9953893835485","0.993742734815822","0.0939096488727634"
"order4","0.995678268065103","0.99368362255669","0.00028888451660336"
"order5","0.996401588359568","0.994658607721234","0.000723320294465535"
