"model_order","R2","(Adjusted)","Delta R2"
"order1","0.808002085547549","0.78779177876308","0.808002085547549"
"order2","0.945283031288891","0.917924546933337","0.137280945741342"
"order3","0.985783234999297","0.959288354770713","0.0405002037104055"
"order4","0.998898016694936","0.99008215025442","0.0131147816956386"
"order5","0.999997770320552","0.99985953019475","0.00109975362561554"
