"indices","effect"
"INTERCEPT",0.571791560485691
"66",-0.191897722173842
"76",0.295697146705141
"124",0.522252970284301
"132",0.189266181355415
"156",0.373661503693137
"243",0.384162753145075
"66|76",0.0913603371510914
"66|124",-0.121644507375551
"66|132",0.0621112061003221
"66|156",-0.0539363236987649
"66|243",-0.090885309109811
"76|124",0.156949101034029
"76|132",-0.07090844354313
"76|156",0.0153669972141556
"76|243",0.100190712888544
"124|132",0.122628192727903
"124|156",-0.0954081375445461
"124|243",0.110693156024873
"132|156",0.0547658120094959
"132|243",0.0521867882857923
"156|243",0.045963132025575
"66|76|124",0.0183089484138921
"66|76|132",-0.0265725754541406
"66|76|156",0.0854608788819387
"66|76|243",0.0396318611708454
"66|124|132",0.0412851072115561
"66|124|156",0.031797672833085
"66|124|243",-0.0311088322578007
"66|132|156",0.01468668112677
"66|132|243",0.0197757422675168
"66|156|243",0.00526690809999388
"76|124|132",0.00467590123091377
"76|124|156",-0.0463360738331298
"76|124|243",0.0538478560590482
"76|132|156",-0.0449243745366687
"76|132|243",-0.0707040569321542
"76|156|243",-0.00807102208640078
"124|132|156",-0.0443967334656374
"124|132|243",0.0118980359353838
"124|156|243",-0.0869953773862204
"132|156|243",0.00508442863071639
"66|76|124|132",-0.00865290717598404
"66|76|124|156",0.00813070477429369
"66|76|124|243",0.0311618845544343
"66|76|132|156",-0.0240088469544139
"66|76|132|243",-0.0114956233647009
"66|76|156|243",0.01383012203217
"66|124|132|156",-0.00441306582807773
"66|124|132|243",0.0120566329569458
"66|124|156|243",0.0598108670179974
"66|132|156|243",0.0126635965368457
"76|124|132|156",0.0114818965159074
"76|124|132|243",-0.0433031338073375
"76|124|156|243",0.0143762089237311
"76|132|156|243",-0.0210477861781274
"124|132|156|243",-0.0558199586715213
"66|76|124|132|156",-0.0158846966024256
"66|76|124|132|243",0.00444938720426614
"66|76|124|156|243",-0.00994020222337755
"66|76|132|156|243",-0.0202161920619093
"66|124|132|156|243",0.0140383663172895
"76|124|132|156|243",-0.0018236320341162
