MAE,Last MAE,Step,Enzyme,Linear MAE,Linear Last MAE
0.13606829049840977,0.10394912102779715,1,TEM,0.20712198368632198,0.2982571638929581
0.10928044389517082,0.21886117072669298,2,TEM,0.153208323555754,0.24481563723236213
0.07246528714264133,1.159444594282261,3,TEM,0.07242909238597754,0.07242909238597751
