"positions","effects","identity","mut","condition"
"p69",-0.0145735259169983,"x000","1","AM_TEM_growth_AM"
"p69",0.0530784434834197,"x001","2","AM_TEM_growth_AM"
"p69",-0.0563764665709691,"x010","2","AM_TEM_growth_AM"
"p69",0.059642212985808,"x011","3","AM_TEM_growth_AM"
"p69",0.0318797012788795,"x100","2","AM_TEM_growth_AM"
"p69",0.161850819941071,"x101","3","AM_TEM_growth_AM"
"p69",0.173912155227012,"x110","3","AM_TEM_growth_AM"
"p69",1.51169457832782,"x111","4","AM_TEM_growth_AM"
"p104",-0.0893755951107988,"0x00","1","AM_TEM_growth_AM"
"p104",-0.0614802748235081,"0x01","2","AM_TEM_growth_AM"
"p104",-0.237223611183311,"0x10","2","AM_TEM_growth_AM"
"p104",-1.44443296847182,"0x11","3","AM_TEM_growth_AM"
"p104",-0.0429223679149209,"1x00","2","AM_TEM_growth_AM"
"p104",0.0472921016341432,"1x01","3","AM_TEM_growth_AM"
"p104",-0.00693498938532927,"1x10","3","AM_TEM_growth_AM"
"p104",0.00761939687019197,"1x11","4","AM_TEM_growth_AM"
"p238",0.0606978403536116,"00x0","1","AM_TEM_growth_AM"
"p238",-0.00656376950238827,"00x1","2","AM_TEM_growth_AM"
"p238",-0.0871501757189001,"01x0","2","AM_TEM_growth_AM"
"p238",-1.3895164631507,"01x1","3","AM_TEM_growth_AM"
"p238",0.0188948996996409,"10x0","2","AM_TEM_growth_AM"
"p238",0,"10x1","3","AM_TEM_growth_AM"
"p238",0.0548822782292326,"11x0","3","AM_TEM_growth_AM"
"p238",-0.0396727047639513,"11x1","4","AM_TEM_growth_AM"
"p276",0,"000x","1","AM_TEM_growth_AM"
"p276",-0.0672616098559999,"001x","2","AM_TEM_growth_AM"
"p276",0.0278953202872907,"010x","2","AM_TEM_growth_AM"
"p276",-1.27447096714451,"011x","3","AM_TEM_growth_AM"
"p276",0.067651969400418,"100x","2","AM_TEM_growth_AM"
"p276",0.0487570697007771,"101x","3","AM_TEM_growth_AM"
"p276",0.157866438949482,"110x","3","AM_TEM_growth_AM"
"p276",0.0633114559562983,"111x","4","AM_TEM_growth_AM"
