"positions","effects","identity","mut","condition"
"p69",-0.0579919469776868,"x000","1","AM_TEM_growth_AM"
"p69",0.226127547595631,"x001","2","AM_TEM_growth_AM"
"p69",-0.243628523939598,"x010","2","AM_TEM_growth_AM"
"p69",0.253835801820796,"x011","3","AM_TEM_growth_AM"
"p69",0.108628618928615,"x100","2","AM_TEM_growth_AM"
"p69",0.702678775653143,"x101","3","AM_TEM_growth_AM"
"p69",0.583354383284818,"x110","3","AM_TEM_growth_AM"
"p69",1.98395563521014,"x111","4","AM_TEM_growth_AM"
"p104",-0.329754146925876,"0x00","1","AM_TEM_growth_AM"
"p104",-0.238652819023629,"0x01","2","AM_TEM_growth_AM"
"p104",-0.858277642575581,"0x10","2","AM_TEM_growth_AM"
"p104",-1.6884935937851,"0x11","3","AM_TEM_growth_AM"
"p104",-0.163133581019574,"1x00","2","AM_TEM_growth_AM"
"p104",0.237898409033883,"1x01","3","AM_TEM_growth_AM"
"p104",-0.031294735351165,"1x10","3","AM_TEM_growth_AM"
"p104",0.0416262396042428,"1x11","4","AM_TEM_growth_AM"
"p238",0.264817823009536,"00x0","1","AM_TEM_growth_AM"
"p238",-0.0302704709897652,"00x1","2","AM_TEM_growth_AM"
"p238",-0.263705672640169,"01x0","2","AM_TEM_growth_AM"
"p238",-1.48011124575124,"01x1","3","AM_TEM_growth_AM"
"p238",0.0791812460476248,"10x0","2","AM_TEM_growth_AM"
"p238",-0.00256221676460039,"10x1","3","AM_TEM_growth_AM"
"p238",0.211020091716034,"11x0","3","AM_TEM_growth_AM"
"p238",-0.198834386194241,"11x1","4","AM_TEM_growth_AM"
"p276",0.00432137378264258,"000x","1","AM_TEM_growth_AM"
"p276",-0.290766920216659,"001x","2","AM_TEM_growth_AM"
"p276",0.09542270168489,"010x","2","AM_TEM_growth_AM"
"p276",-1.12098287142618,"011x","3","AM_TEM_growth_AM"
"p276",0.288440868355961,"100x","2","AM_TEM_growth_AM"
"p276",0.206697405543735,"101x","3","AM_TEM_growth_AM"
"p276",0.689472858409418,"110x","3","AM_TEM_growth_AM"
"p276",0.279618380499143,"111x","4","AM_TEM_growth_AM"
