"id","effect","muts","cv","colors"
"0000",1,0,NA,"#FF918B"
"0001",1,1,NA,"#FF918B"
"0010",1,1,NA,"#FF918B"
"0100",1,1,NA,"#FF918B"
"1000",1,1,NA,"#FF918B"
"0011",0.856521739130435,2,NA,"#FF9F9A"
"0101",1.06633906633907,2,NA,"#FF8A84"
"0110",0.711462450592886,2,NA,"#FFB1AD"
"1001",1.16856256463289,2,NA,"#FF7C75"
"1010",0.908232543500742,2,NA,"#FF9B96"
"1100",1.11289252964537,2,NA,"#FF837C"
"0111",0.0581962930906766,3,NA,"#FFFBFB"
"1011",1.11780670452832,3,NA,"#FF8D87"
"1101",1.15430120562023,3,NA,"#FF4E45"
"1110",1.52698719301154,3,NA,"#FF8680"
"1111",14.4359242424718,4,NA,"#FF716A"
