"genotype","predicted effect"
"MEGN",-0.0724290923859776
"LEGN",0.0580257826593316
"MKGN",-0.016734102387089
"MESN",0.132553073502674
"MEGD",0.0734050354526384
"LKGN",-0.130072236452052
"LESN",-0.0673296856746211
"LEGD",-0.019597140547191
"MKSN",-0.249009146633272
"MKGD",-0.133713553020455
"MESD",-0.0788267471881104
"LKSN",0.069979596428837
"LKGD",0.174100408170912
"LESD",0.124611712707984
"MKSD",-1.37816211479463
"LKSD",-0.0112430063576667
