pos,mutations,idiosync
p69,Order 1,1.0395359385213105
p104,Order 1,0.9974722342071807
p238,Order 1,0.9873644279502383
p276,Order 1,0.9400090049377412
p69|p104,Order 2,1.3323240393247573
p69|p238,Order 2,1.3234269109705505
p69|p276,Order 2,1.2343910573178274
p104|p238,Order 2,1.340957048781237
p104|p276,Order 2,1.2531673074179899
p238|p276,Order 2,1.243704041683419
p69|p104|p238,Order 3,1.6397022700541444
p69|p104|p276,Order 3,1.6397022700541442
p69|p238|p276,Order 3,1.6397022700541442
p104|p238|p276,Order 3,1.6397022700541442
