pos,mutations,idiosync
p69,Order 1,1.3894969960922385
p104,Order 1,1.2401819909322802
p238,Order 1,1.1134093194421388
p276,Order 1,1.0761988315631696
p69|p104,Order 2,1.3523508314576531
p69|p238,Order 2,1.2981028517124598
p69|p276,Order 2,0.9770046649753571
p104|p238,Order 2,1.363341043488574
p104|p276,Order 2,1.0621515440934515
p238|p276,Order 2,0.9921613502348885
p69|p104|p238,Order 3,0.8389203438528782
p69|p104|p276,Order 3,0.8389203438528781
p69|p238|p276,Order 3,0.8389203438528782
p104|p238|p276,Order 3,0.8389203438528783
