"model_order","R2","(Adjusted)","Delta R2"
"order1","0.305189627162613","0.0525313097671991","0.305189627162613"
"order2","0.734463556133888","0.203390668401665","0.429273928971275"
"order3","0.958625322009057","0.379379830135849","0.224161765875169"
