"id","effect","muts","cv","colors","enz"
"0000",0,0,NA,"#FFFFFF","TEM"
"0001",0,1,NA,"#FFFFFF","TEM"
"0010",0.0606978403536116,1,NA,"#FFF7F7","TEM"
"0100",-0.0893755951107988,1,NA,"#F3FCFF","TEM"
"1000",-0.0145735259169983,1,NA,"#FBFEFF","TEM"
"0011",-0.00656376950238827,2,NA,"#FFFFFF","TEM"
"0101",-0.0614802748235081,2,NA,"#F7FDFF","TEM"
"0110",-0.176525770829699,2,NA,"#E8FAFF","TEM"
"1001",0.0530784434834197,2,NA,"#FFF7F7","TEM"
"1010",0.00432137378264258,2,NA,"#FFFFFF","TEM"
"1100",-0.0574958938319193,2,NA,"#F7FDFF","TEM"
"0111",-1.45099673797421,3,NA,"#45D7FF","TEM"
"1011",0.0530784434834197,3,NA,"#FFF7F7","TEM"
"1101",0.100370545117563,3,NA,"#FFF4F3","TEM"
"1110",-0.00261361560268669,3,NA,"#FFFFFF","TEM"
"1111",0.0606978403536116,4,NA,"#FFF7F7","TEM"
