"indices","effect"
"INTERCEPT",-0.1065
"69",0.44475
"104",-0.3785
"238",-0.178
"276",0.019
"69|104",0.40025
"69|238",0.19975
"69|276",0.34675
"104|238",-0.2555
"104|276",-0.0329999999999999
"238|276",-0.2505
"69|104|238",0.23925
"69|104|276",0.15175
"69|238|276",0.12725
"104|238|276",-0.1565
