"indices","effect"
"INTERCEPT",-0.0952775760324182
"69",0.24017400979872
"104",-0.228158386696518
"238",-0.173801427437366
"276",-0.121801199329294
"69|104",0.22992190985765
"69|238",0.182191878255749
"69|276",0.20611832858243
"104|238",-0.191702369479647
"104|276",-0.133994394910273
"238|276",-0.185652298984717
"69|104|238",0.190666127837419
"69|104|276",0.161152286575367
"69|238|276",0.156694567529632
"104|238|276",-0.163739892249649
