"indices","sign","effect"
"238|276",1,-0.295088293999302
"104|238",0,-0.528523495649705
"104|238|276",0,-1.65382774085853
"69|276",1,0.284119494573318
"69|238",0,-0.185636576961912
"69|104|276",1,0.851772050533077
"69|104|238|276",1,0.3881198413293
