"indices","sign","effect"
"238|276",1,-0.0672616098559999
"104|238|276",0,-1.42231898321702
"69|276",1,0.0676519694004181
"69|104|276",1,0.20431966614536
"69|104|238|276",1,0.103949121027797
