"id","effect","muts","cv","colors"
"0000",1,0,NA,"#FFE6E4"
"0001",1,1,NA,"#FFE6E4"
"0010",1,1,NA,"#FFE6E4"
"0100",1,1,NA,"#FFE6E4"
"1000",1,1,NA,"#FFE6E4"
"0011",0.506887645286268,2,NA,"#FFF0F0"
"0101",1.23339257002623,2,NA,"#FFDFDD"
"0110",0.296125975473801,2,NA,"#FFF7F7"
"1001",1.92362093352192,2,NA,"#FFCDCA"
"1010",0.652173913043478,2,NA,"#FFEDEC"
"1100",1.46764346764347,2,NA,"#FFDBD9"
"0111",0.0221907642269244,3,NA,"#FFFFFF"
"1011",1.03929647623147,3,NA,"#FFE6E4"
"1101",7.10840314800711,3,NA,"#FF4E45"
"1110",1.29665020969369,3,NA,"#FFDFDD"
"1111",2.44410489782853,4,NA,"#FFC2BF"
