"id","effect","muts","cv","colors"
"0000",1,0,NA,"#FF918B"
"0001",1,1,NA,"#FF918B"
"0010",1,1,NA,"#FF918B"
"0100",1,1,NA,"#FF918B"
"1000",1,1,NA,"#FF918B"
"0011",0.856521739130435,2,NA,"#FF9F9A"
"0101",1.06633906633907,2,NA,"#FF8A84"
"0110",0.711462450592886,2,NA,"#FFB1AD"
"1001",1.16856256463289,2,NA,"#FF7C75"
"1010",0.908232543500742,2,NA,"#FF9B96"
"1100",1.11289252964537,2,NA,"#FF837C"
"0111",0.0378164725990813,3,NA,"#FFFBFB"
"1011",1.01614136055033,3,NA,"#FF8D87"
"1101",1.60073583031184,3,NA,"#FF4E45"
"1110",1.09808931354725,3,NA,"#FF8680"
"1111",1.27042526215225,4,NA,"#FF716A"
