p69,x000,1,0,TEM,growth,AM
p69,x001,2,0.06765196940041802,TEM,growth,AM
p69,x010,2,-0.041802940653970735,TEM,growth,AM
p69,x011,3,0.07421573890280629,TEM,growth,AM
p69,x100,2,0.04645322719587787,TEM,growth,AM
p69,x101,3,0.17642434585806935,TEM,growth,AM
p69,x110,3,0.18848568114401057,TEM,growth,AM
p69,x111,4,1.526268104244822,TEM,growth,AM
p104,0x00,1,0,TEM,growth,AM
p104,0x01,2,0.0278953202872907,TEM,growth,AM
p104,0x10,2,-0.14784801607251175,TEM,growth,AM
p104,0x11,3,-1.355057373361025,TEM,growth,AM
p104,1x00,2,0.04645322719587787,TEM,growth,AM
p104,1x01,3,0.13666769674494203,TEM,growth,AM
p104,1x10,3,0.08244060572546953,TEM,growth,AM
p104,1x11,4,0.09699499198099076,TEM,growth,AM
p238,00x0,1,0,TEM,growth,AM
p238,00x1,2,-0.06726160985599992,TEM,growth,AM
p238,01x0,2,-0.14784801607251177,TEM,growth,AM
p238,01x1,3,-1.4502143035043156,TEM,growth,AM
p238,10x0,2,-0.041802940653970735,TEM,growth,AM
p238,10x1,3,-0.06069784035361165,TEM,growth,AM
p238,11x0,3,-0.005815562124379073,TEM,growth,AM
p238,11x1,4,-0.10037054511756291,TEM,growth,AM
p276,000x,1,0,TEM,growth,AM
p276,001x,2,-0.06726160985599992,TEM,growth,AM
p276,010x,2,0.0278953202872907,TEM,growth,AM
p276,011x,3,-1.2744709671445131,TEM,growth,AM
p276,100x,2,0.06765196940041802,TEM,growth,AM
p276,101x,3,0.0487570697007771,TEM,growth,AM
p276,110x,3,0.15786643894948219,TEM,growth,AM
p276,111x,4,0.06331145595629833,TEM,growth,AM
