genotype,avg,pos,mutations,likely,enzyme_name,measure_type,cond
x000,-0.014573525916998339,p69,1,FALSE,TEM,growth,AM
0x00,-0.0893755951107988,p104,1,FALSE,TEM,growth,AM
00x0,0.06069784035361165,p238,1,TRUE,TEM,growth,AM
000x,0,p276,1,FALSE,TEM,growth,AM
xx00,0.04645322719587787,p69|p104,2,FALSE,TEM,growth,AM
x0x0,-0.041802940653970735,p69|p238,2,TRUE,TEM,growth,AM
x00x,0.06765196940041802,p69|p276,2,FALSE,TEM,growth,AM
0xx0,-0.14784801607251175,p104|p238,2,FALSE,TEM,growth,AM
0x0x,0.0278953202872907,p104|p276,2,FALSE,TEM,growth,AM
00xx,-0.06726160985599992,p238|p276,2,FALSE,TEM,growth,AM
xxx0,0.1838353946021034,p69|p104|p238,3,FALSE,TEM,growth,AM
xx0x,0.062319149261773454,p69|p104|p276,3,FALSE,TEM,growth,AM
x0xx,0.04836671015635901,p69|p238|p276,3,TRUE,TEM,growth,AM
0xxx,-1.2351046775758039,p104|p238|p276,3,FALSE,TEM,growth,AM
xxxx,1.159444594282261,p69|p104|p238|p276,4,TRUE,TEM,growth,AM
