mean,max,obs,geno,enzyme_name,measure_type,cond
-0.02965172427784591,0.2648178230095365,0,0000,TEM,growth,AM
-0.014265247472587476,0.22612754759563133,0.004321373782642578,0001,TEM,growth,AM
-0.4642243622439463,-0.24362852393959838,0.2648178230095365,0010,TEM,growth,AM
-0.019884784008887813,0.10862861892861547,-0.32975414692587596,0100,TEM,growth,AM
0.06816284446133726,0.28844086835596067,-0.057991946977686754,1000,TEM,growth,AM
-0.7173288959821537,0.2538358018207962,-0.025949097207122653,0011,TEM,growth,AM
-0.3887162350490485,0.7026787756531432,-0.23433144524098595,0101,TEM,growth,AM
-0.2688142440706816,0.5833543832848179,-0.5934598195660449,0110,TEM,growth,AM
0.11766809613464148,0.23789840903388335,0.2304489213782739,1001,TEM,growth,AM
0.08770133509628521,0.20669740554373545,0.021189299069938092,1010,TEM,growth,AM
0.45024647506272564,0.6894728584094177,-0.22112552799726048,1100,TEM,growth,AM
1.9839556352101424,1.9839556352101424,-1.7144426909922261,0111,TEM,growth,AM
0.041626239604242804,0.041626239604242804,0.22788670461367352,1011,TEM,growth,AM
-0.19883438619424093,-0.19883438619424093,0.46834733041215726,1101,TEM,growth,AM
0.2796183804991433,0.2796183804991433,-0.010105436281226938,1110,TEM,growth,AM
