MAE,Last MAE,Step,Enzyme,Linear MAE,Linear Last MAE
0.463785857275913,0.009839140427315485,1,TEM,0.40376562499999996,0.8268750000000002
0.2777841108276527,0.4671007979071393,2,TEM,0.35526562500000003,0.7658750000000001
0.23593228881307834,3.774916621009253,3,TEM,0.23587499999999997,0.23587500000000006
