genotype,avg,pos,mutations
x000,-0.16304326294044955,p69,1
x001,0.14278407704464371,p69,1
x010,0.0483046795745552,p69,1
x011,-1.940850448209249,p69,1
x100,-1.1259246495899509,p69,1
x101,-0.48528273348826306,p69,1
x110,-1.948614424430899,p69,1
x111,0.17196164491114452,p69,1
0x00,1.167317334748176,p104,1
0x01,1.2259103174597057,p104,1
0x10,0.3073701736950003,p104,1
0x11,0.052352942312671846,p104,1
1x00,0.20443594809867463,p104,1
1x01,0.597843506926799,p104,1
1x10,-1.6895489303104538,p104,1
1x11,2.1651650354330654,p104,1
00x0,2.0086001717619175,p238,1
00x1,2.798398796773143,p238,1
01x0,1.1486530107087418,p238,1
01x1,1.6248414216261096,p238,1
10x0,2.219948114276922,p238,1
10x1,0.7147642715192507,p238,1
11x0,0.3259632358677939,p238,1
11x1,2.282085800025517,p238,1
000x,-0.34969247686806354,p276,1
001x,0.4401061481431623,p276,1
010x,-0.2910994941565338,p276,1
011x,0.18508891676083383,p276,1
100x,-0.04386513688297028,p276,1
101x,-1.549048979640642,p276,1
110x,0.34954242194515406,p276,1
111x,2.3056649861028773,p276,1
xx00,-0.9628813866495013,p69|p104,2
xx01,-0.6280668105329068,p69|p104,2
xx10,-1.9969191040054541,p69|p104,2
xx11,2.1128120931203935,p69|p104,2
x0x0,0.21134794251500474,p69|p238,2
x0x1,-2.083634525253893,p69|p238,2
x1x0,-0.8226897748409481,p69|p238,2
x1x1,0.6572443783994075,p69|p238,2
x00x,0.30582733998509326,p69|p276,2
x01x,-1.9891551277838042,p69|p276,2
x10x,0.6406419161016879,p69|p276,2
x11x,2.1205760693420435,p69|p276,2
0xx0,-0.8599471610531757,p104|p238,2
0xx1,-1.1735573751470338,p104|p238,2
1xx0,-1.8939848784091284,p104|p238,2
1xx1,1.5673215285062665,p104|p238,2
0x0x,0.058592982711529684,p104|p276,2
0x1x,-0.25501723138232846,p104|p276,2
1x0x,0.3934075588281244,p104|p276,2
1x1x,3.854713965743519,p104|p276,2
00xx,0.7897986250112257,p238|p276,2
01xx,0.47618841091736774,p238|p276,2
10xx,-1.5051838427576714,p238|p276,2
11xx,1.956122564157723,p238|p276,2
xxx0,-1.034037717355953,p69|p104|p238,3
xxx1,2.7408789036533,p69|p104|p238,3
xx0x,0.3348145761165945,p69|p104|p276,3
xx1x,4.109731197125848,p69|p104|p276,3
x0xx,-2.2949824677688975,p69|p238|p276,3
x1xx,1.4799341532403556,p69|p238|p276,3
0xxx,-0.31361021409385814,p104|p238|p276,3
1xxx,3.461306406915395,p104|p238|p276,3
xxxx,3.774916621009253,p69|p104|p238|p276,4
