"model_order","R2","(Adjusted)","Delta R2"
"order1","0.731566334306968","0.633954092236775","0.731566334306968"
"order2","0.840569192405189","0.521707577215568","0.109002858098221"
"order3","0.952111936713399","0.281679050700985","0.11154274430821"
