genotype,avg,pos,mutations
x000,0,p33,1
x001,0,p33,1
x010,1.7212463990471711,p33,1
x011,1.7212463990471711,p33,1
x100,0,p33,1
x101,0,p33,1
x110,0,p33,1
x111,0,p33,1
0x00,-1.7212463990471711,p72,1
0x01,-1.7212463990471711,p72,1
0x10,0,p72,1
0x11,0,p72,1
1x00,-1.7212463990471711,p72,1
1x01,-1.7212463990471711,p72,1
1x10,-1.7212463990471711,p72,1
1x11,-1.7212463990471711,p72,1
00x0,-1.7212463990471711,p212,1
00x1,-1.7212463990471711,p212,1
01x0,0,p212,1
01x1,0,p212,1
10x0,0,p212,1
10x1,0,p212,1
11x0,0,p212,1
11x1,0,p212,1
000x,0,p213,1
001x,0,p213,1
010x,0,p213,1
011x,0,p213,1
100x,0,p213,1
101x,0,p213,1
110x,0,p213,1
111x,0,p213,1
xx00,0,p33|p72,2
xx01,0,p33|p72,2
xx10,-1.7212463990471711,p33|p72,2
xx11,-1.7212463990471711,p33|p72,2
x0x0,1.7212463990471711,p33|p212,2
x0x1,1.7212463990471711,p33|p212,2
x1x0,0,p33|p212,2
x1x1,0,p33|p212,2
x00x,0,p33|p213,2
x01x,0,p33|p213,2
x10x,0,p33|p213,2
x11x,0,p33|p213,2
0xx0,1.7212463990471711,p72|p212,2
0xx1,1.7212463990471711,p72|p212,2
1xx0,0,p72|p212,2
1xx1,0,p72|p212,2
0x0x,0,p72|p213,2
0x1x,0,p72|p213,2
1x0x,0,p72|p213,2
1x1x,0,p72|p213,2
00xx,0,p212|p213,2
01xx,0,p212|p213,2
10xx,0,p212|p213,2
11xx,0,p212|p213,2
xxx0,-1.7212463990471711,p33|p72|p212,3
xxx1,-1.7212463990471711,p33|p72|p212,3
xx0x,0,p33|p72|p213,3
xx1x,0,p33|p72|p213,3
x0xx,0,p33|p212|p213,3
x1xx,0,p33|p212|p213,3
0xxx,0,p72|p212|p213,3
1xxx,0,p72|p212|p213,3
xxxx,0,p33|p72|p212|p213,4
