"id","effect","muts","cv","colors","enz"
"0000",0,0,NA,"#FFFFFF","OXA-48"
"0001",0,1,NA,"#FFFFFF","OXA-48"
"0010",-1.72124639904717,1,NA,"#45D7FF","OXA-48"
"0100",-1.72124639904717,1,NA,"#45D7FF","OXA-48"
"1000",0,1,NA,"#FFFFFF","OXA-48"
"0011",-1.72124639904717,2,NA,"#45D7FF","OXA-48"
"0101",-1.72124639904717,2,NA,"#45D7FF","OXA-48"
"0110",-1.72124639904717,2,NA,"#45D7FF","OXA-48"
"1001",0,2,NA,"#FFFFFF","OXA-48"
"1010",0,2,NA,"#FFFFFF","OXA-48"
"1100",-1.72124639904717,2,NA,"#45D7FF","OXA-48"
"0111",-1.72124639904717,3,NA,"#45D7FF","OXA-48"
"1011",0,3,NA,"#FFFFFF","OXA-48"
"1101",-1.72124639904717,3,NA,"#45D7FF","OXA-48"
"1110",-1.72124639904717,3,NA,"#45D7FF","OXA-48"
"1111",-1.72124639904717,4,NA,"#45D7FF","OXA-48"
