p33,x000,1,0,OXA-48,ic50,PIPtraj1
p33,x001,2,0,OXA-48,ic50,PIPtraj1
p33,x010,2,1.7212463990471711,OXA-48,ic50,PIPtraj1
p33,x011,3,1.7212463990471711,OXA-48,ic50,PIPtraj1
p33,x100,2,0,OXA-48,ic50,PIPtraj1
p33,x101,3,0,OXA-48,ic50,PIPtraj1
p33,x110,3,0,OXA-48,ic50,PIPtraj1
p33,x111,4,0,OXA-48,ic50,PIPtraj1
p72,0x00,1,-1.7212463990471711,OXA-48,ic50,PIPtraj1
p72,0x01,2,-1.7212463990471711,OXA-48,ic50,PIPtraj1
p72,0x10,2,0,OXA-48,ic50,PIPtraj1
p72,0x11,3,0,OXA-48,ic50,PIPtraj1
p72,1x00,2,-1.7212463990471711,OXA-48,ic50,PIPtraj1
p72,1x01,3,-1.7212463990471711,OXA-48,ic50,PIPtraj1
p72,1x10,3,-1.7212463990471711,OXA-48,ic50,PIPtraj1
p72,1x11,4,-1.7212463990471711,OXA-48,ic50,PIPtraj1
p212,00x0,1,-1.7212463990471711,OXA-48,ic50,PIPtraj1
p212,00x1,2,-1.7212463990471711,OXA-48,ic50,PIPtraj1
p212,01x0,2,0,OXA-48,ic50,PIPtraj1
p212,01x1,3,0,OXA-48,ic50,PIPtraj1
p212,10x0,2,0,OXA-48,ic50,PIPtraj1
p212,10x1,3,0,OXA-48,ic50,PIPtraj1
p212,11x0,3,0,OXA-48,ic50,PIPtraj1
p212,11x1,4,0,OXA-48,ic50,PIPtraj1
p213,000x,1,0,OXA-48,ic50,PIPtraj1
p213,001x,2,0,OXA-48,ic50,PIPtraj1
p213,010x,2,0,OXA-48,ic50,PIPtraj1
p213,011x,3,0,OXA-48,ic50,PIPtraj1
p213,100x,2,0,OXA-48,ic50,PIPtraj1
p213,101x,3,0,OXA-48,ic50,PIPtraj1
p213,110x,3,0,OXA-48,ic50,PIPtraj1
p213,111x,4,0,OXA-48,ic50,PIPtraj1
