"indices","effect"
"INTERCEPT",-1.07550343132836
"33",0.430202033193882
"72",-1.29060385668208
"212",-0.43020210370928
"213",6.35399014465163e-07
"33|72",-0.430200962883675
"33|212",0.430200924517951
"33|213",5.31008484631284e-07
"72|212",0.430200902253212
"72|213",6.40349918201721e-07
"212|213",-5.99129837368606e-07
"33|72|212",-0.430202071591978
"33|72|213",5.35969647589655e-07
"33|212|213",-5.74778977446801e-07
"72|212|213",-5.94164995075898e-07
