"positions","effects","identity","mut","condition"
"p51",1.07188200730613,"x000","1","c60_DHFR_ic50_c60"
"p51",1.07188200730613,"x001","2","c60_DHFR_ic50_c60"
"p51",0,"x010","2","c60_DHFR_ic50_c60"
"p51",0,"x011","3","c60_DHFR_ic50_c60"
"p51",0.94797099999599,"x100","2","c60_DHFR_ic50_c60"
"p51",-0.94797099999599,"x101","3","c60_DHFR_ic50_c60"
"p51",0.0934216851622351,"x110","3","c60_DHFR_ic50_c60"
"p51",0.0934216851622351,"x111","4","c60_DHFR_ic50_c60"
"p59",0.0934216851622351,"0x00","1","c60_DHFR_ic50_c60"
"p59",1.04139268515823,"0x01","2","c60_DHFR_ic50_c60"
"p59",0,"0x10","2","c60_DHFR_ic50_c60"
"p59",0,"0x11","3","c60_DHFR_ic50_c60"
"p59",-0.0304893221479003,"1x00","2","c60_DHFR_ic50_c60"
"p59",-0.97846032214389,"1x01","3","c60_DHFR_ic50_c60"
"p59",0.0934216851622351,"1x10","3","c60_DHFR_ic50_c60"
"p59",0.0934216851622351,"1x11","4","c60_DHFR_ic50_c60"
"p108",0,"00x0","1","c60_DHFR_ic50_c60"
"p108",0,"00x1","2","c60_DHFR_ic50_c60"
"p108",-0.0934216851622351,"01x0","2","c60_DHFR_ic50_c60"
"p108",-1.04139268515823,"01x1","3","c60_DHFR_ic50_c60"
"p108",-1.07188200730613,"10x0","2","c60_DHFR_ic50_c60"
"p108",-1.07188200730613,"10x1","3","c60_DHFR_ic50_c60"
"p108",-0.94797099999599,"11x0","3","c60_DHFR_ic50_c60"
"p108",0,"11x1","4","c60_DHFR_ic50_c60"
"p164",0,"000x","1","c60_DHFR_ic50_c60"
"p164",0,"001x","2","c60_DHFR_ic50_c60"
"p164",0.94797099999599,"010x","2","c60_DHFR_ic50_c60"
"p164",0,"011x","3","c60_DHFR_ic50_c60"
"p164",0,"100x","2","c60_DHFR_ic50_c60"
"p164",0,"101x","3","c60_DHFR_ic50_c60"
"p164",-0.94797099999599,"110x","3","c60_DHFR_ic50_c60"
"p164",0,"111x","4","c60_DHFR_ic50_c60"
