"genotype","predicted effect"
"NCSI",-0.118472676129719
"NCSL",0.118770145770861
"NCNI",0.118472676129719
"NCNL",-0.118175206488577
"NRSI",0.211828884628956
"NRSL",0.922664647158261
"NRNI",-0.118175206488577
"NRNL",0.118770145770861
"ICSI",1.19149557815218
"ICSL",0.954549945993881
"ICNI",-0.118472676129719
"ICNL",0.11847180773284
"IRSI",0.922664647158261
"IRSL",0.211828884628956
"IRNI",0.211828884628956
"IRNL",-0.0251164676304821
