genotype,avg,pos,mutations
x000,1.0718820073061255,p51,1
x001,1.0718820073061255,p51,1
x010,0,p51,1
x011,0,p51,1
x100,0.9479709999959901,p51,1
x101,-0.9479709999959901,p51,1
x110,0.09342168516223506,p51,1
x111,0.09342168516223506,p51,1
0x00,0.09342168516223506,p59,1
0x01,1.0413926851582251,p59,1
0x10,0,p59,1
0x11,0,p59,1
1x00,-0.030489322147900344,p59,1
1x01,-0.9784603221438904,p59,1
1x10,0.09342168516223506,p59,1
1x11,0.09342168516223506,p59,1
00x0,0,p108,1
00x1,0,p108,1
01x0,-0.09342168516223506,p108,1
01x1,-1.0413926851582251,p108,1
10x0,-1.0718820073061255,p108,1
10x1,-1.0718820073061255,p108,1
11x0,-0.9479709999959901,p108,1
11x1,0,p108,1
000x,0,p164,1
001x,0,p164,1
010x,0.9479709999959901,p164,1
011x,0,p164,1
100x,0,p164,1
101x,0,p164,1
110x,-0.9479709999959901,p164,1
111x,0,p164,1
xx00,-0.12391100731013538,p51|p59,2
xx01,-2.0198530073021157,p51|p59,2
xx10,0.09342168516223506,p51|p59,2
xx11,0.09342168516223506,p51|p59,2
x0x0,-1.0718820073061255,p51|p108,2
x0x1,-1.0718820073061255,p51|p108,2
x1x0,-0.8545493148337551,p51|p108,2
x1x1,1.0413926851582251,p51|p108,2
x00x,0,p51|p164,2
x01x,0,p51|p164,2
x10x,-1.8959419999919802,p51|p164,2
x11x,0,p51|p164,2
0xx0,-0.09342168516223506,p59|p108,2
0xx1,-1.0413926851582251,p59|p108,2
1xx0,0.12391100731013541,p59|p108,2
1xx1,1.0718820073061255,p59|p108,2
0x0x,0.9479709999959901,p59|p164,2
0x1x,0,p59|p164,2
1x0x,-0.9479709999959901,p59|p164,2
1x1x,0,p59|p164,2
00xx,0,p108|p164,2
01xx,-0.9479709999959901,p108|p164,2
10xx,0,p108|p164,2
11xx,0.9479709999959901,p108|p164,2
xxx0,0.21733269247237044,p51|p59|p108,3
xxx1,2.113274692464351,p51|p59|p108,3
xx0x,-1.8959419999919804,p51|p59|p164,3
xx1x,0,p51|p59|p164,3
x0xx,0,p51|p108|p164,3
x1xx,1.8959419999919802,p51|p108|p164,3
0xxx,-0.9479709999959901,p59|p108|p164,3
1xxx,0.9479709999959901,p59|p108|p164,3
xxxx,1.8959419999919804,p51|p59|p108|p164,4
