"indices","effect"
"INTERCEPT",0.287683375930416
"51",0.291445899272886
"59",0.038706853102966
"108",-0.528465762479577
"164",7.42238733179905e-05
"51|59",-0.244916529843838
"51|108",-0.244991114353344
"51|164",-0.237019789644439
"59|108",0.00804583565615807
"59|164",-7.42238733180417e-05
"108|164",-7.35622524108934e-08
"51|59|108",0.291520483782391
"51|59|164",-0.236870767749933
"51|108|164",0.236945205134933
"59|108|164",7.35622524006274e-08
