genotype,avg,pos,mutations,likely,enzyme_name,measure_type,cond
x000,1.0718820073061255,p51,1,TRUE,DHFR,ic50,c60
0x00,0.09342168516223506,p59,1,FALSE,DHFR,ic50,c60
00x0,0,p108,1,FALSE,DHFR,ic50,c60
000x,0,p164,1,FALSE,DHFR,ic50,c60
xx00,-0.12391100731013538,p51|p59,2,FALSE,DHFR,ic50,c60
x0x0,-1.0718820073061255,p51|p108,2,FALSE,DHFR,ic50,c60
x00x,0,p51|p164,2,FALSE,DHFR,ic50,c60
0xx0,-0.09342168516223506,p59|p108,2,FALSE,DHFR,ic50,c60
0x0x,0.9479709999959901,p59|p164,2,FALSE,DHFR,ic50,c60
00xx,0,p108|p164,2,FALSE,DHFR,ic50,c60
xxx0,0.21733269247237044,p51|p59|p108,3,FALSE,DHFR,ic50,c60
xx0x,-1.8959419999919804,p51|p59|p164,3,FALSE,DHFR,ic50,c60
x0xx,0,p51|p108|p164,3,FALSE,DHFR,ic50,c60
0xxx,-0.9479709999959901,p59|p108|p164,3,FALSE,DHFR,ic50,c60
xxxx,1.8959419999919804,p51|p59|p108|p164,4,FALSE,DHFR,ic50,c60
