"positions","effects","identity","mut","condition"
"p51",2.10720996964787,"x000","1","c60_DHFR_ic50_c60"
"p51",1.20411998265592,"x001","2","c60_DHFR_ic50_c60"
"p51",0,"x010","2","c60_DHFR_ic50_c60"
"p51",-0.602059991327962,"x011","3","c60_DHFR_ic50_c60"
"p51",0.301029995663981,"x100","2","c60_DHFR_ic50_c60"
"p51",-0.301029995663981,"x101","3","c60_DHFR_ic50_c60"
"p51",0.301029995663981,"x110","3","c60_DHFR_ic50_c60"
"p51",0.301029995663981,"x111","4","c60_DHFR_ic50_c60"
"p59",0.602059991327962,"0x00","1","c60_DHFR_ic50_c60"
"p59",0.602059991327962,"0x01","2","c60_DHFR_ic50_c60"
"p59",0.301029995663981,"0x10","2","c60_DHFR_ic50_c60"
"p59",0,"0x11","3","c60_DHFR_ic50_c60"
"p59",-1.20411998265592,"1x00","2","c60_DHFR_ic50_c60"
"p59",-0.903089986991944,"1x01","3","c60_DHFR_ic50_c60"
"p59",0.602059991327962,"1x10","3","c60_DHFR_ic50_c60"
"p59",0.903089986991944,"1x11","4","c60_DHFR_ic50_c60"
"p108",0,"00x0","1","c60_DHFR_ic50_c60"
"p108",0,"00x1","2","c60_DHFR_ic50_c60"
"p108",-0.301029995663981,"01x0","2","c60_DHFR_ic50_c60"
"p108",-0.602059991327962,"01x1","3","c60_DHFR_ic50_c60"
"p108",-2.10720996964787,"10x0","2","c60_DHFR_ic50_c60"
"p108",-1.80617997398389,"10x1","3","c60_DHFR_ic50_c60"
"p108",-0.301029995663981,"11x0","3","c60_DHFR_ic50_c60"
"p108",0,"11x1","4","c60_DHFR_ic50_c60"
"p164",0.301029995663981,"000x","1","c60_DHFR_ic50_c60"
"p164",0.301029995663981,"001x","2","c60_DHFR_ic50_c60"
"p164",0.301029995663981,"010x","2","c60_DHFR_ic50_c60"
"p164",0,"011x","3","c60_DHFR_ic50_c60"
"p164",-0.602059991327962,"100x","2","c60_DHFR_ic50_c60"
"p164",-0.301029995663981,"101x","3","c60_DHFR_ic50_c60"
"p164",-0.301029995663981,"110x","3","c60_DHFR_ic50_c60"
"p164",0,"111x","4","c60_DHFR_ic50_c60"
