"indices","effect"
"INTERCEPT",0.5458427430625
"51",0.413812034625
"59",0.112990514375
"108",-0.639695718125
"164",-0.037517562875
"51|59",-0.263408195125
"51|108",-0.414034379625
"51|164",-0.263512432875
"59|108",0.338776880625
"59|164",0.037517562875
"108|164",0.0376287493749999
"51|59|108",0.564438219125
"51|59|164",0.112997434875
"51|108|164",0.112886248375
"59|108|164",-0.037628749375
