p51,p59,p108,p164,numbers,genotype,observed effect,epistatic effect,average effect,WT effect,cv,mutations,2 step,3 step,final step
-1,-1,-1,-1,0000,NCSI,0,-0.018814374812499937,0.6210481090625002,0,NA,0,0,0,0
-1,-1,-1,1,0001,NCSL,0.3010299956639812,0.3202891168125002,0.5835305461875002,0.3010299956639812,NA,1,0.3010299956639812,0.3010299956639812,0.3010299956639812
-1,-1,1,-1,0010,NCNI,0,0.018814374812500062,-0.01864760906250005,0,NA,1,0,0,0
-1,-1,1,1,0011,NCNL,0.3010299956639812,0.28266036718749976,-0.05616517193750006,0.3010299956639812,NA,2,0.3010299956639812,0.3010299956639812,0.3010299956639812
-1,1,-1,-1,0100,NRSI,0.6020599913279624,0.6210967958125001,0.7340386234375001,0.6020599913279624,NA,1,0.6020599913279624,0.6020599913279624,0.6020599913279624
-1,1,-1,1,0101,NRSL,0.9030899869919435,0.8844980421875005,0.6965210605625002,0.9030899869919435,NA,2,0.9030899869919435,0.9030899869919435,0.9030899869919435
-1,1,1,-1,0110,NRNI,0.3010299956639812,0.28266036718749976,0.09434290531249992,0.6020599913279624,NA,2,0.3010299956639812,0.3010299956639812,0.3010299956639812
-1,1,1,1,0111,NRNL,0.3010299956639812,0.3202891168124999,0.056825342437499905,0.9030899869919435,NA,3,0.6020599913279623,0.3010299956639812,0.3010299956639812
1,-1,-1,-1,1000,ICSI,2.1072099696478683,2.1262745698125003,1.0348601436875002,2.1072099696478683,NA,1,2.1072099696478683,2.1072099696478683,2.1072099696478683
1,-1,-1,1,1001,ICSL,1.505149978319906,1.4865858291874998,0.9973425808125002,2.4082399653118496,NA,2,1.505149978319906,1.505149978319906,1.505149978319906
1,-1,1,-1,1010,ICNI,0,-0.018814374812499993,0.3951644255625,2.1072099696478683,NA,2,0,0,0
1,-1,1,1,1011,ICNL,-0.3010299956639812,-0.2822156211875,0.3576468626875,2.4082399653118496,NA,3,-0.6020599913279623,-0.3010299956639813,-0.3010299956639813
1,1,-1,-1,1100,IRSI,0.9030899869919435,0.8844980421874998,1.1478506580625,2.709269960975831,NA,2,0.9030899869919435,0.9030899869919435,0.9030899869919435
1,1,-1,1,1101,IRSL,0.6020599913279624,0.6210967958125002,1.1103330951875,3.010299956639812,NA,3,0.30102999566398125,0.6020599913279624,0.6020599913279624
1,1,1,-1,1110,IRNI,0.6020599913279624,0.6210967958125002,0.5081549399374998,2.709269960975831,NA,3,-1.505149978319906,0.6020599913279623,0.6020599913279623
1,1,1,1,1111,IRNL,0.6020599913279624,0.5834680461874999,0.47063737706249986,3.010299956639812,NA,4,-2.1072099696478683,0.301029995663981,0.6020599913279623
