genotype,avg,pos,mutations,likely,enzyme_name,measure_type,cond
x000,2.1072099696478683,p51,1,TRUE,DHFR,ic50,c60
0x00,0.6020599913279624,p59,1,FALSE,DHFR,ic50,c60
00x0,0,p108,1,FALSE,DHFR,ic50,c60
000x,0.3010299956639812,p164,1,FALSE,DHFR,ic50,c60
xx00,-1.806179973983887,p51|p59,2,FALSE,DHFR,ic50,c60
x0x0,-2.1072099696478683,p51|p108,2,FALSE,DHFR,ic50,c60
x00x,-0.9030899869919435,p51|p164,2,FALSE,DHFR,ic50,c60
0xx0,-0.3010299956639812,p59|p108,2,FALSE,DHFR,ic50,c60
0x0x,-1.1102230246251565e-16,p59|p164,2,FALSE,DHFR,ic50,c60
00xx,0,p108|p164,2,FALSE,DHFR,ic50,c60
xxx0,2.1072099696478683,p51|p59|p108,3,FALSE,DHFR,ic50,c60
xx0x,0.30102999566398125,p51|p59|p164,3,FALSE,DHFR,ic50,c60
x0xx,0.30102999566398125,p51|p108|p164,3,FALSE,DHFR,ic50,c60
0xxx,-0.3010299956639811,p59|p108|p164,3,FALSE,DHFR,ic50,c60
xxxx,0.3010299956639808,p51|p59|p108|p164,4,FALSE,DHFR,ic50,c60
