MAE,Last MAE,Step,Enzyme,Linear MAE,Linear Last MAE
0.12169430451997024,0.2547466713031404,1,TEM,0.0934601025805799,0.1464430531213608
0.10392773405019179,0.36586142320837833,2,TEM,0.07721953302896524,0.12941291210496675
0.058195056149144504,0.9311208983863118,3,TEM,0.05858694578585238,0.05858694578585239
