"id","effect","muts","cv","colors"
"0000",1,0,NA,"#FF9B96"
"0001",1,1,NA,"#FF9B96"
"0010",1,1,NA,"#FF9B96"
"0100",1,1,NA,"#FF9B96"
"1000",1,1,NA,"#FF9B96"
"0011",1.18796946591509,2,NA,"#FF8A84"
"0101",1.15457886735813,2,NA,"#FF8D87"
"0110",1.17186422918907,2,NA,"#FF8A84"
"1001",1.19129646876506,2,NA,"#FF8A84"
"1010",1.5460729746444,2,NA,"#FF665F"
"1100",1.41010700849789,2,NA,"#FF746D"
"0111",0.169876654794028,3,NA,"#FFE2E1"
"1011",0.636679606593065,3,NA,"#FF746D"
"1101",0.766698134194116,3,NA,"#FF6D66"
"1110",0.608609367369589,3,NA,"#FF665F"
"1111",8.53337632080919,4,NA,"#FF4E45"
