"positions","effects","identity","mut","condition"
"p69",-0.0979971086492706,"x000","1","FEP_TEM_growth_FEP"
"p69",-0.0219772541973122,"x001","2","FEP_TEM_growth_FEP"
"p69",0.0912328801163658,"x010","2","FEP_TEM_growth_FEP"
"p69",-0.0288263261787061,"x011","3","FEP_TEM_growth_FEP"
"p69",0.0512549624718929,"x100","2","FEP_TEM_growth_FEP"
"p69",0.0118992232997077,"x101","3","FEP_TEM_growth_FEP"
"p69",0.0248235837250322,"x110","3","FEP_TEM_growth_FEP"
"p69",0.720509682192129,"x111","4","FEP_TEM_growth_FEP"
"p104",-0.0259490972071227,"0x00","1","FEP_TEM_growth_FEP"
"p104",0.0364745069915686,"0x01","2","FEP_TEM_growth_FEP"
"p104",0.0429282005418108,"0x10","2","FEP_TEM_growth_FEP"
"p104",-0.664514494970517,"0x11","3","FEP_TEM_growth_FEP"
"p104",0.123302973914041,"1x00","2","FEP_TEM_growth_FEP"
"p104",0.0703509844885885,"1x01","3","FEP_TEM_growth_FEP"
"p104",-0.0234810958495228,"1x10","3","FEP_TEM_growth_FEP"
"p104",0.0848215134003175,"1x11","4","FEP_TEM_growth_FEP"
"p238",-0.0343280287798933,"00x0","1","FEP_TEM_growth_FEP"
"p238",0.0404772494452425,"00x1","2","FEP_TEM_growth_FEP"
"p238",0.0345492689690402,"01x0","2","FEP_TEM_growth_FEP"
"p238",-0.660511752516843,"01x1","3","FEP_TEM_growth_FEP"
"p238",0.154901959985743,"10x0","2","FEP_TEM_growth_FEP"
"p238",0.0336281774638486,"10x1","3","FEP_TEM_growth_FEP"
"p238",0.00811789022217947,"11x0","3","FEP_TEM_growth_FEP"
"p238",0.0480987063755776,"11x1","4","FEP_TEM_growth_FEP"
"p276",-0.00305075150461883,"000x","1","FEP_TEM_growth_FEP"
"p276",0.0717545267205169,"001x","2","FEP_TEM_growth_FEP"
"p276",0.0593728526940724,"010x","2","FEP_TEM_growth_FEP"
"p276",-0.635688168791811,"011x","3","FEP_TEM_growth_FEP"
"p276",0.0729691029473395,"100x","2","FEP_TEM_growth_FEP"
"p276",-0.048304679574555,"101x","3","FEP_TEM_growth_FEP"
"p276",0.0200171135218872,"110x","3","FEP_TEM_growth_FEP"
"p276",0.0599979296752853,"111x","4","FEP_TEM_growth_FEP"
