genotype,avg,pos,mutations
x000,-0.09799710864927055,p69,1
x001,-0.021977254197312224,p69,1
x010,0.09123288011636584,p69,1
x011,-0.028826326178706098,p69,1
x100,0.051254962471892915,p69,1
x101,0.011899223299707745,p69,1
x110,0.024823583725032163,p69,1
x111,0.7205096821921285,p69,1
0x00,-0.025949097207122653,p104,1
0x01,0.03647450699156855,p104,1
0x10,0.042928200541810846,p104,1
0x11,-0.6645144949705172,p104,1
1x00,0.12330297391404081,p104,1
1x01,0.07035098448858852,p104,1
1x10,-0.023481095849522828,p104,1
1x11,0.08482151340031749,p104,1
00x0,-0.03432802877989328,p238,1
00x1,0.04047724944524249,p238,1
01x0,0.034549268969040224,p238,1
01x1,-0.6605117525168432,p238,1
10x0,0.1549019599857431,p238,1
10x1,0.03362817746384862,p238,1
11x0,0.008117890222179468,p238,1
11x1,0.04809870637557759,p238,1
000x,-0.0030507515046188267,p276,1
001x,0.07175452672051694,p276,1
010x,0.05937285269407239,p276,1
011x,-0.635688168791811,p276,1
100x,0.0729691029473395,p276,1
101x,-0.04830467957455499,p276,1
110x,0.020017113521887214,p276,1
111x,0.05999792967528533,p276,1
xx00,0.14925207112116345,p69|p104,2
xx01,0.03387647749701997,p69|p104,2
xx10,-0.06640929639133367,p69|p104,2
xx11,0.7493360083708346,p69|p104,2
x0x0,0.1892299887656364,p69|p238,2
x0x1,-0.006849071981393874,p69|p238,2
x1x0,-0.026431378746860752,p69|p238,2
x1x1,0.7086104588924208,p69|p238,2
x00x,0.07601985445195833,p69|p276,2
x01x,-0.12005920629507194,p69|p276,2
x10x,-0.03935573917218517,p69|p276,2
x11x,0.6956860984670964,p69|p276,2
0xx0,0.0688772977489335,p104|p238,2
0xx1,-0.7009890019620857,p104|p238,2
1xx0,-0.14678406976356365,p104|p238,2
1xx1,0.014470528911728966,p104|p238,2
0x0x,0.06242360419869121,p104|p276,2
0x1x,-0.7074426955123281,p104|p276,2
1x0x,-0.05295198942545229,p104|p276,2
1x1x,0.10830260924984031,p104|p276,2
00xx,0.07480527822513577,p238|p276,2
01xx,-0.6950610214858834,p238|p276,2
10xx,-0.12127378252189448,p238|p276,2
11xx,0.039980816153398116,p238|p276,2
xxx0,-0.21566136751249712,p69|p104|p238,3
xxx1,0.7154595308738146,p69|p104|p238,3
xx0x,-0.11537559362414349,p69|p104|p276,3
xx1x,0.8157453047621682,p69|p104|p276,3
x0xx,-0.19607906074703027,p69|p238|p276,3
x1xx,0.7350418376392815,p69|p238|p276,3
0xxx,-0.7698662997110192,p104|p238|p276,3
1xxx,0.16125459867529263,p104|p238|p276,3
xxxx,0.9311208983863117,p69|p104|p238|p276,4
