pos,mutations,idiosync
p69,Order 1,0.518941155429053
p104,Order 1,0.5112880682577439
p238,Order 1,0.5072090259865023
p276,Order 1,0.4805631156155365
p69|p104,Order 2,0.7319613067620989
p69|p238,Order 2,0.6849002862671533
p69|p276,Order 2,0.7411668131099547
p104|p238,Order 2,0.7040815611250066
p104|p276,Order 2,0.7589273268521595
p238|p276,Order 2,0.7136467858646273
p69|p104|p238,Order 3,1.3168038027069426
p69|p104|p276,Order 3,1.3168038027069424
p69|p238|p276,Order 3,1.3168038027069426
p104|p238|p276,Order 3,1.3168038027069426
