"model_order","R2","(Adjusted)","Delta R2"
"order1","0.149492993391357","-0.159782281739059","0.149492993391357"
"order2","0.650643421848997","-0.0480697344530077","0.50115042845764"
"order3","0.866015495983135","-1.00976756025298","0.215372074134138"
