"id","effect","muts","cv","colors","enz"
"0000",0,0,NA,"#FFFFFF","TEM"
"0001",-0.00305075150461883,1,NA,"#FFFFFF","TEM"
"0010",-0.0343280287798933,1,NA,"#F3FCFF","TEM"
"0100",-0.0259490972071227,1,NA,"#F7FDFF","TEM"
"1000",-0.0979971086492706,1,NA,"#E1F8FF","TEM"
"0011",0.0374264979406237,2,NA,"#FFF4F3","TEM"
"0101",0.0334237554869497,2,NA,"#FFF4F3","TEM"
"0110",0.00860017176191757,2,NA,"#FFFBFB","TEM"
"1001",-0.0250280057019311,2,NA,"#F7FDFF","TEM"
"1010",0.0569048513364726,2,NA,"#FFEDEC","TEM"
"1100",0.0253058652647703,2,NA,"#FFF7F7","TEM"
"0111",-0.627087997029893,3,NA,"#45D7FF","TEM"
"1011",0.00860017176191757,3,NA,"#FFFBFB","TEM"
"1101",0.0453229787866575,3,NA,"#FFF0F0","TEM"
"1110",0.0334237554869497,3,NA,"#FFF4F3","TEM"
"1111",0.0934216851622351,4,NA,"#FFE6E4","TEM"
