"id","effect","muts","cv","colors","enz"
"0000",0,0,NA,"#FFFFFF","TEM"
"0001",-0.0181813928293364,1,NA,"#FFFFFF","TEM"
"0010",-0.197226274708024,1,NA,"#ECFBFF","TEM"
"0100",-0.149966742310231,1,NA,"#F0FBFF","TEM"
"1000",-0.522878745280338,1,NA,"#CEF4FF","TEM"
"0011",0.243038048686294,2,NA,"#FFE9E8","TEM"
"0101",0.217483944213906,2,NA,"#FFEDEC","TEM"
"0110",0.0606978403536116,2,NA,"#FFF7F7","TEM"
"1001",-0.1438755557577,2,NA,"#F0FBFF","TEM"
"1010",0.367355921026019,2,NA,"#FFDFDD","TEM"
"1100",0.146128035678238,2,NA,"#FFF0F0","TEM"
"0111",-1.97881070093006,3,NA,"#45D7FF","TEM"
"1011",0.0413926851582251,3,NA,"#FFFBFB","TEM"
"1101",0.271841606536499,3,NA,"#FFE6E4","TEM"
"1110",0.20682587603185,3,NA,"#FFEDEC","TEM"
"1111",0.612783856719735,4,NA,"#FFC9C7","TEM"
