"indices","effect"
"INTERCEPT",-0.0294884995109615
"69",0.0926204452064829
"104",-0.0448039180905057
"238",-0.0466107873965534
"276",-0.0506004977750826
"69|104",0.107497335957699
"69|238",0.108065957734315
"69|276",0.0760003226738965
"104|238",-0.0953534057971443
"104|276",-0.0738098130821215
"238|276",-0.0883401154538571
"69|104|238",0.0630559489825908
"69|104|276",0.087851882654471
"69|238|276",0.0672499436401075
"104|238|276",-0.0765058426389406
