"indices","sign","effect"
"238|276",1,0.0748052782251358
"104|276",1,0.0624236041986912
"104|238",1,0.0688772977489335
"104|238|276",0,-0.563760119538259
"69|238",1,0.189229988765636
"69|238|276",1,0.1439760606957
"69|104",1,0.149252071121163
"69|104|276",1,0.17231993614767
"69|104|238",1,0.191697990123236
"69|104|238|276",1,0.25474667130314
