p69,x000,1,0,TEM,growth,FEP
p69,x001,2,0.07601985445195833,TEM,growth,FEP
p69,x010,2,0.1892299887656364,TEM,growth,FEP
p69,x011,3,0.06917078247056446,TEM,growth,FEP
p69,x100,2,0.14925207112116345,TEM,growth,FEP
p69,x101,3,0.1098963319489783,TEM,growth,FEP
p69,x110,3,0.12282069237430271,TEM,growth,FEP
p69,x111,4,0.8185067908413991,TEM,growth,FEP
p104,0x00,1,0,TEM,growth,FEP
p104,0x01,2,0.06242360419869121,TEM,growth,FEP
p104,0x10,2,0.0688772977489335,TEM,growth,FEP
p104,0x11,3,-0.6385653977633945,TEM,growth,FEP
p104,1x00,2,0.14925207112116345,TEM,growth,FEP
p104,1x01,3,0.09630008169571118,TEM,growth,FEP
p104,1x10,3,0.0024680013575998257,TEM,growth,FEP
p104,1x11,4,0.11077061060744015,TEM,growth,FEP
p238,00x0,1,0,TEM,growth,FEP
p238,00x1,2,0.07480527822513577,TEM,growth,FEP
p238,01x0,2,0.0688772977489335,TEM,growth,FEP
p238,01x1,3,-0.62618372373695,TEM,growth,FEP
p238,10x0,2,0.18922998876563638,TEM,growth,FEP
p238,10x1,3,0.0679562062437419,TEM,growth,FEP
p238,11x0,3,0.04244591900207274,TEM,growth,FEP
p238,11x1,4,0.08242673515547086,TEM,growth,FEP
p276,000x,1,0,TEM,growth,FEP
p276,001x,2,0.07480527822513576,TEM,growth,FEP
p276,010x,2,0.06242360419869121,TEM,growth,FEP
p276,011x,3,-0.6326374172871921,TEM,growth,FEP
p276,100x,2,0.07601985445195833,TEM,growth,FEP
p276,101x,3,-0.04525392806993617,TEM,growth,FEP
p276,110x,3,0.02306786502650604,TEM,growth,FEP
p276,111x,4,0.06304868117990416,TEM,growth,FEP
