genotype,avg,pos,mutations,likely,enzyme_name,measure_type,cond
x000,-0.5228787452803376,p69,1,FALSE,TEM,growth,FEP
0x00,-0.149966742310231,p104,1,FALSE,TEM,growth,FEP
00x0,-0.1972262747080243,p238,1,FALSE,TEM,growth,FEP
000x,-0.018181392829336417,p276,1,TRUE,TEM,growth,FEP
xx00,0.8189735232688067,p69|p104,2,FALSE,TEM,growth,FEP
x0x0,1.087460941014381,p69|p238,2,FALSE,TEM,growth,FEP
x00x,0.3971845823519744,p69|p276,2,FALSE,TEM,growth,FEP
0xx0,0.407890857371867,p104|p238,2,FALSE,TEM,growth,FEP
0x0x,0.38563207935347366,p104|p276,2,FALSE,TEM,growth,FEP
00xx,0.45844571622365515,p238|p276,2,TRUE,TEM,growth,FEP
xxx0,-1.2374276833246118,p69|p104|p238,3,FALSE,TEM,growth,FEP
xx0x,-0.6389216980178507,p69|p104|p276,3,FALSE,TEM,growth,FEP
x0xx,-1.163412141614087,p69|p238|p276,3,TRUE,TEM,growth,FEP
0xxx,-2.865404944031466,p104|p238|p276,3,FALSE,TEM,growth,FEP
xxxx,3.8506157792515228,p69|p104|p238|p276,4,TRUE,TEM,growth,FEP
