genotype,avg,pos,mutations,likely,enzyme_name,measure_type,cond
x000,-0.09799710864927055,p69,1,FALSE,TEM,growth,FEP
0x00,-0.025949097207122653,p104,1,FALSE,TEM,growth,FEP
00x0,-0.03432802877989328,p238,1,FALSE,TEM,growth,FEP
000x,-0.0030507515046188267,p276,1,TRUE,TEM,growth,FEP
xx00,0.14925207112116345,p69|p104,2,FALSE,TEM,growth,FEP
x0x0,0.1892299887656364,p69|p238,2,FALSE,TEM,growth,FEP
x00x,0.07601985445195833,p69|p276,2,FALSE,TEM,growth,FEP
0xx0,0.0688772977489335,p104|p238,2,FALSE,TEM,growth,FEP
0x0x,0.06242360419869121,p104|p276,2,FALSE,TEM,growth,FEP
00xx,0.07480527822513577,p238|p276,2,TRUE,TEM,growth,FEP
xxx0,-0.21566136751249712,p69|p104|p238,3,FALSE,TEM,growth,FEP
xx0x,-0.11537559362414349,p69|p104|p276,3,FALSE,TEM,growth,FEP
x0xx,-0.19607906074703027,p69|p238|p276,3,TRUE,TEM,growth,FEP
0xxx,-0.7698662997110192,p104|p238|p276,3,FALSE,TEM,growth,FEP
xxxx,0.9311208983863117,p69|p104|p238|p276,4,TRUE,TEM,growth,FEP
