mean,max,obs,geno,enzyme_name,measure_type,cond
-0.04033124653522633,-0.0030507515046188267,0,0000,TEM,growth,FEP
0.01832483407983294,0.04047724944524249,-0.0030507515046188267,0001,TEM,growth,FEP
0.06863853579289787,0.09123288011636584,-0.03432802877989328,0010,TEM,growth,FEP
0.04839236137833518,0.05937285269407239,-0.025949097207122653,0100,TEM,growth,FEP
0.11705801228237447,0.1549019599857431,-0.09799710864927055,1000,TEM,growth,FEP
-0.3466704105746116,-0.028826326178706098,0.037426497940623665,0011,TEM,growth,FEP
-0.32430626460856776,0.011899223299707745,0.03342375548694973,0101,TEM,growth,FEP
-0.30543229253338944,0.024823583725032163,0.00860017176191757,0110,TEM,growth,FEP
0.05198958097621857,0.07035098448858852,-0.02502800570193105,1001,TEM,growth,FEP
-0.03589288771203891,-0.023481095849522828,0.05690485133647256,1010,TEM,growth,FEP
0.014067501872033341,0.020017113521887214,0.02530586526477026,1100,TEM,growth,FEP
0.7205096821921285,0.7205096821921285,-0.6270879970298935,0111,TEM,growth,FEP
0.08482151340031749,0.08482151340031749,0.00860017176191757,1011,TEM,growth,FEP
0.04809870637557759,0.04809870637557759,0.045322978786657475,1101,TEM,growth,FEP
0.05999792967528533,0.05999792967528533,0.03342375548694973,1110,TEM,growth,FEP
