MAE,Last MAE,Step,Enzyme,Linear MAE,Linear Last MAE
0.3671984797305875,1.0989936394228352,1,TEM,0.35012252352118356,0.4131240651451017
0.11802777378762136,0.787653244628101,2,TEM,0.031450873499022834,0.039935896665593495
0.01957111820910876,0.31313789134573955,3,TEM,0.019397920826571834,0.019397920826571602
