"id","effect","muts","cv","colors"
"0000",1,0,NA,"#FFF4F3"
"0001",1,1,NA,"#FFF4F3"
"0010",1,1,NA,"#FFF4F3"
"0100",1,1,NA,"#FFF4F3"
"1000",1,1,NA,"#FFF4F3"
"0011",0.523121992048545,2,NA,"#FFF7F7"
"0101",0.735086231269437,2,NA,"#FFF7F7"
"0110",0.476560141458576,2,NA,"#FFF7F7"
"1001",0.867363089585312,2,NA,"#FFF4F3"
"1010",14.8486165435318,2,NA,"#FF4E45"
"1100",0.867749722711555,2,NA,"#FFF4F3"
"0111",2.17907761921337,3,NA,"#FFFBFB"
"1011",2.04398604237137,3,NA,"#FF5C53"
"1101",1.3976400856155,3,NA,"#FFF4F3"
"1110",2.02602668795374,3,NA,"#FF6A62"
"1111",0.486252792729069,4,NA,"#FF6A62"
