"genotype","predicted effect"
"MEGN",0.0193979208265721
"LEGN",0.0487029871603745
"MKGN",0.096903661542032
"MESN",-1.16947305996001
"MEGD",0.11031048886345
"LKGN",0.144105465264438
"LESN",0.10870694520974
"LEGD",0.155404264057341
"MKSN",-1.33545076689788
"MKGD",0.132326669910771
"MESD",-1.28140100567426
"LKSN",0.10945236868325
"LKGD",0.184085986980154
"LESD",0.166971625830378
"MKSD",-1.3201968473274
"LKSD",0.283667719075501
