genotype,avg,pos,mutations
x000,0.06818586174616162,p69,1
x001,0.0063867986614006556,p69,1
x010,1.2398718537496287,p69,1
x011,1.4885507165004443,p69,1
x100,0.006580345311321539,p69,1
x101,0.090176630349088,p69,1
x110,1.4849114991459142,p69,1
x111,1.5658478186735176,p69,1
0x00,0.11727129565576427,p104,1
0x01,-0.016390416188169346,p104,1
0x10,-0.20461098834067726,p104,1
0x11,0,p104,1
1x00,0.055665779220924194,p104,1
1x01,0.067399415499518,p104,1
1x10,0.040428657055608205,p104,1
1x11,0.07729710217307342,p104,1
00x0,-1.1499667423102309,p238,1
00x1,-1.4313637641589874,p238,1
01x0,-1.4718490263066724,p238,1
01x1,-1.414973347970818,p238,1
10x0,0.02171924969323631,p238,1
10x1,0.050800153680056276,p238,1
11x0,0.006482127527920323,p238,1
11x1,0.0606978403536117,p238,1
000x,0.13033376849500614,p276,1
001x,-0.15106325335375037,p276,1
010x,-0.003327943348927484,p276,1
011x,0.05354773498692689,p276,1
100x,0.06853470541024517,p276,1
101x,0.09761560939706514,p276,1
110x,0.08026834168883898,p276,1
111x,0.13448405451453035,p276,1
xx00,-0.06160551643484008,p69|p104,2
xx01,0.08378983168768735,p69|p104,2
xx10,0.24503964539628553,p69|p104,2
xx11,0.07729710217307328,p69|p104,2
x0x0,1.171685992003467,p69|p238,2
x0x1,1.4821639178390438,p69|p238,2
x1x0,1.4783311538345927,p69|p238,2
x1x1,1.4756711883244296,p69|p238,2
x00x,-0.06179906308476096,p69|p276,2
x01x,0.24867886275081563,p69|p276,2
x10x,0.08359628503776646,p69|p276,2
x11x,0.08093631952760338,p69|p276,2
0xx0,-0.32188228399644153,p104|p238,2
0xx1,0.016390416188169346,p104|p238,2
1xx0,-0.015237122165315989,p104|p238,2
1xx1,0.009897686673555423,p104|p238,2
0x0x,-0.1336617118439336,p104|p276,2
0x1x,0.20461098834067726,p104|p276,2
1x0x,0.011733636278593806,p104|p276,2
1x1x,0.03686844511746522,p104|p276,2
00xx,-0.2813970218487565,p238|p276,2
01xx,0.056875678335854385,p238|p276,2
10xx,0.029080903986819964,p238|p276,2
11xx,0.054215712825691376,p238|p276,2
xxx0,0.3066451618311256,p69|p104|p238,3
xxx1,-0.006492729514614062,p69|p104|p238,3
xx0x,0.1453953481225274,p69|p104|p276,3
xx1x,-0.16774254322321225,p69|p104|p276,3
x0xx,0.31047792583557676,p69|p238|p276,3
x1xx,-0.0026599655101631203,p69|p238|p276,3
0xxx,0.33827270018461086,p104|p238|p276,3
1xxx,0.02513480883887141,p104|p238|p276,3
xxxx,-0.31313789134573966,p69|p104|p238|p276,4
