genotype,avg,pos,mutations
x000,0.31806333496276157,p69,1
x001,0.03690495024500795,p69,1
x010,2.1768992490225147,p69,1
x011,2.7937563237142196,p69,1
x100,0.047820651124448554,p69,1
x101,0.5663444390614278,p69,1
x110,2.445214876056217,p69,1
x111,3.359187419680021,p69,1
0x00,0.5774917998372253,p104,1
0x01,-0.09666933997230254,p104,1
0x10,-0.0487330483239683,p104,1
0x11,0,p104,1
1x00,0.3072491159989123,p104,1
1x01,0.43277014884411735,p104,1
1x10,0.21958257870973397,p104,1
1x11,0.5654310959658013,p104,1
00x0,-1.747146969020107,p238,1
00x1,-2.4393326938302624,p238,1
01x0,-2.3733718171813005,p238,1
01x1,-2.3426633538579598,p238,1
10x0,0.11168894503964638,p238,1
10x1,0.3175186796389491,p238,1
11x0,0.024022407750468044,p238,1
11x1,0.45017962676063306,p238,1
000x,0.6541765418779605,p276,1
001x,-0.03800918293219513,p276,1
010x,-0.01998459793156737,p276,1
011x,0.010723865391773169,p276,1
100x,0.37301815716020686,p276,1
101x,0.5788478917595096,p276,1
110x,0.4985391900054119,p276,1
111x,0.9246964090155769,p276,1
xx00,-0.270242683838313,p69|p104,2
xx01,0.5294394888164199,p69|p104,2
xx10,0.26831562703370215,p69|p104,2
xx11,0.5654310959658013,p69|p104,2
x0x0,1.8588359140597532,p69|p238,2
x0x1,2.7568513734692117,p69|p238,2
x1x0,2.3973942249317686,p69|p238,2
x1x1,2.792842980618593,p69|p238,2
x00x,-0.2811583847177536,p69|p276,2
x01x,0.6168570746917048,p69|p276,2
x10x,0.5185237879369793,p69|p276,2
x11x,0.913972543623804,p69|p276,2
0xx0,-0.6262248481611936,p104|p238,2
0xx1,0.09666933997230254,p104|p238,2
1xx0,-0.08766653728917834,p104|p238,2
1xx1,0.13266094712168397,p104|p238,2
0x0x,-0.6741611398095279,p104|p276,2
0x1x,0.0487330483239683,p104|p276,2
1x0x,0.12552103284520505,p104|p276,2
1x1x,0.34584851725606736,p104|p276,2
00xx,-0.6921857248101555,p238|p276,2
01xx,0.030708463323340762,p238|p276,2
10xx,0.2058297345993027,p238|p276,2
11xx,0.426157219010165,p238|p276,2
xxx0,0.5385583108720151,p69|p104|p238,3
xxx1,0.03599160714938143,p69|p104|p238,3
xx0x,0.799682172654733,p69|p104|p276,3
xx1x,0.29711546893209917,p69|p104|p276,3
x0xx,0.8980154594094585,p69|p238|p276,3
x1xx,0.39544875568682425,p69|p238|p276,3
0xxx,0.7228941881334962,p104|p238|p276,3
1xxx,0.2203274844108623,p104|p238|p276,3
xxxx,-0.5025667037226337,p69|p104|p238|p276,4
