pos,mutations,idiosync
p69,Order 1,1.51123389596298
p104,Order 1,0.19826292524589792
p238,Order 1,1.5113742832921724
p276,Order 1,0.1857608445002409
p69|p104,Order 2,0.25076298155219695
p69|p238,Order 2,0.30708235503464554
p69|p276,Order 2,0.2538415731804795
p104|p238,Order 2,0.32670671824365993
p104|p276,Order 2,0.27726025904672824
p238|p276,Order 2,0.3290756008933744
p69|p104|p238,Order 3,0.4428438528340577
p69|p104|p276,Order 3,0.44284385283405764
p69|p238|p276,Order 3,0.44284385283405797
p104|p238|p276,Order 3,0.44284385283405736
