"model_order","R2","(Adjusted)","Delta R2"
"order1","0.665393500438045","0.543718409688243","0.665393500438045"
"order2","0.995690962587824","0.987072887763473","0.330297462149779"
"order3","0.998998040117605","0.984970601764078","0.00330707752978121"
