"indices","effect"
"INTERCEPT",-0.221655348528472
"69",0.743585037622238
"104",0.01703426136466
"238",-0.666120058208227
"276",0.0511029224859273
"69|104",0.0433471680717174
"69|238",0.700245047042367
"69|276",0.0436875349204655
"104|238",-0.0388672693327543
"104|276",0.0151152775258682
"238|276",-0.0171514212686475
"69|104|238",0.0372065982556933
"69|104|276",-0.00280779887827763
"69|238|276",0.0386009793686991
"104|238|276",0.0456678562382155
