"indices","sign","effect"
"238|276",0,-0.281397021848756
"104|238",0,-0.321882283996441
"104|238|276",0,-0.398668317504521
"69|238",1,1.17168599200347
"69|238|276",1,1.13896783290553
"69|104|238",1,1.09484335340331
"69|104|238|276",1,1.09899363942284
