"indices","sign","effect"
"238|276",0,-0.692185724810156
"104|276",0,-0.674161139809528
"104|238",0,-0.626224848161194
"104|238|276",0,-1.26967752464738
"69|276",0,-0.281158384717754
"69|238",1,1.85883591405975
"69|238|276",1,1.7835072639413
"69|104",0,-0.270242683838313
"69|104|276",0,-0.425880035710862
"69|104|238",1,1.50092669293226
"69|104|238|276",1,1.77144656006988
