"id","effect","muts","cv","colors"
"0000",1,0,NA,"#FFF4F3"
"0001",1,1,NA,"#FFF4F3"
"0010",1,1,NA,"#FFF4F3"
"0100",1,1,NA,"#FFF4F3"
"1000",1,1,NA,"#FFF4F3"
"0011",0.523121992048545,2,NA,"#FFF7F7"
"0101",0.735086231269437,2,NA,"#FFF7F7"
"0110",0.476560141458576,2,NA,"#FFF7F7"
"1001",0.867363089585312,2,NA,"#FFF4F3"
"1010",14.8486165435318,2,NA,"#FF4E45"
"1100",0.867749722711555,2,NA,"#FFF4F3"
"0111",0.399329764922554,3,NA,"#FFFBFB"
"1011",13.7710746624745,3,NA,"#FF5C53"
"1101",0.77326625248593,3,NA,"#FFF4F3"
"1110",12.4406580610488,3,NA,"#FF6A62"
"1111",12.5601156830342,4,NA,"#FF6A62"
