"id","effect","muts","cv","colors"
"0000",1,0,NA,"#FFFBFB"
"0001",1,1,NA,"#FFFBFB"
"0010",1,1,NA,"#FFFBFB"
"0100",1,1,NA,"#FFFBFB"
"1000",1,1,NA,"#FFFBFB"
"0011",0.203148806500762,2,NA,"#FFFFFF"
"0101",0.2117575288307,2,NA,"#FFFFFF"
"0110",0.236469510212527,2,NA,"#FFFFFF"
"1001",0.523409517311956,2,NA,"#FFFFFF"
"1010",72.2496776966051,2,NA,"#FF4E45"
"1100",0.536731786731787,2,NA,"#FFFFFF"
"0111",0.0537430705028471,3,NA,"#FFFFFF"
"1011",60.7445422815364,3,NA,"#FF6A62"
"1101",0.37507659458879,3,NA,"#FFFFFF"
"1110",31.6903249864144,3,NA,"#FFB1AD"
"1111",59.0808262153132,4,NA,"#FF6D66"
