p69,x000,1,0,TEM,growth,SAM
p69,x001,2,-0.06179906308476096,TEM,growth,SAM
p69,x010,2,1.171685992003467,TEM,growth,SAM
p69,x011,3,1.4203648547542826,TEM,growth,SAM
p69,x100,2,-0.06160551643484008,TEM,growth,SAM
p69,x101,3,0.021990768602926383,TEM,growth,SAM
p69,x110,3,1.4167256373997525,TEM,growth,SAM
p69,x111,4,1.497661956927356,TEM,growth,SAM
p104,0x00,1,0,TEM,growth,SAM
p104,0x01,2,-0.1336617118439336,TEM,growth,SAM
p104,0x10,2,-0.32188228399644153,TEM,growth,SAM
p104,0x11,3,-0.11727129565576427,TEM,growth,SAM
p104,1x00,2,-0.06160551643484008,TEM,growth,SAM
p104,1x01,3,-0.04987188015624627,TEM,growth,SAM
p104,1x10,3,-0.07684263860015607,TEM,growth,SAM
p104,1x11,4,-0.03997419348269085,TEM,growth,SAM
p238,00x0,1,0,TEM,growth,SAM
p238,00x1,2,-0.2813970218487565,TEM,growth,SAM
p238,01x0,2,-0.3218822839964415,TEM,growth,SAM
p238,01x1,3,-0.2650066056605871,TEM,growth,SAM
p238,10x0,2,1.1716859920034672,TEM,growth,SAM
p238,10x1,3,1.200766895990287,TEM,growth,SAM
p238,11x0,3,1.1564488698381512,TEM,growth,SAM
p238,11x1,4,1.2106645826638425,TEM,growth,SAM
p276,000x,1,0,TEM,growth,SAM
p276,001x,2,-0.2813970218487565,TEM,growth,SAM
p276,010x,2,-0.1336617118439336,TEM,growth,SAM
p276,011x,3,-0.07678603350807925,TEM,growth,SAM
p276,100x,2,-0.06179906308476096,TEM,growth,SAM
p276,101x,3,-0.032718159097941,TEM,growth,SAM
p276,110x,3,-0.05006542680616716,TEM,growth,SAM
p276,111x,4,0.004150286019524219,TEM,growth,SAM
