genotype,avg,pos,mutations,likely,enzyme_name,measure_type,cond
x000,0.31806333496276157,p69,1,FALSE,TEM,growth,SAM
0x00,0.5774917998372253,p104,1,FALSE,TEM,growth,SAM
00x0,-1.747146969020107,p238,1,FALSE,TEM,growth,SAM
000x,0.6541765418779605,p276,1,TRUE,TEM,growth,SAM
xx00,-0.270242683838313,p69|p104,2,FALSE,TEM,growth,SAM
x0x0,1.8588359140597532,p69|p238,2,FALSE,TEM,growth,SAM
x00x,-0.2811583847177536,p69|p276,2,TRUE,TEM,growth,SAM
0xx0,-0.6262248481611936,p104|p238,2,FALSE,TEM,growth,SAM
0x0x,-0.6741611398095279,p104|p276,2,FALSE,TEM,growth,SAM
00xx,-0.6921857248101555,p238|p276,2,FALSE,TEM,growth,SAM
xxx0,0.5385583108720151,p69|p104|p238,3,FALSE,TEM,growth,SAM
xx0x,0.799682172654733,p69|p104|p276,3,TRUE,TEM,growth,SAM
x0xx,0.8980154594094585,p69|p238|p276,3,FALSE,TEM,growth,SAM
0xxx,0.7228941881334962,p104|p238|p276,3,FALSE,TEM,growth,SAM
xxxx,-0.5025667037226337,p69|p104|p238|p276,4,TRUE,TEM,growth,SAM
