genotype,avg,pos,mutations,likely,enzyme_name,measure_type,cond
x000,0.06818586174616162,p69,1,FALSE,TEM,growth,SAM
0x00,0.11727129565576427,p104,1,FALSE,TEM,growth,SAM
00x0,-1.1499667423102309,p238,1,FALSE,TEM,growth,SAM
000x,0.13033376849500614,p276,1,TRUE,TEM,growth,SAM
xx00,-0.06160551643484008,p69|p104,2,FALSE,TEM,growth,SAM
x0x0,1.171685992003467,p69|p238,2,FALSE,TEM,growth,SAM
x00x,-0.06179906308476096,p69|p276,2,TRUE,TEM,growth,SAM
0xx0,-0.32188228399644153,p104|p238,2,FALSE,TEM,growth,SAM
0x0x,-0.1336617118439336,p104|p276,2,FALSE,TEM,growth,SAM
00xx,-0.2813970218487565,p238|p276,2,FALSE,TEM,growth,SAM
xxx0,0.3066451618311256,p69|p104|p238,3,FALSE,TEM,growth,SAM
xx0x,0.1453953481225274,p69|p104|p276,3,TRUE,TEM,growth,SAM
x0xx,0.31047792583557676,p69|p238|p276,3,FALSE,TEM,growth,SAM
0xxx,0.33827270018461086,p104|p238|p276,3,FALSE,TEM,growth,SAM
xxxx,-0.31313789134573966,p69|p104|p238|p276,4,TRUE,TEM,growth,SAM
