MAE,Last MAE,Step,Enzyme,Linear MAE,Linear Last MAE
0.20749144575213915,0.15097268615382564,1,TEM,0.14632101270804906,0.13763717781388962
0.10967562646186806,0.36662128360464585,2,TEM,0.08342069634304203,0.14582126598305045
0.06384796601128732,1.0215674561805967,3,TEM,0.06398368288433304,0.06398368288433298
