"id","effect","muts","cv","colors"
"0000",1,0,NA,"#FFE2E1"
"0001",1,1,NA,"#FFE2E1"
"0010",1,1,NA,"#FFE2E1"
"0100",1,1,NA,"#FFE2E1"
"1000",1,1,NA,"#FFE2E1"
"0011",6.16309163486424,2,NA,"#FF4E45"
"0101",1.14443987885982,2,NA,"#FFDFDD"
"0110",0.138055222088836,2,NA,"#FFFBFB"
"1001",2.02221505817532,2,NA,"#FFC6C3"
"1010",1.62685161400805,2,NA,"#FFD0CE"
"1100",0.108922753963303,2,NA,"#FFFBFB"
"0111",0.485724249492199,3,NA,"#FFF0F0"
"1011",0.00507011175625898,3,NA,"#FFFBFB"
"1101",2.16179533891178,3,NA,"#FFF0F0"
"1110",0.0924617869773247,3,NA,"#FFFFFF"
"1111",5955.47794986403,4,NA,"#FFE2E1"
