"genotype","predicted effect"
"MEGN",-0.0639836828843329
"LEGN",-0.0750495360293039
"MKGN",0.53522607312306
"MESN",0.705107697051939
"MEGD",-0.321367198479684
"LKGN",-0.0336799698917205
"LESN",0.584909079120211
"LEGD",-0.249668923018675
"MKSN",0.625392340373025
"MKGD",0.329112024114648
"MESD",0.644801303745285
"LKSN",0.273093004280318
"LKGD",0.283343632096995
"LESD",0.332042229595974
"MKSD",0.780267669166638
"LKSD",0.675781399247495
