"genotype","predicted effect"
"MEGN",-0.235874999999999
"LEGN",0.0728750000000004
"MKGN",1.401875
"MESN",2.244875
"MEGD",-0.114125
"LKGN",-0.192875
"LESN",1.820125
"LEGD",-0.442875
"MKSN",2.079125
"MKGD",0.640125
"MESD",2.212125
"LKSN",0.603875
"LKGD",0.626875
"LESD",0.743875
"MKSD",2.736875
"LKSD",2.437125
