genotype,avg,pos,mutations
x000,-0.1390633792999063,p69,1
x001,0.19935037969878563,p69,1
x010,0.00786074820804239,p69,1
x011,-0.44124917173169886,p69,1
x100,-0.4419079333737289,p69,1
x101,-0.17258886521961067,p69,1
x110,-0.47979384458098917,p69,1
x111,0.023569000815292673,p69,1
0x00,0.4712917110589386,p104,1
0x01,0.7777997372265312,p104,1
0x10,0.04783474861952064,p104,1
0x11,0.007582443500086522,p104,1
1x00,0.16844715698511598,p104,1
1x01,0.40586049230813487,p104,1
1x10,-0.4398198441695109,p104,1
1x11,0.47240061604707806,p104,1
00x0,0.6414741105040995,p238,1
00x1,1.093523684101578,p238,1
01x0,0.2180171480646816,p238,1
01x1,0.3233063903751335,p238,1
10x0,0.7883982380120482,p238,1
10x1,0.45292413267109366,p238,1
11x0,0.1801312368574213,p238,1
11x1,0.5194642564100368,p238,1
000x,-0.3851027839668654,p276,1
001x,0.06694678963061318,p276,1
010x,-0.07859475779927283,p276,1
011x,0.026694484511179062,p276,1
100x,-0.04668902496817348,p276,1
101x,-0.3821631303091281,p276,1
110x,0.1907243103548454,p276,1
111x,0.5300573299074609,p276,1
xx00,-0.3028445540738226,p69|p104,2
xx01,-0.3719392449183963,p69|p104,2
xx10,-0.48765459278903156,p69|p104,2
xx11,0.46481817254699154,p69|p104,2
x0x0,0.1469241275079487,p69|p238,2
x0x1,-0.6405995514304845,p69|p238,2
x1x0,-0.03788591120726026,p69|p238,2
x1x1,0.19615786603490334,p69|p238,2
x00x,0.33841375899869197,p69|p276,2
x01x,-0.44910991993974125,p69|p276,2
x10x,0.2693190681541182,p69|p276,2
x11x,0.5033628453962818,p69|p276,2
0xx0,-0.42345696243941794,p104|p238,2
0xx1,-0.7702172937264447,p104|p238,2
1xx0,-0.608267001154627,p104|p238,2
1xx1,0.06654012373894319,p104|p238,2
0x0x,0.3065080261675926,p104|p276,2
0x1x,-0.04025230511943412,p104|p276,2
1x0x,0.2374133353230189,p104|p276,2
1x1x,0.912220460216589,p104|p276,2
00xx,0.45204957359747855,p238|p276,2
01xx,0.10528924231045189,p238|p276,2
10xx,-0.33547410534095456,p238|p276,2
11xx,0.3393330195526155,p238|p276,2
xxx0,-0.18481003871520896,p69|p104|p238,3
xxx1,0.8367574174653878,p69|p104|p238,3
xx0x,-0.0690946908445737,p69|p104|p276,3
xx1x,0.9524727653360231,p69|p104|p276,3
x0xx,-0.7875236789384332,p69|p238|p276,3
x1xx,0.2340437772421636,p69|p238|p276,3
0xxx,-0.3467603312870267,p104|p238|p276,3
1xxx,0.6748071248935701,p104|p238|p276,3
xxxx,1.0215674561805967,p69|p104|p238|p276,4
