pos,mutations,idiosync
p69,Order 1,1.7942682547545015
p104,Order 1,2.25178836731647
p238,Order 1,1.6988688575864075
p276,Order 1,2.156422464792063
p69|p104,Order 2,3.5079571197141752
p69|p238,Order 2,2.4377316017032906
p69|p276,Order 2,3.399425754498103
p104|p238,Order 2,3.0039581473513715
p104|p276,Order 2,3.825875670933491
p238|p276,Order 2,2.8764729892057574
p69|p104|p238,Order 3,5.338538282258902
p69|p104|p276,Order 3,5.338538282258903
p69|p238|p276,Order 3,5.338538282258902
p104|p238|p276,Order 3,5.338538282258903
