pos,mutations,idiosync
p69,Order 1,0.5065800508087521
p104,Order 1,0.7492682697795415
p238,Order 1,0.6165367342996428
p276,Order 1,0.5973646136232191
p69|p104,Order 2,0.86583144523607
p69|p238,Order 2,0.7691933986907404
p69|p276,Order 2,0.8426736995225828
p104|p238,Order 2,0.7248563423148201
p104|p276,Order 2,0.8024071262592846
p238|p276,Order 2,0.6970305511966559
p69|p104|p238,Order 3,1.4447145514095823
p69|p104|p276,Order 3,1.4447145514095825
p69|p238|p276,Order 3,1.4447145514095825
p104|p238|p276,Order 3,1.4447145514095825
