"model_order","R2","(Adjusted)","Delta R2"
"order1","0.72266810809501","0.621820147402287","0.72266810809501"
"order2","0.918346758702659","0.755040276107977","0.195678650607649"
"order3","0.967814846883932","0.517222703258979","0.0494680881812729"
