"id","effect","muts","cv","colors","enz"
"0000",0,0,NA,"#FFFFFF","TEM"
"0001",-0.349692476868064,1,NA,"#E4F9FF","TEM"
"0010",2.00860017176192,1,NA,"#FF7871","TEM"
"0100",1.16731733474818,1,NA,"#FFB1AD","TEM"
"1000",-0.16304326294045,1,NA,"#F3FCFF","TEM"
"0011",2.44870631990508,2,NA,"#FF5C53","TEM"
"0101",0.876217840591642,2,NA,"#FFC6C3","TEM"
"0110",2.31597034545692,2,NA,"#FF665F","TEM"
"1001",-0.20690839982342,2,NA,"#F0FBFF","TEM"
"1010",2.05690485133647,2,NA,"#FF7871","TEM"
"1100",0.0413926851582251,2,NA,"#FFFBFB","TEM"
"0111",2.50105926221775,3,NA,"#FF5850","TEM"
"1011",0.507855871695831,3,NA,"#FFDFDD","TEM"
"1101",0.390935107103379,3,NA,"#FFE6E4","TEM"
"1110",0.367355921026019,3,NA,"#FFE6E4","TEM"
"1111",2.6730209071289,4,NA,"#FF4E45","TEM"
