"id","effect","muts","cv","colors","enz"
"0000",0,0,NA,"#FFFFFF","TEM"
"0001",-0.385102783966865,1,NA,"#9EEAFF","TEM"
"0010",0.6414741105041,1,NA,"#FF665F","TEM"
"0100",0.471291711058939,1,NA,"#FF8D87","TEM"
"1000",-0.139063379299906,1,NA,"#DDF7FF","TEM"
"0011",0.708420900134713,2,NA,"#FF554C","TEM"
"0101",0.392696953259666,2,NA,"#FF9F9A","TEM"
"0110",0.68930885912362,2,NA,"#FF5850","TEM"
"1001",-0.18575240426808,2,NA,"#CEF4FF","TEM"
"1010",0.649334858712142,2,NA,"#FF635B","TEM"
"1100",0.0293837776852097,2,NA,"#FFF7F7","TEM"
"0111",0.716003343634799,3,NA,"#FF554C","TEM"
"1011",0.267171728403014,3,NA,"#FFBFBC","TEM"
"1101",0.220108088040055,3,NA,"#FFC9C7","TEM"
"1110",0.209515014542631,3,NA,"#FFCDCA","TEM"
"1111",0.739572344450092,4,NA,"#FF4E45","TEM"
