"indices","effect"
"INTERCEPT",1.039625
"69",-0.662
"104",0.504
"238",1.64025
"276",0.13075
"69|104",-0.18375
"69|238",-0.255
"69|276",0.1345
"104|238",-0.295
"104|276",0.5065
"238|276",0.21475
"69|104|238",0.21325
"69|104|276",0.55475
"69|238|276",-0.1015
"104|238|276",0.3935
