"indices","effect"
"INTERCEPT",0.314082946350742
"69",-0.180473163851161
"104",0.238968150426131
"238",0.527182787943737
"276",-0.00958785858431489
"69|104",-0.0873918464099104
"69|238",-0.0419626606720617
"69|276",0.082644298694886
"104|238",-0.217049624537614
"104|276",0.176706177769588
"238|276",0.0706854788167898
"69|104|238",0.0814348679272075
"69|104|276",0.110093380597787
"69|238|276",-0.0688311462058909
"104|238|276",0.0409780638783318
