"indices","sign","effect"
"238|276",0,0.452049573597479
"104|276",0,0.306508026167593
"104|238",0,-0.423456962439418
"69|276",0,0.338413758998692
"69|104",0,-0.302844554073823
"69|104|276",1,0.272982540247888
"69|104|238",0,-0.764187427720501
