p69,x000,1,0,TEM,growth,CPD
p69,x001,2,0.30582733998509326,TEM,growth,CPD
p69,x010,2,0.21134794251500474,TEM,growth,CPD
p69,x011,3,-1.7778071852687996,TEM,growth,CPD
p69,x100,2,-0.9628813866495013,TEM,growth,CPD
p69,x101,3,-0.32223947054781354,TEM,growth,CPD
p69,x110,3,-1.7855711614904495,TEM,growth,CPD
p69,x111,4,0.3350049078515941,TEM,growth,CPD
p104,0x00,1,0,TEM,growth,CPD
p104,0x01,2,0.058592982711529684,TEM,growth,CPD
p104,0x10,2,-0.8599471610531757,TEM,growth,CPD
p104,0x11,3,-1.1149643924355042,TEM,growth,CPD
p104,1x00,2,-0.9628813866495014,TEM,growth,CPD
p104,1x01,3,-0.569473827821377,TEM,growth,CPD
p104,1x10,3,-2.85686626505863,TEM,growth,CPD
p104,1x11,4,0.9978477006848894,TEM,growth,CPD
p238,00x0,1,0,TEM,growth,CPD
p238,00x1,2,0.7897986250112257,TEM,growth,CPD
p238,01x0,2,-0.8599471610531757,TEM,growth,CPD
p238,01x1,3,-0.38375875013580796,TEM,growth,CPD
p238,10x0,2,0.21134794251500466,TEM,growth,CPD
p238,10x1,3,-1.2938359002426667,TEM,growth,CPD
p238,11x0,3,-1.6826369358941236,TEM,growth,CPD
p238,11x1,4,0.27348562826359935,TEM,growth,CPD
p276,000x,1,0,TEM,growth,CPD
p276,001x,2,0.7897986250112259,TEM,growth,CPD
p276,010x,2,0.05859298271152974,TEM,growth,CPD
p276,011x,3,0.5347813936288974,TEM,growth,CPD
p276,100x,2,0.30582733998509326,TEM,growth,CPD
p276,101x,3,-1.1993565027725783,TEM,growth,CPD
p276,110x,3,0.6992348988132175,TEM,growth,CPD
p276,111x,4,2.6553574629709407,TEM,growth,CPD
