p69,x000,1,0,TEM,growth,CPD
p69,x001,2,0.33841375899869197,TEM,growth,CPD
p69,x010,2,0.1469241275079487,TEM,growth,CPD
p69,x011,3,-0.30218579243179255,TEM,growth,CPD
p69,x100,2,-0.3028445540738226,TEM,growth,CPD
p69,x101,3,-0.03352548591970436,TEM,growth,CPD
p69,x110,3,-0.34073046528108286,TEM,growth,CPD
p69,x111,4,0.16263238011519898,TEM,growth,CPD
p104,0x00,1,0,TEM,growth,CPD
p104,0x01,2,0.3065080261675926,TEM,growth,CPD
p104,0x10,2,-0.42345696243941794,TEM,growth,CPD
p104,0x11,3,-0.46370926755885206,TEM,growth,CPD
p104,1x00,2,-0.3028445540738226,TEM,growth,CPD
p104,1x01,3,-0.06543121875080371,TEM,growth,CPD
p104,1x10,3,-0.9111115552284494,TEM,growth,CPD
p104,1x11,4,0.0011089049881394808,TEM,growth,CPD
p238,00x0,1,0,TEM,growth,CPD
p238,00x1,2,0.45204957359747855,TEM,growth,CPD
p238,01x0,2,-0.42345696243941794,TEM,growth,CPD
p238,01x1,3,-0.31816772012896605,TEM,growth,CPD
p238,10x0,2,0.1469241275079487,TEM,growth,CPD
p238,10x1,3,-0.18854997783300587,TEM,growth,CPD
p238,11x0,3,-0.46134287364667825,TEM,growth,CPD
p238,11x1,4,-0.12200985409406273,TEM,growth,CPD
p276,000x,1,0,TEM,growth,CPD
p276,001x,2,0.4520495735974786,TEM,growth,CPD
p276,010x,2,0.3065080261675926,TEM,growth,CPD
p276,011x,3,0.4117972684780445,TEM,growth,CPD
p276,100x,2,0.33841375899869197,TEM,growth,CPD
p276,101x,3,0.002939653657737351,TEM,growth,CPD
p276,110x,3,0.5758270943217109,TEM,growth,CPD
p276,111x,4,0.9151601138743264,TEM,growth,CPD
