genotype,avg,pos,mutations,likely,enzyme_name,measure_type,cond
x000,-0.16304326294044955,p69,1,FALSE,TEM,growth,CPD
0x00,1.167317334748176,p104,1,FALSE,TEM,growth,CPD
00x0,2.0086001717619175,p238,1,TRUE,TEM,growth,CPD
000x,-0.34969247686806354,p276,1,FALSE,TEM,growth,CPD
xx00,-0.9628813866495013,p69|p104,2,FALSE,TEM,growth,CPD
x0x0,0.21134794251500474,p69|p238,2,FALSE,TEM,growth,CPD
x00x,0.30582733998509326,p69|p276,2,FALSE,TEM,growth,CPD
0xx0,-0.8599471610531757,p104|p238,2,FALSE,TEM,growth,CPD
0x0x,0.058592982711529684,p104|p276,2,FALSE,TEM,growth,CPD
00xx,0.7897986250112257,p238|p276,2,TRUE,TEM,growth,CPD
xxx0,-1.034037717355953,p69|p104|p238,3,FALSE,TEM,growth,CPD
xx0x,0.3348145761165945,p69|p104|p276,3,FALSE,TEM,growth,CPD
x0xx,-2.2949824677688975,p69|p238|p276,3,FALSE,TEM,growth,CPD
0xxx,-0.31361021409385814,p104|p238|p276,3,TRUE,TEM,growth,CPD
xxxx,3.774916621009253,p69|p104|p238|p276,4,TRUE,TEM,growth,CPD
