genotype,avg,pos,mutations,likely,enzyme_name,measure_type,cond
x000,-0.1390633792999063,p69,1,FALSE,TEM,growth,CPD
0x00,0.4712917110589386,p104,1,FALSE,TEM,growth,CPD
00x0,0.6414741105040995,p238,1,TRUE,TEM,growth,CPD
000x,-0.3851027839668654,p276,1,FALSE,TEM,growth,CPD
xx00,-0.3028445540738226,p69|p104,2,FALSE,TEM,growth,CPD
x0x0,0.1469241275079487,p69|p238,2,FALSE,TEM,growth,CPD
x00x,0.33841375899869197,p69|p276,2,FALSE,TEM,growth,CPD
0xx0,-0.42345696243941794,p104|p238,2,FALSE,TEM,growth,CPD
0x0x,0.3065080261675926,p104|p276,2,FALSE,TEM,growth,CPD
00xx,0.45204957359747855,p238|p276,2,TRUE,TEM,growth,CPD
xxx0,-0.18481003871520896,p69|p104|p238,3,FALSE,TEM,growth,CPD
xx0x,-0.0690946908445737,p69|p104|p276,3,FALSE,TEM,growth,CPD
x0xx,-0.7875236789384332,p69|p238|p276,3,FALSE,TEM,growth,CPD
0xxx,-0.3467603312870267,p104|p238|p276,3,TRUE,TEM,growth,CPD
xxxx,1.0215674561805967,p69|p104|p238|p276,4,TRUE,TEM,growth,CPD
