MAE,Last MAE,Step,Enzyme,Linear MAE,Linear Last MAE
0.5054242897755108,0.54105639365071,1,PTE,0.31802140186932254,0.40659819412584675
0.38138612162984525,1.1555550637685923,2,PTE,0.19911457056886062,0.47681498299395964
0.1446790996800822,0.32104198184123867,3,PTE,0.10397352351544835,0.17877288066135621
0.10224956310376268,1.8185710234313315,4,PTE,0.05430998332852919,0.022578608522561883
0.006838004134608774,0.4376322646149524,5,PTE,0.006839733584413936,0.006839733584414365
