"model_order","R2","(Adjusted)","Delta R2"
"order1","0.857497145840225","0.842496845402354","0.857497145840225"
"order2","0.949162437475081","0.923743656212621","0.0916652916348558"
"order3","0.985897900837767","0.959616716035423","0.0367354633626858"
"order4","0.996206996503418","0.965862968530765","0.0103090956656514"
"order5","0.999958579699334","0.99739052105807","0.0037515831959164"
