MAE,Last MAE,Step,Enzyme,Linear MAE,Linear Last MAE
0.5520533567187151,3.608145490858417,1,DHFR,0.585853529364098,1.6053007656066387
0.5716975710975053,3.9993392674754813,2,DHFR,0.25383453131589495,0.042254598042171576
0.10148524443896213,0.14310466359254548,3,DHFR,0.12584772613948356,0.3140157461546367
0.08072420413760428,2.583174532403336,4,DHFR,0.08076378963285172,0.08076378963285213
