pos,mutations,idiosync
p21,Order 1,2.661189951510542
p26,Order 1,1.1661614816739732
p28,Order 1,1.0420894848222249
p30,Order 1,2.394759621201679
p94,Order 1,1.9508089549234147
p21|p26,Order 2,1.3168500383627615
p21|p28,Order 2,1.212118131605412
p21|p30,Order 2,2.305191927959088
p21|p94,Order 2,2.1811641112441964
p26|p28,Order 2,1.1079599301245373
p26|p30,Order 2,1.312147109014358
p26|p94,Order 2,1.1070688483533992
p28|p30,Order 2,1.4981631380770761
p28|p94,Order 2,1.4540337075331629
p30|p94,Order 2,2.3419405959369968
p21|p26|p28,Order 3,1.5957742695125408
p21|p26|p30,Order 3,1.6290895054830863
p21|p26|p94,Order 3,1.5612874868951188
p21|p28|p30,Order 3,2.327374546529897
p21|p28|p94,Order 3,2.280429406865162
p21|p30|p94,Order 3,2.303865312324538
p26|p28|p30,Order 3,2.143627413912124
p26|p28|p94,Order 3,2.092564094486888
p26|p30|p94,Order 3,2.118079693300649
p28|p30|p94,Order 3,2.6923969339851603
p21|p26|p28|p30,Order 4,3.6531604577015755
p21|p26|p28|p94,Order 4,3.6531604577015755
p21|p26|p30|p94,Order 4,3.6531604577015755
p21|p28|p30|p94,Order 4,3.6531604577015746
p26|p28|p30|p94,Order 4,3.6531604577015755
