"model_order","R2","(Adjusted)","Delta R2"
"order1","0.56926690524146","0.486433617787895","0.56926690524146"
"order2","0.919441983401829","0.843918842841043","0.350175078160369"
"order3","0.980389834000363","0.898680809001875","0.0609478505985338"
"order4","0.994351680097719","0.824902083029296","0.0139618460973563"
