"id","effect","muts","cv","colors","enz"
"00000",0,0,NA,"#FFFFFF","DHFR"
"00001",-0.0783135245163979,1,NA,"#FBFEFF","DHFR"
"00010",-0.0310503190186574,1,NA,"#FFFFFF","DHFR"
"00100",-0.0141246426916063,1,NA,"#FFFFFF","DHFR"
"01000",-0.087246696328677,1,NA,"#FBFEFF","DHFR"
"10000",-0.0381045263321496,1,NA,"#FFFFFF","DHFR"
"00011",-0.0540392964224314,2,NA,"#FBFEFF","DHFR"
"00101",-0.0589857562944303,2,NA,"#FBFEFF","DHFR"
"00110",0.00860017176191757,2,NA,"#FFFFFF","DHFR"
"01001",-0.0814454694497265,2,NA,"#FBFEFF","DHFR"
"01010",-0.0177287669604316,2,NA,"#FFFFFF","DHFR"
"01100",-0.0282604091122217,2,NA,"#FFFFFF","DHFR"
"10001",-0.0136762229492347,2,NA,"#FFFFFF","DHFR"
"10010",-0.181774106386044,2,NA,"#F7FDFF","DHFR"
"10100",-0.0985416786038876,2,NA,"#FBFEFF","DHFR"
"11000",-0.0783135245163979,2,NA,"#FBFEFF","DHFR"
"00111",-0.0141246426916063,3,NA,"#FFFFFF","DHFR"
"01011",-0.0899094544059319,3,NA,"#FBFEFF","DHFR"
"01101",-0.0277971616209356,3,NA,"#FFFFFF","DHFR"
"01110",-0.00130484168834428,3,NA,"#FFFFFF","DHFR"
"10011",-2.08301995267962,3,NA,"#9AE9FF","DHFR"
"10101",-0.299296282854981,3,NA,"#F0FBFF","DHFR"
"10110",-0.767003889607846,3,NA,"#D9F7FF","DHFR"
"11001",-0.0649968485463452,3,NA,"#FBFEFF","DHFR"
"11010",-0.649751981665837,3,NA,"#E1F8FF","DHFR"
"11100",-0.178486471595227,3,NA,"#F7FDFF","DHFR"
"01111",-0.148130399270234,4,NA,"#F7FDFF","DHFR"
"10111",-2.73754891026957,4,NA,"#7CE3FF","DHFR"
"11011",-3.64016451766011,4,NA,"#50D9FF","DHFR"
"11101",-1.52143350440616,4,NA,"#B4EFFF","DHFR"
"11110",-2.21324857785444,4,NA,"#93E7FF","DHFR"
"11111",-3.85698519974591,5,NA,"#45D7FF","DHFR"
