"indices","effect"
"INTERCEPT",-0.598289626065122
"21",-1.10593254524544
"26",-0.388696056009173
"28",-0.298042164072082
"30",-0.863007574347177
"94",-0.649476225413828
"21|26",-0.358865282905334
"21|28",-0.317467774951192
"21|30",-0.86650877665834
"21|94",-0.601857018059607
"26|28",-0.110110525179278
"26|30",-0.20547497540877
"26|94",-0.122378427120795
"28|30",-0.0749682651480041
"28|94",-0.0218070588908696
"30|94",-0.446654230806745
"21|26|28",-0.108546311535646
"21|26|30",-0.193864115811083
"21|26|94",-0.116799533587019
"21|28|30",-0.0650690687730273
"21|28|94",-0.0160675468292889
"21|30|94",-0.428286963908517
"26|28|30",0.02767308876722
"26|28|94",0.010597349833697
"26|30|94",0.00549374992071935
"28|30|94",0.17232866352933
"21|26|28|30",0.0561362851966992
"21|26|28|94",0.0250295607820983
"21|26|30|94",0.0434747417725405
"21|28|30|94",0.18490601162772
"26|28|30|94",0.156957313664511
