genotype,avg,pos,mutations,likely,enzyme_name,measure_type,cond
x0000,-0.0381045263321496,p21,1,FALSE,DHFR,kcat,trajg
0x000,-0.08724669632867703,p26,1,FALSE,DHFR,kcat,trajg
00x00,-0.014124642691606345,p28,1,TRUE,DHFR,kcat,trajg
000x0,-0.031050319018657353,p30,1,FALSE,DHFR,kcat,trajg
0000x,-0.07831352451639793,p94,1,FALSE,DHFR,kcat,trajg
xx000,0.047037698144428694,p21|p26,2,FALSE,DHFR,kcat,trajg
x0x00,-0.04631250958013168,p21|p28,2,FALSE,DHFR,kcat,trajg
x00x0,-0.11261926103523755,p21|p30,2,FALSE,DHFR,kcat,trajg
x000x,0.10274182789931284,p21|p94,2,FALSE,DHFR,kcat,trajg
0xx00,0.07311092990806166,p26|p28,2,FALSE,DHFR,kcat,trajg
0x0x0,0.10056824838690279,p26|p30,2,FALSE,DHFR,kcat,trajg
0x00x,0.08411475139534849,p26|p94,2,FALSE,DHFR,kcat,trajg
00xx0,0.05377513347218127,p28|p30,2,TRUE,DHFR,kcat,trajg
00x0x,0.03345241091357401,p28|p94,2,FALSE,DHFR,kcat,trajg
000xx,0.05532454711262388,p30|p94,2,FALSE,DHFR,kcat,trajg
xxx00,-0.11284672471515254,p21|p26|p28,3,FALSE,DHFR,kcat,trajg
xx0x0,-0.5283371254824472,p21|p26|p30,3,FALSE,DHFR,kcat,trajg
xx00x,-0.09522637880821071,p21|p26|p94,3,FALSE,DHFR,kcat,trajg
x0xx0,-0.5785677644222449,p21|p28|p30,3,FALSE,DHFR,kcat,trajg
x0x0x,-0.258635318547582,p21|p28|p94,3,FALSE,DHFR,kcat,trajg
x00xx,-1.9809986967891118,p21|p30|p94,3,FALSE,DHFR,kcat,trajg
0xxx0,-0.09633749541654926,p26|p28|p30,3,FALSE,DHFR,kcat,trajg
0xx0x,-0.03879039030123842,p26|p28|p94,3,FALSE,DHFR,kcat,trajg
0x0xx,-0.1333064614370747,p26|p30|p94,3,FALSE,DHFR,kcat,trajg
00xxx,-0.03318824796332387,p28|p30|p94,3,FALSE,DHFR,kcat,trajg
xxxx0,-0.8421935227431598,p21|p26|p28|p30,4,FALSE,DHFR,kcat,trajg
xxx0x,-1.0922904108457363,p21|p26|p28|p94,4,FALSE,DHFR,kcat,trajg
xx0xx,-0.9447486008507648,p21|p26|p30|p94,4,FALSE,DHFR,kcat,trajg
x0xxx,0.1890719812291804,p21|p28|p30|p94,4,FALSE,DHFR,kcat,trajg
0xxxx,-0.03611864278540092,p26|p28|p30|p94,4,FALSE,DHFR,kcat,trajg
xxxxx,2.5831745324033357,p21|p26|p28|p30|p94,5,FALSE,DHFR,kcat,trajg
