"model_order","R2","(Adjusted)","Delta R2"
"order1","0.80018249303568","0.727521581412291","0.80018249303568"
"order2","0.939032042944654","0.817096128833961","0.138849549908974"
"order3","0.99870963233638","0.980644485045703","0.0596775893917262"
