"id","effect","muts","cv","colors","enz"
"0000",0,0,NA,"#FFFFFF","TEM"
"0001",0.227886704613674,1,NA,"#FFF0F0","TEM"
"0010",-0.2518119729938,1,NA,"#ECFBFF","TEM"
"0100",0.359835482339888,1,NA,"#FFE6E4","TEM"
"1000",0.0293837776852097,1,NA,"#FFFBFB","TEM"
"0011",-2.53760200210104,2,NA,"#48D7FF","TEM"
"0101",0.630427875025024,2,NA,"#FFD4D2","TEM"
"0110",-0.151195298948196,2,NA,"#F3FCFF","TEM"
"1001",-0.1791420105603,2,NA,"#F3FCFF","TEM"
"1010",-2.50723961097316,2,NA,"#4CD8FF","TEM"
"1100",-0.226213555018806,2,NA,"#F0FBFF","TEM"
"0111",-2.53610701101409,3,NA,"#48D7FF","TEM"
"1011",-2.58670023591875,3,NA,"#45D7FF","TEM"
"1101",0.0606978403536116,3,NA,"#FFFBFB","TEM"
"1110",-2.07007043991541,3,NA,"#6ADFFF","TEM"
"1111",-2.50863830616573,4,NA,"#4CD8FF","TEM"
