MAE,Last MAE,Step,Enzyme,Linear MAE,Linear Last MAE
1.4796731699329708,3.1163873377134057,1,DHFR,0.7688712594050767,0.35910750471478936
1.4859703668888906,6.087532243273275,2,DHFR,0.585461817392264,0.4801202438567189
1.1381694760149037,6.138905652397511,3,DHFR,0.4192010519412433,0.1779667330293675
0.44458457009408386,10.632138448425856,4,DHFR,0.2419078449976733,0.22939689139056973
0.11233024358077599,7.1891355891696485,5,DHFR,0.11233024358077535,0.11233024358077515
