MAE,Last MAE,Step,Enzyme,Linear MAE,Linear Last MAE
0.14126627465653058,0.08876277101444807,1,TEM,0.10939357441036697,0.1583294047916497
0.06939154431120972,0.04383992670151238,2,TEM,0.0880292127664146,0.18635134364949293
0.06391155347352069,1.0225848555763308,3,TEM,0.0638799253825914,0.06387992538259141
