"genotype","predicted effect"
"MEGN",-0.0638799253825914
"LEGN",0.11068580385589
"MKGN",0.296868362795144
"MESN",0.382691167552945
"MEGD",-0.0272734427449213
"LKGN",-0.0131649792764126
"LESN",0.216550800789282
"LEGD",0.00772772119439053
"MKSN",0.269178526994787
"MKGD",0.242366883542517
"MESD",0.367791498793966
"LKSN",0.109506189327401
"LKGD",0.11029295490834
"LESD",-0.0999222112000046
"MKSD",0.496359941268997
"LKSD",0.352638239107853
