genotype,avg,pos,mutations
x000,0.045322978786657475,p69,1
x001,0.1628611530949693,p69,1
x010,-0.03702996771503403,p69,1
x011,-0.5950396484522357,p69,1
x100,-0.18377808772197216,p69,1
x101,-0.2600283906599663,p69,1
x110,-0.28711548112894786,p69,1
x111,-0.01632878353612477,p69,1
0x00,0.23299611039215382,p104,1
0x01,0.3963305152354677,p104,1
0x10,0.014375124952843765,p104,1
0x11,0.0016055267154183595,p104,1
1x00,0.0038950438835241782,p104,1
1x01,-0.026559028519467884,p104,1
1x10,-0.23571038846107006,p104,1
1x11,0.5803163916315293,p104,1
00x0,0.31806333496276157,p238,1
00x1,0.5223429099478313,p238,1
01x0,0.09944234952345152,p238,1
01x1,0.12761792142778194,p238,1
10x0,0.23571038846107006,p238,1
10x1,-0.23555789159937363,p238,1
11x0,-0.0038950438835241782,p238,1
11x1,0.3713175285516235,p238,1
000x,-0.09097914578884395,p276,1
001x,0.1133004291962258,p276,1
010x,0.07235525905446996,p276,1
011x,0.10053083095880039,p276,1
100x,0.026559028519467884,p276,1
101x,-0.44470925154097585,p276,1
110x,-0.0038950438835241782,p276,1
111x,0.3713175285516235,p276,1
xx00,-0.22910106650862963,p69|p104,2
xx01,-0.4228895437549356,p69|p104,2
xx10,-0.25008551341391383,p69|p104,2
xx11,0.5787108649161109,p69|p104,2
x0x0,-0.0823529465016915,p69|p238,2
x0x1,-0.757900801547205,p69|p238,2
x1x0,-0.1033373934069757,p69|p238,2
x1x1,0.24369960712384153,p69|p238,2
x00x,0.11753817430831182,p69|p276,2
x01x,-0.5580096807372017,p69|p276,2
x10x,-0.07625030293799415,p69|p276,2
x11x,0.2707866975928231,p69|p276,2
0xx0,-0.21862098543931005,p104|p238,2
0xx1,-0.39472498852004934,p104|p238,2
1xx0,-0.23960543234459425,p104|p238,2
1xx1,0.6068754201509972,p104|p238,2
0x0x,0.16333440484331388,p104|p276,2
0x1x,-0.012769598237425406,p104|p276,2
1x0x,-0.030454072402992062,p104|p276,2
1x1x,0.8160267800925993,p104|p276,2
00xx,0.2042795749850697,p238|p276,2
01xx,0.028175571904330426,p238|p276,2
10xx,-0.4712682800604437,p238|p276,2
11xx,0.37521257243514766,p238|p276,2
xxx0,-0.0209844469052842,p69|p104|p238,3
xxx1,1.0016004086710466,p69|p104|p238,3
xx0x,-0.19378847724630596,p69|p104|p276,3
xx1x,0.8287963783300247,p69|p104|p276,3
x0xx,-0.6755478550455134,p69|p238|p276,3
x1xx,0.3470370005308172,p69|p238|p276,3
0xxx,-0.17610400308073929,p104|p238|p276,3
1xxx,0.8464808524955914,p104|p238|p276,3
xxxx,1.0225848555763308,p69|p104|p238|p276,4
