genotype,avg,pos,mutations
x000,0.11394335230683679,p69,1
x001,0.36673225049280017,p69,1
x010,-0.17463389365486182,p69,1
x011,-2.001776258025803,p69,1
x100,-0.5811563183662503,p69,1
x101,-0.9064436289995312,p69,1
x110,-1.035538325378989,p69,1
x111,-0.09691001300805624,p69,1
0x00,0.705007959333336,p104,1
0x01,1.2047886424984111,p104,1
0x10,0.07058107428570715,p104,1
0x11,0.004409118905055021,p104,1
1x00,0.009908288660249023,p104,1
1x01,-0.06838723699392045,p104,1
1x10,-0.79032335743842,p104,1
1x11,1.9092753639228017,p104,1
00x0,1.0755469613925308,p238,1
00x1,1.8779513832281443,p238,1
01x0,0.4411200763449019,p238,1
01x1,0.6775718596347884,p238,1
10x0,0.7869697154308322,p238,1
10x1,-0.4905571252904588,p238,1
11x0,-0.013261930667836833,p238,1
11x1,1.4871054756262634,p238,1
000x,-0.18775530319963074,p276,1
001x,0.6146491186359828,p276,1
010x,0.3120253799654442,p276,1
011x,0.5484771632553307,p276,1
100x,0.06503359498633264,p276,1
101x,-1.2124932457349584,p276,1
110x,-0.013261930667836833,p276,1
111x,1.4871054756262634,p276,1
xx00,-0.6950996706730871,p69|p104,2
xx01,-1.2731758794923314,p69|p104,2
xx10,-0.8609044317241271,p69|p104,2
xx11,1.9048662450177467,p69|p104,2
x0x0,-0.2885772459616986,p69|p238,2
x0x1,-2.368508508518603,p69|p238,2
x1x0,-0.4543820070127387,p69|p238,2
x1x1,0.809533615991475,p69|p238,2
x00x,0.2527888981859634,p69|p276,2
x01x,-1.8271423643709412,p69|p276,2
x10x,-0.325287310633281,p69|p276,2
x11x,0.9386283123709327,p69|p276,2
0xx0,-0.6344268850476289,p104|p238,2
0xx1,-1.200379523593356,p104|p238,2
1xx0,-0.800231646098669,p104|p238,2
1xx1,1.9776626009167222,p104|p238,2
0x0x,0.49978068316507507,p104|p276,2
0x1x,-0.06617195538065213,p104|p276,2
1x0x,-0.07829552565416947,p104|p276,2
1x1x,2.699598721361222,p104|p276,2
00xx,0.8024044218356134,p238|p276,2
01xx,0.23645178328988647,p238|p276,2
10xx,-1.277526840721291,p238|p276,2
11xx,1.5003674062941001,p238|p276,2
xxx0,-0.16580476105104003,p69|p104|p238,3
xxx1,3.1780421245100783,p69|p104|p238,3
xx0x,-0.5780762088192443,p69|p104|p276,3
xx1x,2.765770676741874,p69|p104|p276,3
x0xx,-2.0799312625569044,p69|p238|p276,3
x1xx,1.2639156230042137,p69|p238|p276,3
0xxx,-0.5659526385457272,p104|p238|p276,3
1xxx,2.777894247015391,p104|p238|p276,3
xxxx,3.3438468855611183,p69|p104|p238|p276,4
