pos,mutations,idiosync
p69,Order 1,0.4760956684250515
p104,Order 1,0.5278933559238954
p238,Order 1,0.4731066257735422
p276,Order 1,0.4599442244884859
p69|p104,Order 2,0.8963857959908792
p69|p238,Order 2,0.8396838359084591
p69|p276,Order 2,0.7203781883674693
p104|p238,Order 2,0.9049295684481452
p104|p276,Order 2,0.7954704984104687
p238|p276,Order 2,0.7309820537285039
p69|p104|p238,Order 3,1.4461533714333796
p69|p104|p276,Order 3,1.4461533714333794
p69|p238|p276,Order 3,1.4461533714333794
p104|p238|p276,Order 3,1.4461533714333794
