"model_order","R2","(Adjusted)","Delta R2"
"order1","0.488622522971725","0.302667076779625","0.488622522971725"
"order2","0.669385142182011","0.00815542654603285","0.180762619210286"
"order3","0.88338088043021","-0.749286793546848","0.213995738248199"
