"id","effect","muts","cv","colors","enz"
"0000",0,0,NA,"#FFFFFF","TEM"
"0001",-0.0909791457888439,1,NA,"#D6F6FF","TEM"
"0010",0.318063334962762,1,NA,"#FF7C75","TEM"
"0100",0.232996110392154,1,NA,"#FF9F9A","TEM"
"1000",0.0453229787866575,1,NA,"#FFEDEC","TEM"
"0011",0.431363764158987,2,NA,"#FF4E45","TEM"
"0101",0.305351369446624,2,NA,"#FF837C","TEM"
"0110",0.332438459915605,2,NA,"#FF7871","TEM"
"1001",0.0718820073061254,2,NA,"#FFE2E1","TEM"
"1010",0.281033367247728,2,NA,"#FF8D87","TEM"
"1100",0.0492180226701817,2,NA,"#FFE9E8","TEM"
"0111",0.432969290874406,3,NA,"#FF4E45","TEM"
"1011",-0.163675884293248,3,NA,"#B8EFFF","TEM"
"1101",0.0453229787866575,3,NA,"#FFEDEC","TEM"
"1110",0.0453229787866575,3,NA,"#FFEDEC","TEM"
"1111",0.416640507338281,4,NA,"#FF554C","TEM"
