"indices","effect"
"INTERCEPT",0.172401095720474
"69",-0.146223561764263
"104",0.121209338226209
"238",0.178896346717859
"276",0.0176932047768368
"69|104",-0.0401517658693029
"69|238",-0.088088467382278
"69|276",-0.0309034824482321
"104|238",-0.0310664280354964
"104|276",0.11712427496986
"238|276",0.0170419910497628
"69|104|238",0.122766775101579
"69|104|276",0.0793809946841373
"69|238|276",-0.0405021944827847
"104|238|276",0.0832972612308716
