"indices","sign","effect"
"238|276",0,0.20427957498507
"104|238",0,-0.21862098543931
"69|276",1,0.117538174308312
"69|238|276",1,-0.436083052253823
"69|104",0,-0.22910106650863
"69|104|238",0,-0.551059445354915
