"id","effect","muts","cv","colors"
"0000",1,0,NA,"#FF918B"
"0001",1,1,NA,"#FF918B"
"0010",1,1,NA,"#FF918B"
"0100",1,1,NA,"#FF918B"
"1000",1,1,NA,"#FF918B"
"0011",1.60058806791236,2,NA,"#FF4E45"
"0101",1.45658020925722,2,NA,"#FF5C53"
"0110",0.604475933423302,2,NA,"#FFBBB8"
"1001",1.31080525655125,2,NA,"#FF6D66"
"1010",0.827269577269577,2,NA,"#FFA29E"
"1100",0.590063747958485,2,NA,"#FFBFBC"
"0111",0.939483141443035,3,NA,"#FF9893"
"1011",0.366367505701661,3,NA,"#FFD8D6"
"1101",0.721079311513473,3,NA,"#FFADA9"
"1110",0.281151596941071,3,NA,"#FFDFDD"
"1111",0.815149429595532,4,NA,"#FFA6A2"
