p69,x000,1,0,TEM,growth,ZOX
p69,x001,2,0.11753817430831182,TEM,growth,ZOX
p69,x010,2,-0.0823529465016915,TEM,growth,ZOX
p69,x011,3,-0.6403626272388931,TEM,growth,ZOX
p69,x100,2,-0.22910106650862963,TEM,growth,ZOX
p69,x101,3,-0.3053513694466238,TEM,growth,ZOX
p69,x110,3,-0.33243845991560533,TEM,growth,ZOX
p69,x111,4,-0.061651762322782244,TEM,growth,ZOX
p104,0x00,1,0,TEM,growth,ZOX
p104,0x01,2,0.16333440484331388,TEM,growth,ZOX
p104,0x10,2,-0.21862098543931005,TEM,growth,ZOX
p104,0x11,3,-0.23139058367673546,TEM,growth,ZOX
p104,1x00,2,-0.22910106650862963,TEM,growth,ZOX
p104,1x01,3,-0.2595551389116217,TEM,growth,ZOX
p104,1x10,3,-0.4687064988532239,TEM,growth,ZOX
p104,1x11,4,0.3473202812393754,TEM,growth,ZOX
p238,00x0,1,0,TEM,growth,ZOX
p238,00x1,2,0.2042795749850697,TEM,growth,ZOX
p238,01x0,2,-0.21862098543931005,TEM,growth,ZOX
p238,01x1,3,-0.19044541353497962,TEM,growth,ZOX
p238,10x0,2,-0.0823529465016915,TEM,growth,ZOX
p238,10x1,3,-0.5536212265621352,TEM,growth,ZOX
p238,11x0,3,-0.32195837884628575,TEM,growth,ZOX
p238,11x1,4,0.05325419358886191,TEM,growth,ZOX
p276,000x,1,0,TEM,growth,ZOX
p276,001x,2,0.20427957498506974,TEM,growth,ZOX
p276,010x,2,0.1633344048433139,TEM,growth,ZOX
p276,011x,3,0.19150997674764433,TEM,growth,ZOX
p276,100x,2,0.11753817430831183,TEM,growth,ZOX
p276,101x,3,-0.35373010575213193,TEM,growth,ZOX
p276,110x,3,0.08708410190531976,TEM,growth,ZOX
p276,111x,4,0.4622966743404674,TEM,growth,ZOX
