p69,x000,1,0,TEM,growth,ZOX
p69,x001,2,0.2527888981859634,TEM,growth,ZOX
p69,x010,2,-0.2885772459616986,TEM,growth,ZOX
p69,x011,3,-2.11571961033264,TEM,growth,ZOX
p69,x100,2,-0.6950996706730871,TEM,growth,ZOX
p69,x101,3,-1.020386981306368,TEM,growth,ZOX
p69,x110,3,-1.1494816776858257,TEM,growth,ZOX
p69,x111,4,-0.21085336531489302,TEM,growth,ZOX
p104,0x00,1,0,TEM,growth,ZOX
p104,0x01,2,0.49978068316507507,TEM,growth,ZOX
p104,0x10,2,-0.6344268850476289,TEM,growth,ZOX
p104,0x11,3,-0.700598840428281,TEM,growth,ZOX
p104,1x00,2,-0.695099670673087,TEM,growth,ZOX
p104,1x01,3,-0.7733951963272565,TEM,growth,ZOX
p104,1x10,3,-1.4953313167717561,TEM,growth,ZOX
p104,1x11,4,1.2042674045894657,TEM,growth,ZOX
p238,00x0,1,0,TEM,growth,ZOX
p238,00x1,2,0.8024044218356134,TEM,growth,ZOX
p238,01x0,2,-0.6344268850476289,TEM,growth,ZOX
p238,01x1,3,-0.3979751017577424,TEM,growth,ZOX
p238,10x0,2,-0.28857724596169865,TEM,growth,ZOX
p238,10x1,3,-1.5661040866829896,TEM,growth,ZOX
p238,11x0,3,-1.0888088920603676,TEM,growth,ZOX
p238,11x1,4,0.4115585142337326,TEM,growth,ZOX
p276,000x,1,0,TEM,growth,ZOX
p276,001x,2,0.8024044218356136,TEM,growth,ZOX
p276,010x,2,0.49978068316507496,TEM,growth,ZOX
p276,011x,3,0.7362324664549614,TEM,growth,ZOX
p276,100x,2,0.2527888981859634,TEM,growth,ZOX
p276,101x,3,-1.0247379425353276,TEM,growth,ZOX
p276,110x,3,0.17449337253179392,TEM,growth,ZOX
p276,111x,4,1.6748607788258942,TEM,growth,ZOX
