genotype,avg,pos,mutations,likely,enzyme_name,measure_type,cond
x000,0.045322978786657475,p69,1,FALSE,TEM,growth,ZOX
0x00,0.23299611039215382,p104,1,FALSE,TEM,growth,ZOX
00x0,0.31806333496276157,p238,1,TRUE,TEM,growth,ZOX
000x,-0.09097914578884395,p276,1,FALSE,TEM,growth,ZOX
xx00,-0.22910106650862963,p69|p104,2,FALSE,TEM,growth,ZOX
x0x0,-0.0823529465016915,p69|p238,2,FALSE,TEM,growth,ZOX
x00x,0.11753817430831182,p69|p276,2,FALSE,TEM,growth,ZOX
0xx0,-0.21862098543931005,p104|p238,2,FALSE,TEM,growth,ZOX
0x0x,0.16333440484331388,p104|p276,2,FALSE,TEM,growth,ZOX
00xx,0.2042795749850697,p238|p276,2,TRUE,TEM,growth,ZOX
xxx0,-0.0209844469052842,p69|p104|p238,3,FALSE,TEM,growth,ZOX
xx0x,-0.19378847724630596,p69|p104|p276,3,FALSE,TEM,growth,ZOX
x0xx,-0.6755478550455134,p69|p238|p276,3,FALSE,TEM,growth,ZOX
0xxx,-0.17610400308073929,p104|p238|p276,3,TRUE,TEM,growth,ZOX
xxxx,1.0225848555763308,p69|p104|p238|p276,4,FALSE,TEM,growth,ZOX
