mean,max,obs,geno,enzyme_name,measure_type,cond
0.12635081958818223,0.31806333496276157,0,0000,TEM,growth,ZOX
0.3605115260927561,0.5223429099478313,-0.09097914578884395,0001,TEM,growth,ZOX
0.030215195478011842,0.1133004291962258,0.31806333496276157,0010,TEM,growth,ZOX
-0.003993493048016892,0.09944234952345152,0.23299611039215382,0100,TEM,growth,ZOX
0.08872148695468737,0.23571038846107006,0.045322978786657475,1000,TEM,growth,ZOX
-0.29671706086840866,0.0016055267154183595,0.43136376415898736,0011,TEM,growth,ZOX
-0.06620523461609218,0.12761792142778194,0.3053513694466238,0101,TEM,growth,ZOX
-0.09329232508507374,0.10053083095880039,0.33243845991560533,0110,TEM,growth,ZOX
-0.13105846005942076,-0.026559028519467884,0.07188200730612536,1001,TEM,growth,ZOX
-0.34020982000102296,-0.23571038846107006,0.28103336724772754,1010,TEM,growth,ZOX
-0.0038950438835241782,-0.0038950438835241782,0.04921802267018165,1100,TEM,growth,ZOX
-0.01632878353612477,-0.01632878353612477,0.4329692908744057,0111,TEM,growth,ZOX
0.5803163916315293,0.5803163916315293,-0.16367588429324828,1011,TEM,growth,ZOX
0.3713175285516235,0.3713175285516235,0.045322978786657475,1101,TEM,growth,ZOX
0.3713175285516235,0.3713175285516235,0.045322978786657475,1110,TEM,growth,ZOX
