"id","effect","muts","cv","colors"
"00000",1,0,NA,"#FFF0F0"
"00001",1,1,NA,"#FFF0F0"
"00010",1,1,NA,"#FFF0F0"
"00100",1,1,NA,"#FFF0F0"
"01000",1,1,NA,"#FFF0F0"
"10000",1,1,NA,"#FFF0F0"
"00011",2.70752423352594,2,NA,"#FFD8D6"
"00101",1.86892313337002,2,NA,"#FFE6E4"
"00110",5.55003998786575,2,NA,"#FFB1AD"
"01001",3.79170879676441,2,NA,"#FFC9C7"
"01010",4.91462734964787,2,NA,"#FFBBB8"
"01100",2.94990678049259,2,NA,"#FFD4D2"
"10001",5.55671683389075,2,NA,"#FFB1AD"
"10010",0.832704876822524,2,NA,"#FFF4F3"
"10100",0.909049415774099,2,NA,"#FFF0F0"
"11000",2.57155635062612,2,NA,"#FFDBD9"
"00111",0.283296156253913,3,NA,"#FF918B"
"01011",0.153419698836825,3,NA,"#FF948F"
"01101",0.512349673694459,3,NA,"#FF6A62"
"01110",0.158251717962341,3,NA,"#FF4E45"
"10011",0.0262028951039135,3,NA,"#FFFBFB"
"10101",0.1620340510472,3,NA,"#FFE9E8"
"10110",0.102763743497433,3,NA,"#FFF7F7"
"11001",0.192524973876698,3,NA,"#FF6D66"
"11010",0.116116255507726,3,NA,"#FFEDEC"
"11100",0.344194504127558,3,NA,"#FFDFDD"
"01111",1.62840364871591,4,NA,"#FF837C"
"10111",21.1793248075863,4,NA,"#FFFBFB"
"11011",3.88504644240932,4,NA,"#FFFBFB"
"11101",0.940407927280355,4,NA,"#FFE9E8"
"11110",4.95338295259028,4,NA,"#FFF7F7"
"11111",0.692711988684912,5,NA,"#FFFFFF"
