"genotype","predicted effect"
"PALWI",-0.00497693309374867
"PALWL",-0.553750511906251
"PALGI",-0.33320262690625
"PALGL",-0.46955922209375
"PARWI",-0.19429856390625
"PARWL",-0.49194852109375
"PARGI",0.20102063690625
"PARGL",-0.19086704590625
"PTLWI",-0.58313446090625
"PTLWL",-0.57326787609375
"PTLGI",-0.24014551209375
"PTLGL",-0.59111038490625
"PTRWI",-0.32248262509375
"PTRWL",-0.31156642090625
"PTRGI",-0.0158174799062497
"PTRGL",-0.74348199709375
"LALWI",-0.37545054590625
"LALWL",-0.19986635209375
"LALGI",-0.80243378109375
"LALGL",-1.75799451290625
"LARWI",-0.62716797709375
"LARWL",-0.951184494906249
"LARGI",-1.27797360190625
"LARGL",-1.99165422209375
"LTLWI",-0.564053306093749
"LTLWL",-0.504648534906249
"LTLGI",-1.21530210590625
"LTLGL",-2.55049003409375
"LTRWI",-0.788456790906249
"LTRWL",-1.58454110109375
"LTRGI",-1.80898034009375
"LTRGL",-3.12927108090625
