pos,mutations,idiosync
p21,Order 1,1.632216901657875
p26,Order 1,0.692114065903446
p28,Order 1,0.8789458312330659
p30,Order 1,1.5163653515273854
p94,Order 1,0.9358379849204487
p21|p26,Order 2,0.7767907741510707
p21|p28,Order 2,0.7919324390570224
p21|p30,Order 2,1.1218226023744426
p21|p94,Order 2,1.1492309657120048
p26|p28,Order 2,0.6218592819878658
p26|p30,Order 2,0.849706838253316
p26|p94,Order 2,0.8003671881392601
p28|p30,Order 2,0.8762673684731203
p28|p94,Order 2,0.7701748005176596
p30|p94,Order 2,1.1405540496858384
p21|p26|p28,Order 3,0.7267486276047204
p21|p26|p30,Order 3,0.9270499975405171
p21|p26|p94,Order 3,0.6082154366635203
p21|p28|p30,Order 3,1.6073936804087614
p21|p28|p94,Order 3,1.4471415837000703
p21|p30|p94,Order 3,1.5573942639834255
p26|p28|p30,Order 3,0.7323335234433288
p26|p28|p94,Order 3,0.21637169180566257
p26|p30|p94,Order 3,0.6148779059531843
p28|p30|p94,Order 3,1.449954338973308
p21|p26|p28|p30,Order 4,0.22549252850756668
p21|p26|p28|p94,Order 4,0.22549252850756668
p21|p26|p30|p94,Order 4,0.22549252850756676
p21|p28|p30|p94,Order 4,0.22549252850756651
p26|p28|p30|p94,Order 4,0.22549252850756707
