"model_order","R2","(Adjusted)","Delta R2"
"order1","0.663867053695549","0.599226102483155","0.663867053695549"
"order2","0.948835571174474","0.900868919150543","0.284968517478925"
"order3","0.984512678633863","0.919982172941625","0.0356771074593889"
"order4","0.999955949411062","0.998634431742937","0.0154432707771994"
