"indices","sign","effect"
"30|94",0,0.432572352440292
"28|94",0,0.271591439720336
"28|30",1,0.744296112212203
"28|30|94",0,0.900700586450487
"26|94",0,0.57883497613054
"26|30",0,0.691490593149397
"26|30|94",0,0.888779047610109
"26|28",0,0.469808292128217
"26|28|94",0,1.02980117192802
"26|28|30",0,1.10494343085545
"26|28|30|94",0,0.947392537882335
"21|94",0,0.744818266029202
"21|30|94",0,-0.483768995100426
"21|28|94",0,0.184603487812312
"21|28|30",0,-0.364785371146864
"21|28|30|94",0,-0.509694951806434
"21|26",0,0.410196045475245
"21|26|94",0,1.01833636076964
"21|26|30|94",0,-0.678589944183942
"21|26|28",0,0.375395761159492
"21|26|28|30",0,-0.297343148000385
"21|26|28|30|94",0,-1.06845582255877
