genotype,avg,pos,mutations,likely,enzyme_name,measure_type,cond
x0000,-0.3809066693732573,p21,1,FALSE,DHFR,kcat,trajg
0x000,-0.5883802940367698,p26,1,FALSE,DHFR,kcat,trajg
00x00,-0.19928292171761497,p28,1,TRUE,DHFR,kcat,trajg
000x0,-0.33818731446273875,p30,1,FALSE,DHFR,kcat,trajg
0000x,-0.5590909179347823,p94,1,FALSE,DHFR,kcat,trajg
xx000,0.41019604547524485,p21|p26,2,FALSE,DHFR,kcat,trajg
x0x00,-0.04141250796099011,p21|p28,2,FALSE,DHFR,kcat,trajg
x00x0,-0.07950889184355242,p21|p30,2,FALSE,DHFR,kcat,trajg
x000x,0.744818266029202,p21|p94,2,FALSE,DHFR,kcat,trajg
0xx00,0.46980829212821656,p26|p28,2,FALSE,DHFR,kcat,trajg
0x0x0,0.6914905931493971,p26|p30,2,FALSE,DHFR,kcat,trajg
0x00x,0.5788349761305395,p26|p94,2,FALSE,DHFR,kcat,trajg
00xx0,0.7442961122122035,p28|p30,2,TRUE,DHFR,kcat,trajg
00x0x,0.2715914397203363,p28|p94,2,FALSE,DHFR,kcat,trajg
000xx,0.4325723524402916,p30|p94,2,FALSE,DHFR,kcat,trajg
xxx00,-0.46319606848297945,p21|p26|p28,3,FALSE,DHFR,kcat,trajg
xx0x0,-0.935106977650499,p21|p26|p30,3,FALSE,DHFR,kcat,trajg
xx00x,-0.7155129268653422,p21|p26|p94,3,FALSE,DHFR,kcat,trajg
x0xx0,-0.9881600835545254,p21|p28|p30,3,FALSE,DHFR,kcat,trajg
x0x0x,-0.7903937099762361,p21|p28|p94,3,FALSE,DHFR,kcat,trajg
x00xx,-1.5816507217263673,p21|p30|p94,3,FALSE,DHFR,kcat,trajg
0xxx0,-0.8006515666343672,p26|p28|p30,3,FALSE,DHFR,kcat,trajg
0xx0x,-0.2904335360510757,p26|p28|p94,3,FALSE,DHFR,kcat,trajg
0x0xx,-0.8141188741101194,p26|p30|p94,3,FALSE,DHFR,kcat,trajg
00xxx,-0.5477593179223449,p28|p30|p94,3,FALSE,DHFR,kcat,trajg
xxxx0,0.6949019051614662,p21|p26|p28|p30,4,FALSE,DHFR,kcat,trajg
xxx0x,-0.026683718594733397,p21|p26|p28|p94,4,FALSE,DHFR,kcat,trajg
xx0xx,0.5893962147872637,p21|p26|p30|p94,4,FALSE,DHFR,kcat,trajg
x0xxx,1.3259121107755485,p21|p28|p30|p94,4,FALSE,DHFR,kcat,trajg
0xxxx,0.2117620668192579,p26|p28|p30|p94,4,FALSE,DHFR,kcat,trajg
xxxxx,-0.15944729601460128,p21|p26|p28|p30|p94,5,FALSE,DHFR,kcat,trajg
