MAE,Last MAE,Step,Enzyme,Linear MAE,Linear Last MAE
0.41965068780155895,0.8832648842662145,1,MPH,0.35938450542860145,1.1366847679946184
0.4310499627274606,3.378326647927199,2,MPH,0.20942453394220997,0.44990642656228497
0.07471213258611653,0.8460238063788172,3,MPH,0.022264196678929836,0.03446609085108543
0.021835644687440477,0.698740629998094,4,MPH,0.02183564468744013,0.021835644687439704
