"id","effect","muts","cv","colors"
"00000",1,0,NA,"#FFEDEC"
"00001",1,1,NA,"#FFEDEC"
"00010",1,1,NA,"#FFEDEC"
"00100",1,1,NA,"#FFEDEC"
"01000",1,1,NA,"#FFEDEC"
"10000",1,1,NA,"#FFEDEC"
"00011",0.925511466863267,2,NA,"#FFEDEC"
"00101",0.211330993907928,2,NA,"#FFFBFB"
"00110",2.21281568364195,2,NA,"#FFD8D6"
"01001",1.09705997108168,2,NA,"#FFE9E8"
"01010",1.318854368295,2,NA,"#FFE6E4"
"01100",0.872302499336292,2,NA,"#FFF0F0"
"10001",0.129308826711078,2,NA,"#FFFBFB"
"10010",0.33515776149138,2,NA,"#FFF7F7"
"10100",0.149659524581577,2,NA,"#FFFBFB"
"11000",0.902759057369084,2,NA,"#FFEDEC"
"00111",2.2220526782943,3,NA,"#FFEDEC"
"01011",0.422699667295571,3,NA,"#FFF4F3"
"01101",1.00033137603676,3,NA,"#FFFBFB"
"01110",0.742945066132454,3,NA,"#FFDBD9"
"10011",8.58070664356759,3,NA,"#FFF7F7"
"10101",3.18473331958922,3,NA,"#FFFFFF"
"10110",0.846909566837055,3,NA,"#FFFFFF"
"11001",16.8078836736872,3,NA,"#FFD8D6"
"11010",1.44575611970548,3,NA,"#FFF4F3"
"11100",0.867710300925926,3,NA,"#FFFBFB"
"01111",2.39445274465919,4,NA,"#FFEDEC"
"10111",2.6754551732514,4,NA,"#FFF7F7"
"11011",2.14484410659381,4,NA,"#FF4E45"
"11101",1.70212063336557,4,NA,"#FFFBFB"
"11110",1.49890607155345,4,NA,"#FFFBFB"
"11111",0.200105658685813,5,NA,"#FF746D"
