"genotype","predicted effect"
"L-HIF",-0.0218356446874426
"L-HIL",0.69022156137744
"L-HTF",-0.765976750908601
"L-HTL",-0.174880319667616
"L-LIF",1.01615279735708
"L-LIL",0.965830620238836
"L-LTF",0.529614353285436
"L-LTL",0.879770909406869
"LSHIF",0.293677251223938
"LSHIL",0.958622247588659
"LSHTF",-0.41760959160297
"LSHTL",-0.0729083065641089
"LSLIF",1.18499023134441
"LSLIL",1.26238489297004
"LSLTF",0.77694791108251
"LSLTL",1.08537432496043
"R-HIF",0.952784675854963
"R-HIL",0.689127474307836
"R-HTF",-0.353449727997441
"R-HTL",0.370140507735601
"R-LIF",1.07853490043012
"R-LIL",0.730256544822154
"R-LTF",0.132425354986689
"R-LTL",1.37086130857223
"RSHIF",1.13652684740781
"RSHIL",2.22595562734337
"RSHTF",0.197926903743121
"RSHTL",2.05734560136018
"RSLIF",1.22866152071929
"RSLIL",2.28991821636831
"RSLTF",0.522232399662836
"RSLTL",2.98278184042127
