genotype,avg,pos,mutations
x000,1.806179973983887,p51,1
x001,1.5051499783199058,p51,1
x010,-0.3010299956639812,p51,1
x011,-0.3010299956639812,p51,1
x100,0.3010299956639812,p51,1
x101,0,p51,1
x110,0.9030899869919435,p51,1
x111,0.9036325160842377,p51,1
0x00,0.3010299956639812,p59,1
0x01,0.6020599913279624,p59,1
0x10,-0.3010299956639812,p59,1
0x11,-0.3010299956639812,p59,1
1x00,-1.2041199826559246,p59,1
1x01,-0.9030899869919435,p59,1
1x10,0.9030899869919435,p59,1
1x11,0.9036325160842377,p59,1
00x0,0,p108,1
00x1,-0.3010299956639812,p108,1
01x0,-0.6020599913279624,p108,1
01x1,-1.2041199826559248,p108,1
10x0,-2.1072099696478683,p108,1
10x1,-2.1072099696478683,p108,1
11x0,0,p108,1
11x1,-0.3004874665716871,p108,1
000x,0.6020599913279624,p164,1
001x,0.3010299956639812,p164,1
010x,0.9030899869919435,p164,1
011x,0.3010299956639812,p164,1
100x,0.30102999566398125,p164,1
101x,0.3010299956639812,p164,1
110x,0.6020599913279624,p164,1
111x,0.3015725247562753,p164,1
xx00,-1.5051499783199058,p51|p59,2
xx01,-1.5051499783199058,p51|p59,2
xx10,1.2041199826559248,p51|p59,2
xx11,1.2046625117482188,p51|p59,2
x0x0,-2.1072099696478683,p51|p108,2
x0x1,-1.806179973983887,p51|p108,2
x1x0,0.6020599913279623,p51|p108,2
x1x1,0.9036325160842377,p51|p108,2
x00x,-0.30102999566398125,p51|p164,2
x01x,0,p51|p164,2
x10x,-0.3010299956639812,p51|p164,2
x11x,5.425290922941306e-4,p51|p164,2
0xx0,-0.6020599913279624,p59|p108,2
0xx1,-0.9030899869919435,p59|p108,2
1xx0,2.107209969647868,p59|p108,2
1xx1,1.8067225030761813,p59|p108,2
0x0x,0.3010299956639812,p59|p164,2
0x1x,0,p59|p164,2
1x0x,0.30102999566398103,p59|p164,2
1x1x,5.425290922941306e-4,p59|p164,2
00xx,-0.3010299956639812,p108|p164,2
01xx,-0.6020599913279624,p108|p164,2
10xx,0,p108|p164,2
11xx,-0.3004874665716871,p108|p164,2
xxx0,2.7092699609758304,p51|p59|p108,3
xxx1,2.7098124900681246,p51|p59|p108,3
xx0x,0,p51|p59|p164,3
xx1x,5.425290922940196e-4,p51|p59|p164,3
x0xx,0.30102999566398125,p51|p108|p164,3
x1xx,0.3015725247562754,p51|p108|p164,3
0xxx,-0.30102999566398114,p59|p108|p164,3
1xxx,-0.30048746657168657,p59|p108|p164,3
xxxx,5.425290922942416e-4,p51|p59|p108|p164,4
