p51,p59,p108,p164,numbers,genotype,observed effect,epistatic effect,average effect,WT effect,cv,mutations,2 step,3 step,final step
-1,-1,-1,-1,0000,NCSI,0,-3.390806826839704e-5,0.4514432692911674,0,NA,0,0,0,0
-1,-1,-1,1,0001,NCSL,0.6020599913279624,0.6020938993962306,0.9030560789236746,0.6020599913279624,NA,1,0.6020599913279624,0.6020599913279624,0.6020599913279624
-1,-1,1,-1,0010,NCNI,0,3.390806826835541e-5,-0.37632140264824365,0,NA,1,0,0,0
-1,-1,1,1,0011,NCNL,0.3010299956639812,0.30099608759571234,0.07529140698426351,0.6020599913279624,NA,2,0.3010299956639812,0.3010299956639812,0.3010299956639812
-1,1,-1,-1,0100,NRSI,0.3010299956639812,0.3010639037322495,0.45151108542770224,0.3010299956639812,NA,1,0.3010299956639812,0.3010299956639812,0.3010299956639812
-1,1,-1,1,0101,NRSL,1.2041199826559248,1.2040860745876518,0.9031238950602094,0.9030899869919435,NA,2,1.2041199826559248,1.2041199826559248,1.2041199826559248
-1,1,1,-1,0110,NRNI,-0.3010299956639812,-0.3010639037322493,-0.3762535865117088,0.3010299956639812,NA,2,-0.3010299956639812,-0.3010299956639812,-0.3010299956639812
-1,1,1,1,0111,NRNL,0,3.3908068268181935e-5,0.07535922312079835,0.9030899869919435,NA,3,0.3010299956639813,1.1102230246251565e-16,1.1102230246251565e-16
1,-1,-1,-1,1000,ICSI,1.806179973983887,1.8062138820521587,1.053571076755667,1.806179973983887,NA,1,1.806179973983887,1.806179973983887,1.806179973983887
1,-1,-1,1,1001,ICSL,2.1072099696478683,2.107176061579602,1.5051838863881741,2.4082399653118496,NA,2,2.1072099696478683,2.1072099696478683,2.1072099696478683
1,-1,1,-1,1010,ICNI,-0.3010299956639812,-0.3010639037322495,0.22580640481625597,1.806179973983887,NA,2,-0.30102999566398125,-0.30102999566398125,-0.30102999566398125
1,-1,1,1,1011,ICNL,0,3.390806826784887e-5,0.6774192144487632,2.4082399653118496,NA,3,-0.3010299956639812,0,0
1,1,-1,-1,1100,IRSI,0.6020599913279624,0.6020260832596932,1.0536388928922018,2.1072099696478683,NA,2,0.6020599913279625,0.6020599913279625,0.6020599913279625
1,1,-1,1,1101,IRSL,1.2041199826559248,1.2041538907241882,1.505251702524709,2.709269960975831,NA,3,1.204119982655925,1.2041199826559248,1.2041199826559248
1,1,1,-1,1110,IRNI,0.6020599913279624,0.6020938993962301,0.2258742209527908,2.1072099696478683,NA,3,-2.1072099696478683,0.6020599913279625,0.6020599913279625
1,1,1,1,1111,IRNL,0.9036325160842377,0.9035986080159695,0.677487030585298,2.709269960975831,NA,4,-1.806179973983887,0.9030899869919433,0.9036325160842374
