"genotype","predicted effect"
"DHLLFI",-0.00683973358441123
"DHLLFF",-0.0265979303397154
"DHLLII",1.30438012076573
"DHLLIF",0.488935088867516
"DHLMFI",0.170898211860917
"DHLMFF",0.225179559053042
"DHLMII",1.22627777550212
"DHLMIF",0.991111606010817
"DHFLFI",-0.086236677996328
"DHFLFF",-0.100212011306354
"DHFLII",1.06772650380437
"DHFLIF",1.5654641752877
"DHFMFI",0.077445900369282
"DHFMFF",0.043919769345887
"DHFMII",1.20238721435038
"DHFMIF",1.61718899897273
"DRLLFI",0.62675787543834
"DRLLFF",0.752959442075663
"DRLLII",2.23776922896457
"DRLLIF",1.7650358064866
"DRLMFI",1.10533624667098
"DRLMFF",1.38907445948358
"DRLMII",2.73530661193435
"DRLMIF",2.6477804281979
"DRFLFI",0.612426314957761
"DRFLFF",0.755278412833546
"DRFLII",2.14606134186377
"DRFLIF",2.61923625446085
"DRFMFI",1.25785918412855
"DRFMFF",1.50967887011402
"DRFMII",2.88455444597988
"DRFMIF",2.97366153028413
"EHLLFI",0.433379016235528
"EHLLFF",0.309271380542232
"EHLLII",1.94483869704719
"EHLLIF",1.23995724267094
"EHLMFI",0.452816233909033
"EHLMFF",0.331981822239995
"EHLMII",1.60801016102906
"EHLMIF",0.303545016169327
"EHFLFI",0.384411098645643
"EHFLFF",0.364506629901694
"EHFLII",1.61727302113682
"EHFLIF",2.21695924962067
"EHFMFI",0.396114884018524
"EHFMFF",0.365337347630333
"EHFMII",1.62053350909568
"EHFMIF",2.03514660161905
"ERLLFI",2.71576116089716
"ERLLFF",2.22757447092053
"ERLLII",2.94304561873546
"ERLLIF",2.78804562735085
"ERLMFI",2.87244495372471
"ERLMFF",2.69015897206066
"ERLMII",2.98623130129104
"ERLMIF",2.92983424780375
"ERFLFI",2.44917478378739
"ERFLFF",2.80192113554292
"ERFLII",3.05218697387445
"ERFLIF",2.99026361658174
"ERFMFI",2.77849383705685
"ERFMFF",2.99418565129887
"ERFMII",3.04430782882641
"ERFMIF",2.91560740843485
