"indices","sign","effect"
"306|313",0,-0.767731839397017
"272|306",0,-0.228021935653814
"272|306|313",0,-0.443551998825072
"271|306|313",0,0.38855885886763
"271|272|306|313",0,0.289779528385695
"254|306",0,0.328711422578861
"254|272",0,0.326100799541055
"254|272|313",0,0.63091714513474
"254|272|306",0,0.647199681001503
"254|272|306|313",0,0.6064114541763
"254|271|313",0,0.254567450628438
"254|271|306",0,0.316204306443877
"254|271|306|313",0,0.836054600735749
"254|271|272",0,0.559057556828629
"254|271|272|313",0,0.85790041154948
"254|271|272|306",0,0.903509821930768
"254|271|272|306|313",0,1.0119723642582
"233|306",0,0.228646583689806
"233|306|313",0,-0.456791327915887
"233|272|313",0,-0.233192648533254
"233|272|306",0,-0.286556411723795
"233|272|306|313",0,-1.54451012666658
"233|271|306|313",0,0.626055498117472
"233|271|272|306|313",0,0.268369948870661
"233|254",0,1.67598660619548
"233|254|313",0,1.20684978501979
"233|254|306",0,0.592698289115346
"233|254|306|313",0,0.485261096400626
"233|254|272",0,1.6546958877933
"233|254|272|313",0,1.51961818395501
"233|254|272|306",0,0.48532973604704
"233|254|272|306|313",0,0.448967669564041
"233|254|271",0,1.48895891800405
"233|254|271|313",0,1.88875402961747
"233|254|271|306",0,0.810511799031677
"233|254|271|306|313",0,0.766829259120665
"233|254|271|272",0,1.66745612816593
"233|254|271|272|313",0,1.90273453638123
"233|254|271|272|306",0,0.622887600834252
"233|254|271|272|306|313",0,0.54105639365071
