MAE,Last MAE,Step,Enzyme,Linear MAE,Linear Last MAE
0.6337826013254567,0.5138727919177062,1,TEM,0.570815317186096,0.07446188785729868
0.7643931455476334,3.993775235967395,2,TEM,0.26517124105170903,0.29629181865920096
0.26517124105170903,4.2427398568273444,3,TEM,0.26517124105170903,0.26517124105170886
