pos,mutations,idiosync
p69,Order 1,2.405778593546707
p104,Order 1,2.386990757840643
p238,Order 1,2.037520067710045
p276,Order 1,2.2078480290866724
p69|p104,Order 2,2.6100797493352212
p69|p238,Order 2,2.698252851235671
p69|p276,Order 2,2.6321621255086654
p104|p238,Order 2,2.5684356982094285
p104|p276,Order 2,2.4989139524196147
p238|p276,Order 2,2.590873036817713
p69|p104|p238,Order 3,6.000140247146113
p69|p104|p276,Order 3,6.000140247146113
p69|p238|p276,Order 3,6.000140247146113
p104|p238|p276,Order 3,6.000140247146113
