"model_order","R2","(Adjusted)","Delta R2"
"order1","0.525177935393844","0.352515366446151","0.525177935393844"
"order2","0.913061741136304","0.739185223408913","0.38788380574246"
"order3","0.930675917441854","-0.0398612383721872","0.0176141763055502"
