"indices","effect"
"INTERCEPT",-0.765578247100619
"69",-0.949447235398127
"104",0.0365439337571938
"238",0.198549709037689
"276",-1.09020898774256
"69|104",0.628433274439211
"69|238",0.511468397095175
"69|276",-0.507434649641789
"104|238",-0.419903705444408
"104|276",-0.595921098101894
"238|276",-0.358149631379294
"69|104|238",0.165207738158552
"69|104|276",0.103826568817935
"69|238|276",-0.180886431180555
"104|238|276",-0.0259067205809474
