"id","effect","muts","cv","colors"
"00000",1,0,NA,"#FF837C"
"00001",1,1,NA,"#FF837C"
"00010",1,1,NA,"#FF837C"
"00100",1,1,NA,"#FF837C"
"01000",1,1,NA,"#FF837C"
"10000",1,1,NA,"#FF837C"
"00011",1.13585932324395,2,NA,"#FF716A"
"00101",1.08007126243381,2,NA,"#FF7871"
"00110",1.13181418717987,2,NA,"#FF716A"
"01001",1.21370950031477,2,NA,"#FF665F"
"01010",1.26057371861368,2,NA,"#FF635B"
"01100",1.18334377336378,2,NA,"#FF6A62"
"10001",1.26689851737573,2,NA,"#FF5F57"
"10010",0.771579604031914,2,NA,"#FF9F9A"
"10100",0.898850553971634,2,NA,"#FF8D87"
"11000",1.11439126210482,2,NA,"#FF746D"
"00111",0.926428169603205,3,NA,"#FF5F57"
"01011",0.735687773605649,3,NA,"#FF5F57"
"01101",0.914554539381242,3,NA,"#FF4E45"
"01110",0.801055311817719,3,NA,"#FF554C"
"10011",0.0104472335417384,3,NA,"#FFFFFF"
"10101",0.551270409423232,3,NA,"#FFAAA5"
"10110",0.263895652501637,3,NA,"#FFE6E4"
"11001",0.803107388139689,3,NA,"#FF5148"
"11010",0.296253080222534,3,NA,"#FFD8D6"
"11100",0.771175591569633,3,NA,"#FF8D87"
"01111",0.920198152980028,4,NA,"#FF6D66"
"10111",1.54551057572442,4,NA,"#FFFFFF"
"11011",0.113566802723859,4,NA,"#FFFFFF"
"11101",0.0808555041097355,4,NA,"#FFF7F7"
"11110",0.143815758871606,4,NA,"#FFFFFF"
"11111",382.978622200433,5,NA,"#FFFFFF"
