"indices","sign","effect"
"28|30",1,0.0537751334721813
"21|30|94",0,-1.93555158281241
"21|28|30",0,-0.683724401565433
"21|28|30|94",0,-2.57595589771076
"21|26|30",0,-0.493350439986353
"21|26|30|94",0,-3.40544945146423
"21|26|28|94",0,-1.30364411453733
"21|26|28|30",0,-2.04272239348335
"21|26|28|30|94",0,-3.60814549085842
