"id","effect","muts","cv","colors"
"00000",1,0,NA,"#FF837C"
"00001",1,1,NA,"#FF837C"
"00010",1,1,NA,"#FF837C"
"00100",1,1,NA,"#FF837C"
"01000",1,1,NA,"#FF837C"
"10000",1,1,NA,"#FF837C"
"00011",1.13585932324395,2,NA,"#FF716A"
"00101",1.08007126243381,2,NA,"#FF7871"
"00110",1.13181418717987,2,NA,"#FF716A"
"01001",1.21370950031477,2,NA,"#FF665F"
"01010",1.26057371861368,2,NA,"#FF635B"
"01100",1.18334377336378,2,NA,"#FF6A62"
"10001",1.26689851737573,2,NA,"#FF5F57"
"10010",0.771579604031914,2,NA,"#FF9F9A"
"10100",0.898850553971634,2,NA,"#FF8D87"
"11000",1.11439126210482,2,NA,"#FF746D"
"00111",1.28636389948352,3,NA,"#FF5F57"
"01011",1.27850103946223,3,NA,"#FF5F57"
"01101",1.41869063505675,3,NA,"#FF4E45"
"01110",1.35243629203022,3,NA,"#FF554C"
"10011",0.0115997443337707,3,NA,"#FFFFFF"
"10101",0.678026098007889,3,NA,"#FFAAA5"
"10110",0.207145545431713,3,NA,"#FFE6E4"
"11001",1.37615673085769,3,NA,"#FF5148"
"11010",0.321106842441623,3,NA,"#FFD8D6"
"11100",0.914090917473523,3,NA,"#FF8D87"
"01111",1.15506063535936,4,NA,"#FF6D66"
"10111",0.00265487514893046,4,NA,"#FFFFFF"
"11011",0.000393143001064647,4,NA,"#FFFFFF"
"11101",0.0496999424065047,4,NA,"#FFF7F7"
"11110",0.00906311741690678,4,NA,"#FFFFFF"
"11111",0.000246521333988893,5,NA,"#FFFFFF"
