MAE,Last MAE,Step,Enzyme,Linear MAE,Linear Last MAE
0.8207463069701785,0.9659835502389957,1,TEM,0.4832291615206795,0.9824164275101801
0.49110921599541313,2.5379388191031005,2,TEM,0.4456342209299893,0.9066699626820423
0.19647587009805223,3.143613921568835,3,TEM,0.19647587009805156,0.19647587009805134
