"id","effect","muts","cv","colors","enz"
"0000",0,0,NA,"#FFFFFF","TEM"
"0001",-0.0752040042020878,1,NA,"#F7FDFF","TEM"
"0010",1.77597433112937,1,NA,"#FF746D","TEM"
"0100",1.49276038902684,1,NA,"#FF8A84","TEM"
"1000",0.0253058652647703,1,NA,"#FFFBFB","TEM"
"0011",2.18752072083646,2,NA,"#FF5148","TEM"
"0101",-0.0218194830625861,2,NA,"#FFFFFF","TEM"
"0110",2.13353890837022,2,NA,"#FF5850","TEM"
"1001",-0.0199966284162537,2,NA,"#FFFFFF","TEM"
"1010",1.80888586735981,2,NA,"#FF716A","TEM"
"1100",0.0644579892269184,2,NA,"#FFFBFB","TEM"
"0111",2.11058971029925,3,NA,"#FF5850","TEM"
"1011",0.0413926851582251,3,NA,"#FFFBFB","TEM"
"1101",-0.0680338852718274,3,NA,"#F7FDFF","TEM"
"1110",-0.0409586076789064,3,NA,"#FBFEFF","TEM"
"1111",2.25285303097989,4,NA,"#FF4E45","TEM"
