"indices","effect"
"INTERCEPT",0.854204180563756
"69",-0.692431781971855
"104",0.272438651844939
"238",1.35904080048607
"276",-0.106582824547244
"69|104",-0.184255967372557
"69|238",-0.343930891732215
"69|276",0.193713846616604
"104|238",-0.111876292473291
"104|276",0.262530498047158
"238|276",0.335311736570577
"69|104|238",0.204501543392385
"69|104|276",0.730998361963507
"69|238|276",-0.159283530411332
"104|238|276",0.644171810223422
