"indices","sign","effect"
"238|276",0,0.486750393909182
"104|276",1,-1.43937586788734
"104|238",0,-1.13519581178599
"104|238|276",0,-1.08294100565487
"69|238|276",0,-1.68468350703383
"69|104",0,-1.45360826506469
"69|104|276",1,-1.51089613536135
"69|104|238",1,-3.33499919309988
"69|104|238|276",0,-0.965983550238996
