genotype,avg,pos,mutations,likely,enzyme_name,measure_type,cond
x000,0.02530586526477026,p69,1,FALSE,TEM,growth,CTX
0x00,1.4927603890268375,p104,1,FALSE,TEM,growth,CTX
00x0,1.7759743311293692,p238,1,TRUE,TEM,growth,CTX
000x,-0.07520400420208784,p276,1,FALSE,TEM,growth,CTX
xx00,-1.4536082650646893,p69|p104,2,FALSE,TEM,growth,CTX
x0x0,0.007605670965672589,p69|p238,2,FALSE,TEM,growth,CTX
x00x,0.029901510521063903,p69|p276,2,FALSE,TEM,growth,CTX
0xx0,-1.1351958117859893,p104|p238,2,FALSE,TEM,growth,CTX
0x0x,-1.4393758678873358,p104|p276,2,FALSE,TEM,growth,CTX
00xx,0.48675039390918173,p238|p276,2,TRUE,TEM,growth,CTX
xxx0,-0.7538007872148773,p69|p104|p238,3,FALSE,TEM,growth,CTX
xx0x,1.3521864870696139,p69|p104|p276,3,FALSE,TEM,growth,CTX
x0xx,-2.208941082429745,p69|p238|p276,3,FALSE,TEM,growth,CTX
0xxx,1.004880280109273,p104|p238|p276,3,TRUE,TEM,growth,CTX
xxxx,3.1436139215688352,p69|p104|p238|p276,4,TRUE,TEM,growth,CTX
