mean,max,obs,geno,enzyme_name,measure_type,cond
0.8047091453047223,1.7759743311293692,0,0000,TEM,growth,CTX
0.7904388739879623,2.262724725038551,-0.07520400420208784,0001,TEM,growth,CTX
0.267340834392795,0.4115463897070939,1.7759743311293692,0010,TEM,growth,CTX
-0.767367917515321,0.6407785193433799,1.4927603890268375,0100,TEM,growth,CTX
0.5924765441253887,1.7835800020950419,0.02530586526477026,1000,TEM,growth,CTX
-1.1115295231077262,-0.0769310105372143,2.187520720836463,0011,TEM,growth,CTX
1.0430973955762968,2.132409193361835,-0.02181948306258609,0101,TEM,growth,CTX
-1.0987233570600463,-0.022949198070968624,2.1335389083702174,0110,TEM,growth,CTX
0.006676028359452531,0.06138931357447876,-0.019996628416253676,1001,TEM,growth,CTX
-1.8086688286201527,-1.767493182201587,1.808885867359812,1010,TEM,growth,CTX
-0.11895423570228533,-0.10541659690582483,0.06445798922691845,1100,TEM,growth,CTX
0.1422633206806445,0.1422633206806445,2.110589710299249,0111,TEM,growth,CTX
2.2114603458216684,2.2114603458216684,0.04139268515822508,1011,TEM,growth,CTX
2.3208869162517205,2.3208869162517205,-0.06803388527182737,1101,TEM,growth,CTX
2.2938116386588,2.2938116386588,-0.040958607678906384,1110,TEM,growth,CTX
