MAE,Last MAE,Step,Enzyme,Linear MAE,Linear Last MAE
1.0256791233562501,2.339654833178102,1,TEM,0.6673768016524687,0.02094291219524813
0.9921138343290776,5.731516997563209,2,TEM,0.3650837047034871,0.11058300420562617
0.2756742096336765,4.410787354138823,3,TEM,0.27567420963367645,0.27567420963367595
