"genotype","predicted effect"
"MEGN",0.275674209633676
"MEGD",-0.47840666880296
"MESN",0.403753686978443
"MESD",-1.26192779246736
"MKGN",0.891643125114503
"MKGD",1.03835277336111
"MKSN",1.23280240731049
"MKSD",1.10814115634675
"LEGN",0.838269142673164
"LEGD",1.11640744424548
"LESN",1.03382883160107
"LESD",-1.51075122498379
"LKGN",-1.30272186349649
"LKGD",0.781230641702794
"LKSN",0.792511652112483
"LKSD",0.693975500953421
