"model_order","R2","(Adjusted)","Delta R2"
"order1","0.134404100653633","-0.180358044563228","0.134404100653633"
"order2","0.784680595565376","0.354041786696128","0.650276494911743"
"order3","0.91681591250123","-0.247761312481547","0.132135316935854"
