"id","effect","muts","cv","colors","enz"
"0000",0,0,NA,"#FFFFFF","TEM"
"0001",-0.202732459169284,1,NA,"#E8FAFF","TEM"
"0010",0.679427896612119,1,NA,"#FFB1AD","TEM"
"0100",1.16731733474818,1,NA,"#FF7C75","TEM"
"1000",1.11394335230684,1,NA,"#FF837C","TEM"
"0011",-1.53760200210104,2,NA,"#48D7FF","TEM"
"0101",0.762678563727436,2,NA,"#FFAAA5","TEM"
"0110",0.957128197676813,2,NA,"#FF948F","TEM"
"1001",0.840733234611807,2,NA,"#FF9F9A","TEM"
"1010",0.75815462196739,2,NA,"#FFAAA5","TEM"
"1100",-1.57839607313017,2,NA,"#45D7FF","TEM"
"0111",1.38381536598043,3,NA,"#FF635B","TEM"
"1011",-1.23507701535011,3,NA,"#6DDFFF","TEM"
"1101",1.05690485133647,3,NA,"#FF8A84","TEM"
"1110",1.06818586174616,3,NA,"#FF8680","TEM"
"1111",0.418301291319745,4,NA,"#FFD0CE","TEM"
