"indices","effect"
"INTERCEPT",0.353298938892674
"69",-0.0959103465833153
"104",0.602385970565917
"238",-0.0835143233224716
"276",-0.334842420196485
"69|104",-0.730575536131848
"69|238",-0.0223908280379693
"69|276",0.264586069953408
"104|238",0.68824583333278
"104|276",0.836708608027259
"238|276",-0.77352231434188
"69|104|238",0.421648505457464
"69|104|276",0.22625591923593
"69|238|276",-0.477779439287001
"104|238|276",0.160057425449706
