p69,x000,1,0,TEM,growth,CTT
p69,x001,2,-0.0704776585257465,TEM,growth,CTT
p69,x010,2,-1.0352166269515655,TEM,growth,CTT
p69,x011,3,-0.8114183655559044,TEM,growth,CTT
p69,x100,2,-3.8596567601851817,TEM,growth,CTT
p69,x101,3,-0.8197170646978003,TEM,growth,CTT
p69,x110,3,-1.0028856882374881,TEM,growth,CTT
p69,x111,4,-2.0794574269675223,TEM,growth,CTT
p104,0x00,1,0,TEM,growth,CTT
p104,0x01,2,-0.20190631185145613,TEM,growth,CTT
p104,0x10,2,-0.8896170336834818,TEM,growth,CTT
p104,0x11,3,1.7541000333332994,TEM,growth,CTT
p104,1x00,2,-3.8596567601851817,TEM,growth,CTT
p104,1x01,3,-0.95114571802351,TEM,growth,CTT
p104,1x10,3,-0.8572860949694043,TEM,growth,CTT
p104,1x11,4,0.4860609719216811,TEM,growth,CTT
p238,00x0,1,0,TEM,growth,CTT
p238,00x1,2,-2.014297439543879,TEM,growth,CTT
p238,01x0,2,-0.8896170336834818,TEM,growth,CTT
p238,01x1,3,-0.05829109435912383,TEM,growth,CTT
p238,10x0,2,-1.0352166269515655,TEM,growth,CTT
p238,10x1,3,-2.755238146574037,TEM,growth,CTT
p238,11x0,3,1.9671540382642116,TEM,growth,CTT
p238,11x1,4,-1.3180314566288462,TEM,growth,CTT
p276,000x,1,0,TEM,growth,CTT
p276,001x,2,-2.014297439543879,TEM,growth,CTT
p276,010x,2,-0.2019063118514562,TEM,growth,CTT
p276,011x,3,0.6294196274729018,TEM,growth,CTT
p276,100x,2,-0.07047765852574644,TEM,growth,CTT
p276,101x,3,-1.790499178148218,TEM,growth,CTT
p276,110x,3,2.8380333836359255,TEM,growth,CTT
p276,111x,4,-0.44715211125713267,TEM,growth,CTT
