MAE,Last MAE,Step,Enzyme,Linear MAE,Linear Last MAE
0.21033117482078012,0.471909766279629,1,PTE,0.16867788462464894,0.28039179241041357
0.23019710910837635,0.041478988459547006,2,PTE,0.12014705938778884,0.0335835861299949
0.29529654766125446,3.007931274180043,3,PTE,0.07101128111546433,0.0800355718996606
0.15322803672619184,4.1149980429664685,4,PTE,0.03114111234234627,0.005421949425256312
0.024634347883489706,1.576598264543336,5,PTE,0.024634347883489612,0.024634347883488283
