"model_order","R2","(Adjusted)","Delta R2"
"order1","0.935776171776493","0.929015768805598","0.935776171776493"
"order2","0.96669565073874","0.95004347610811","0.030919478962247"
"order3","0.989118725722362","0.968839987295854","0.0224230749836218"
"order4","0.998018497965396","0.98216648168856","0.00889977224303351"
"order5","0.999178155760858","0.948223812934033","0.00115965779546168"
