"id","effect","muts","cv","colors"
"00000",1,0,NA,"#FFEDEC"
"00001",1,1,NA,"#FFEDEC"
"00010",1,1,NA,"#FFEDEC"
"00100",1,1,NA,"#FFEDEC"
"01000",1,1,NA,"#FFEDEC"
"10000",1,1,NA,"#FFEDEC"
"00011",1.3436496148665,2,NA,"#FFE9E8"
"00101",0.49526926458172,2,NA,"#FFF7F7"
"00110",0.562386168395961,2,NA,"#FFF4F3"
"01001",1.33802212882752,2,NA,"#FFE9E8"
"01010",0.922771874523362,2,NA,"#FFF0F0"
"01100",0.871202900593187,2,NA,"#FFF0F0"
"10001",0.392355735867186,2,NA,"#FFF7F7"
"10010",0.500743600291112,2,NA,"#FFF7F7"
"10100",0.249180693878528,2,NA,"#FFFBFB"
"11000",0.894751316099631,2,NA,"#FFF0F0"
"00111",2.87301202731358,3,NA,"#FFEDEC"
"01011",0.714683838855959,3,NA,"#FFEDEC"
"01101",0.990993907009201,3,NA,"#FFF4F3"
"01110",1.42969928854854,3,NA,"#FFF4F3"
"10011",2.65348688596814,3,NA,"#FFF4F3"
"10101",1.42991000418445,3,NA,"#FFFFFF"
"10110",1.65820181120918,3,NA,"#FFFBFB"
"11001",4.18184870728386,3,NA,"#FFDFDD"
"11010",1.16092282037106,3,NA,"#FFF7F7"
"11100",1.10700492955382,3,NA,"#FFFBFB"
"01111",0.795413287797506,4,NA,"#FFF0F0"
"10111",3.36808853415857,4,NA,"#FFEDEC"
"11011",4.09375079118473,4,NA,"#FF4E45"
"11101",1.7185770970948,4,NA,"#FFF4F3"
"11110",1.34113064059154,4,NA,"#FFFBFB"
"11111",0.138509677319083,5,NA,"#FF9B96"
