"model_order","R2","(Adjusted)","Delta R2"
"order1","0.765069231823792","0.719890237943752","0.765069231823792"
"order2","0.931805721615755","0.867873585630525","0.166736489791963"
"order3","0.994479963495064","0.971479811391165","0.0626742418793091"
"order4","0.998399627433658","0.950388450443403","0.00391966393859422"
