"id","effect","muts","cv","colors","enz"
"00000",0,0,NA,"#FFFFFF","MPH"
"00001",0.117271295655764,1,NA,"#FFF4F3","MPH"
"00010",-0.655607726314889,1,NA,"#C7F3FF","MPH"
"00100",0.94299959336604,1,NA,"#FFB4B0","MPH"
"01000",0.250420002308894,1,NA,"#FFE9E8","MPH"
"10000",0.757396028793024,1,NA,"#FFC2BF","MPH"
"00011",-0.410050398674292,2,NA,"#DDF7FF","MPH"
"00101",0.755112266395071,2,NA,"#FFC2BF","MPH"
"00110",0.0374264979406237,2,NA,"#FFFBFB","MPH"
"01001",0.494154594018443,2,NA,"#FFD8D6","MPH"
"01010",-0.440093374963888,2,NA,"#D9F7FF","MPH"
"01100",1.13353890837022,2,NA,"#FFA29E","MPH"
"10001",0.468347330412157,2,NA,"#FFD8D6","MPH"
"10010",-0.198596289982645,2,NA,"#ECFBFF","MPH"
"10100",1.09691001300806,2,NA,"#FFA6A2","MPH"
"11000",0.959518376972998,2,NA,"#FFB1AD","MPH"
"00111",0.436162647040756,3,NA,"#FFDBD9","MPH"
"01011",-0.213958789757446,3,NA,"#ECFBFF","MPH"
"01101",1.06818586174616,3,NA,"#FFAAA5","MPH"
"01110",0.348304863048161,3,NA,"#FFE2E1","MPH"
"10011",0.0644579892269184,3,NA,"#FFFBFB","MPH"
"10101",0.658011396657112,3,NA,"#FFC9C7","MPH"
"10110",0.110589710299249,3,NA,"#FFF4F3","MPH"
"11001",1.41830129131975,3,NA,"#FF8D87","MPH"
"11010",0.0334237554869497,3,NA,"#FFFBFB","MPH"
"11100",1.28330122870355,3,NA,"#FF9893","MPH"
"01111",0.624282095835668,4,NA,"#FFCDCA","MPH"
"10111",1.20951501454263,4,NA,"#FF9B96","MPH"
"11011",1.51054501020661,4,NA,"#FF8680","MPH"
"11101",1.8234742291703,4,NA,"#FF6A62","MPH"
"11110",0.60959440922522,4,NA,"#FFCDCA","MPH"
"11111",2.19589965240923,5,NA,"#FF4E45","MPH"
