"indices","effect"
"INTERCEPT",0.577776171327075
"72",0.594533800652239
"193",0.481809171608452
"258",0.636111205815607
"271",-0.497815459458043
"273",0.371911593121454
"72|193",0.22661917345881
"72|258",-0.139373435618158
"72|271",0.131586629005194
"72|273",0.215140242058334
"193|258",-0.0018274079510816
"193|271",0.0274533505680665
"193|273",0.220947878853122
"258|271",0.0990956335736708
"258|273",0.0290856493580213
"271|273",0.324564828889958
"72|193|258",0.00270990913413104
"72|193|271",0.0549924051751351
"72|193|273",0.207595889146383
"72|258|271",0.0831086766135044
"72|258|273",0.0804887483479892
"72|271|273",0.194734856269409
"193|258|271",-0.0113383265516824
"193|258|273",-0.0376695138790459
"193|271|273",-0.0260397218901288
"258|271|273",0.114423910959325
"72|193|258|271",-0.0377236070455458
"72|193|258|273",-0.0242613651808778
"72|193|271|273",0.0228576825033049
"72|258|271|273",0.0122654447092065
"193|258|271|273",-0.0660833874269465
