"id","effect","muts","cv","colors"
"00000",1,0,NA,"#FFEDEC"
"00001",1,1,NA,"#FFEDEC"
"00010",1,1,NA,"#FFEDEC"
"00100",1,1,NA,"#FFEDEC"
"01000",1,1,NA,"#FFEDEC"
"10000",1,1,NA,"#FFEDEC"
"00011",1.3436496148665,2,NA,"#FFE9E8"
"00101",0.49526926458172,2,NA,"#FFF7F7"
"00110",0.562386168395961,2,NA,"#FFF4F3"
"01001",1.33802212882752,2,NA,"#FFE9E8"
"01010",0.922771874523362,2,NA,"#FFF0F0"
"01100",0.871202900593187,2,NA,"#FFF0F0"
"10001",0.392355735867186,2,NA,"#FFF7F7"
"10010",0.500743600291112,2,NA,"#FFF7F7"
"10100",0.249180693878528,2,NA,"#FFFBFB"
"11000",0.894751316099631,2,NA,"#FFF0F0"
"00111",1.07522532370682,3,NA,"#FFEDEC"
"01011",1.18565309304097,3,NA,"#FFEDEC"
"01101",0.572130328746087,3,NA,"#FFF4F3"
"01110",0.646387565984431,3,NA,"#FFF4F3"
"10011",0.700484276181143,3,NA,"#FFF4F3"
"10101",0.0692379943296061,3,NA,"#FFFFFF"
"10110",0.116359491440109,3,NA,"#FFFBFB"
"11001",1.96432780702444,3,NA,"#FFDFDD"
"11010",0.479971500358912,3,NA,"#FFF7F7"
"11100",0.215023340335628,3,NA,"#FFFBFB"
"01111",0.931534471911291,4,NA,"#FFF0F0"
"10111",1.11546467917022,4,NA,"#FFEDEC"
"11011",10.9917137486774,4,NA,"#FF4E45"
"11101",0.569360467014664,4,NA,"#FFF4F3"
"11110",0.206246463792894,4,NA,"#FFFBFB"
"11111",6.07324020771692,5,NA,"#FF9B96"
