"model_order","R2","(Adjusted)","Delta R2"
"order1","0.667212805838578","0.54619928068897","0.667212805838578"
"order2","0.999997168632851","0.999991505898552","0.332784362794273"
"order3","0.999999438211474","0.999991573172116","2.26957862337063e-06"
