"id","effect","muts","cv","colors","enz"
"0000",0,0,NA,"#FFFFFF","TEM"
"0001",0.0128372247051722,1,NA,"#FFFFFF","TEM"
"0010",-2.5654310959658,1,NA,"#45D7FF","TEM"
"0100",0.0128372247051722,1,NA,"#FFFFFF","TEM"
"1000",0.0128372247051722,1,NA,"#FFFFFF","TEM"
"0011",-2.5654310959658,2,NA,"#45D7FF","TEM"
"0101",0.0128372247051722,2,NA,"#FFFFFF","TEM"
"0110",-2.5654310959658,2,NA,"#45D7FF","TEM"
"1001",0.0128372247051722,2,NA,"#FFFFFF","TEM"
"1010",0.0128372247051722,2,NA,"#FFFFFF","TEM"
"1100",0.0128372247051722,2,NA,"#FFFFFF","TEM"
"0111",-2.5654310959658,3,NA,"#45D7FF","TEM"
"1011",0.0128372247051722,3,NA,"#FFFFFF","TEM"
"1101",0.0128372247051722,3,NA,"#FFFFFF","TEM"
"1110",0.0128372247051722,3,NA,"#FFFFFF","TEM"
"1111",0.0128372247051722,4,NA,"#FFFFFF","TEM"
