"indices","effect"
"INTERCEPT",-0.632056244918978
"69",1.29149353036209
"104",0.00182413281126175
"238",-1.28806670659707
"276",0.00184436207683977
"69|104",-0.00160149034278169
"69|238",1.28818676826879
"69|276",-0.00159796621392277
"104|238",-0.00177397060157818
"104|276",-0.00182967630209356
"238|276",-0.0017781902053689
"69|104|238",0.00165798499250549
"69|104|276",0.00161775644958068
"69|238|276",0.00166815947815438
"104|238|276",0.00178003386750172
