"model_order","R2","(Adjusted)","Delta R2"
"order1","0.786423186063934","0.74535072184546","0.786423186063934"
"order2","0.949031567546654","0.901248662121641","0.162608381482719"
"order3","0.9933818280232","0.965806111453199","0.0443502604765458"
"order4","0.999151557169811","0.973698272264126","0.00576972914661056"
