"indices","effect"
"INTERCEPT",0.698831533062776
"72",0.0704044353590851
"193",0.238872811791107
"258",0.664693430795779
"271",-0.0716759047261539
"273",0.062489999331003
"72|193",0.0359363921960345
"72|258",-0.131907612236339
"72|271",0.11186458128675
"72|273",-0.0747382890984681
"193|258",0.0495157057593729
"193|271",0.0355438789526792
"193|273",0.0861259464839921
"258|271",-0.213172780687663
"258|273",0.112186193605996
"271|273",-0.00977479944464642
"72|193|258",0.0547129005589279
"72|193|271",0.05219488490017
"72|193|273",0.0319978103735065
"72|258|271",0.0444660806985589
"72|258|273",0.0821768771706436
"72|271|273",0.0904871931543681
"193|258|271",-0.030189201370793
"193|258|273",0.0529644868872893
"193|271|273",0.0222169510544506
"258|271|273",0.0324584250826056
"72|193|258|271",-0.0471199453420106
"72|193|258|273",0.0290440172453495
"72|193|271|273",0.00778908989788118
"72|258|271|273",-0.0234952243308321
"193|258|271|273",0.00928812559645032
