genotype,avg,pos,mutations,likely,enzyme_name,measure_type,cond
x0000,0.49554433754644844,p72,1,FALSE,MPH,catact,CdPTM
0x000,0.1931245983544616,p193,1,FALSE,MPH,catact,CdPTM
00x00,1.0934216851622351,p258,1,TRUE,MPH,catact,CdPTM
000x0,0.24551266781414982,p271,1,FALSE,MPH,catact,CdPTM
0000x,0.21484384804769785,p273,1,FALSE,MPH,catact,CdPTM
xx000,-0.1794664135698072,p72|p193,2,FALSE,MPH,catact,CdPTM
x0x00,-0.6626235760830286,p72|p258,2,FALSE,MPH,catact,CdPTM
x00x0,-0.22917364438172394,p72|p271,2,FALSE,MPH,catact,CdPTM
x000x,-0.48507890386828345,p72|p273,2,FALSE,MPH,catact,CdPTM
0xx00,-0.026474895531622078,p193|p258,2,FALSE,MPH,catact,CdPTM
0x0x0,-0.030397300856761844,p193|p271,2,FALSE,MPH,catact,CdPTM
0x00x,0.09718153191774659,p193|p273,2,FALSE,MPH,catact,CdPTM
00xx0,-0.5954245882479552,p258|p271,2,FALSE,MPH,catact,CdPTM
00x0x,-0.034107683946253076,p258|p273,2,TRUE,MPH,catact,CdPTM
000xx,-0.27566508504424886,p271|p273,2,FALSE,MPH,catact,CdPTM
xxx00,0.19706397442056167,p72|p193|p258,3,FALSE,MPH,catact,CdPTM
xx0x0,0.27201162117541355,p72|p193|p271,3,FALSE,MPH,catact,CdPTM
xx00x,-0.1134325272806806,p72|p193|p273,3,FALSE,MPH,catact,CdPTM
x0xx0,0.36623366128381685,p72|p258|p271,3,FALSE,MPH,catact,CdPTM
x0x0x,0.2124209968227163,p72|p258|p273,3,FALSE,MPH,catact,CdPTM
x00xx,0.33068197014749123,p72|p271|p273,3,FALSE,MPH,catact,CdPTM
0xxx0,-0.06352086670272439,p193|p258|p271,3,FALSE,MPH,catact,CdPTM
0xx0x,-0.03556196401983314,p193|p258|p273,3,TRUE,MPH,catact,CdPTM
0x0xx,-0.07353239796130889,p193|p271|p273,3,FALSE,MPH,catact,CdPTM
00xxx,0.09257075506615942,p258|p271|p273,3,FALSE,MPH,catact,CdPTM
xxxx0,-0.1887768823325069,p72|p193|p258|p271,4,FALSE,MPH,catact,CdPTM
xxx0x,0.4205348183663701,p72|p193|p258|p273,4,FALSE,MPH,catact,CdPTM
xx0xx,0.25049539958661704,p72|p193|p271|p273,4,FALSE,MPH,catact,CdPTM
x0xxx,2.2088575691658896e-4,p72|p258|p271|p273,4,FALSE,MPH,catact,CdPTM
0xxxx,0.26248768517517546,p193|p258|p271|p273,4,FALSE,MPH,catact,CdPTM
xxxxx,-0.3763653608071358,p72|p193|p258|p271|p273,5,FALSE,MPH,catact,CdPTM
