MAE,Last MAE,Step,Enzyme,Linear MAE,Linear Last MAE
0.6426447677889178,0.9234512696396517,1,DHFR,0.45929510476355806,0.22532164992649284
0.33906961179397305,0.03382885734751506,2,DHFR,0.3390696117939734,0.4519558601679668
0.1492424176665089,2.387878682664142,3,DHFR,0.1492424176665091,0.14924241766650925
