genotype,avg,pos,mutations
x000,2.1072099696478683,p51,1
x001,2.1072099696478683,p51,1
x010,0.5885924166281549,p51,1
x011,0,p51,1
x100,0.6020599913279623,p51,1
x101,-0.6020599913279625,p51,1
x110,0.6020599913279624,p51,1
x111,1.1972262747080242,p51,1
0x00,0.3010299956639812,p59,1
0x01,1.2041199826559248,p59,1
0x10,0.8827287043442357,p59,1
0x11,-0.29413628771608075,p59,1
1x00,-1.2041199826559248,p59,1
1x01,-1.505149978319906,p59,1
1x10,0.8961962790440432,p59,1
1x11,0.9030899869919435,p59,1
00x0,-0.8827287043442357,p108,1
00x1,-0.3010299956639812,p108,1
01x0,-0.3010299956639812,p108,1
01x1,-1.7992862660359867,p108,1
10x0,-2.401346257363949,p108,1
10x1,-2.4082399653118496,p108,1
11x0,-0.30102999566398114,p108,1
11x1,0,p108,1
000x,0.3010299956639812,p164,1
001x,0.8827287043442357,p164,1
010x,1.2041199826559248,p164,1
011x,-0.29413628771608075,p164,1
100x,0.30102999566398125,p164,1
101x,0.29413628771608075,p164,1
110x,0,p164,1
111x,0.30102999566398114,p164,1
xx00,-1.505149978319906,p51|p59,2
xx01,-2.709269960975831,p51|p59,2
xx10,0.013467574699807527,p51|p59,2
xx11,1.1972262747080242,p51|p59,2
x0x0,-1.5186175530197135,p51|p108,2
x0x1,-2.1072099696478683,p51|p108,2
x1x0,1.1102230246251565e-16,p51|p108,2
x1x1,1.7992862660359867,p51|p108,2
x00x,0,p51|p164,2
x01x,-0.5885924166281549,p51|p164,2
x10x,-1.2041199826559248,p51|p164,2
x11x,0.5951662833800618,p51|p164,2
0xx0,0.5816987086802545,p59|p108,2
0xx1,-1.4982562703720055,p59|p108,2
1xx0,2.1003162616999678,p59|p108,2
1xx1,2.4082399653118496,p59|p108,2
0x0x,0.9030899869919435,p59|p164,2
0x1x,-1.1768649920603165,p59|p164,2
1x0x,-0.30102999566398125,p59|p164,2
1x1x,0.0068937079479003405,p59|p164,2
00xx,0.5816987086802545,p108|p164,2
01xx,-1.4982562703720055,p108|p164,2
10xx,-0.0068937079479005625,p108|p164,2
11xx,0.30102999566398114,p108|p164,2
xxx0,1.5186175530197135,p51|p59|p108,3
xxx1,3.9064962356838553,p51|p59|p108,3
xx0x,-1.2041199826559248,p51|p59|p164,3
xx1x,1.1837587000082168,p51|p59|p164,3
x0xx,-0.5885924166281549,p51|p108|p164,3
x1xx,1.7992862660359865,p51|p108|p164,3
0xxx,-2.07995497905226,p59|p108|p164,3
1xxx,0.3079237036118818,p59|p108|p164,3
xxxx,2.387878682664142,p51|p59|p108|p164,4
