"model_order","R2","(Adjusted)","Delta R2"
"order1","0.649458965740471","0.521989498737006","0.649458965740471"
"order2","0.792531226934078","0.377593680802234","0.143072261193607"
"order3","0.970232102937717","0.553481544065753","0.177700876003639"
