genotype,avg,pos,mutations,likely,enzyme_name,measure_type,cond
x000,2.1072099696478683,p51,1,TRUE,DHFR,ic50,c58
0x00,0.3010299956639812,p59,1,FALSE,DHFR,ic50,c58
00x0,-0.8827287043442357,p108,1,FALSE,DHFR,ic50,c58
000x,0.3010299956639812,p164,1,FALSE,DHFR,ic50,c58
xx00,-1.505149978319906,p51|p59,2,FALSE,DHFR,ic50,c58
x0x0,-1.5186175530197135,p51|p108,2,FALSE,DHFR,ic50,c58
x00x,0,p51|p164,2,TRUE,DHFR,ic50,c58
0xx0,0.5816987086802545,p59|p108,2,FALSE,DHFR,ic50,c58
0x0x,0.9030899869919435,p59|p164,2,FALSE,DHFR,ic50,c58
00xx,0.5816987086802545,p108|p164,2,FALSE,DHFR,ic50,c58
xxx0,1.5186175530197135,p51|p59|p108,3,FALSE,DHFR,ic50,c58
xx0x,-1.2041199826559248,p51|p59|p164,3,FALSE,DHFR,ic50,c58
x0xx,-0.5885924166281549,p51|p108|p164,3,FALSE,DHFR,ic50,c58
0xxx,-2.07995497905226,p59|p108|p164,3,FALSE,DHFR,ic50,c58
xxxx,2.387878682664142,p51|p59|p108|p164,4,FALSE,DHFR,ic50,c58
