MAE,Last MAE,Step,Enzyme,Linear MAE,Linear Last MAE
2.140748691478757,6.25423220458568,1,AP,0.6371260375507816,0.582154521687503
0.46614678195641074,3.1425317039845027,2,AP,0.2995373547382808,0.45821449456249574
0.23033623516122248,2.431874969598341,3,AP,0.12825982193359392,0.10837873356250505
0.06517047082676937,2.085455066456607,4,AP,0.06514091956249969,0.06514091956250567
