"model_order","R2","(Adjusted)","Delta R2"
"order1","0.910363082955446","0.893125214293032","0.910363082955446"
"order2","0.979352478952045","0.959995427969588","0.0689893959965995"
"order3","0.99609381443553","0.979818041250239","0.0167413354834851"
"order4","0.999344083176663","0.979666578476553","0.00325026874113299"
