"indices","effect"
"INTERCEPT",-5.86805264425
"101",-1.19156944625
"166",-2.094115468375
"153",-0.011628479625001
"322",-4.02591628175
"328",-1.242757334875
"101|166",0.768067797875
"101|153",0.155031613875001
"101|322",-0.6261941345
"101|328",-0.0313086291249996
"166|153",0.452523535000001
"166|322",0.218767672625
"166|328",-0.0531953402499993
"153|322",0.276877504625
"153|328",0.566655175250001
"322|328",0.353512837125
"101|166|153",-0.318400633000001
"101|166|322",0.152312082375
"101|166|328",-0.1581975685
"101|153|322",-0.129901525375001
"101|153|328",0.0685127167499995
"101|322|328",-0.161392020125
"166|153|322",-0.116192767000001
"166|153|328",0.105225496374999
"166|322|328",-0.1358737925
"153|322|328",-0.43927844525
"101|166|153|322",-0.168660506
"101|166|153|328",0.0933923653750005
"101|166|322|328",-0.10323726325
"101|153|322|328",0.10825955575
"166|153|322|328",0.156721476125
