MAE,Last MAE,Step,Enzyme,Linear MAE,Linear Last MAE
0.6454673996426892,1.7212463990471711,1,OXA-48,0.32265112555384645,9.191371721506414e-7
0.2151557998808964,1.7212463990471711,2,OXA-48,0.21510103579598885,0.2151016371951988
0,0,3,OXA-48,2.849120475552772e-7,2.84912047510133e-7
