"genotype","predicted effect"
"AFST",2.84912048803937e-07
"AFSA",-2.84891827090744e-07
"AFAT",-1.72080628697451
"AFAA",-1.72080571715011
"ALST",-1.72080628127682
"ALSA",-1.72080545399016
"ALAT",-1.720805717143
"ALAA",-1.72080612688806
"VFST",-2.84938136869999e-07
"VFSA",2.84893616149555e-07
"VFAT",2.84953118672834e-07
"VFAA",-3.04702767700124e-07
"VLST",-1.72080570564969
"VLSA",-1.72080159484882
"VLAT",-1.72080628610598
"VLAA",-1.72080571145272
