pos,mutations,idiosync
p33,Order 1,1.5935645128989968
p72,Order 1,1.5935645128989968
p212,Order 1,1.5935645128989968
p213,Order 1,0
p33|p72,Order 2,1.9875241436631166
p33|p212,Order 2,1.9875241436631166
p33|p213,Order 2,0
p72|p212,Order 2,1.9875241436631166
p72|p213,Order 2,0
p212|p213,Order 2,0
p33|p72|p212,Order 3,0
p33|p72|p213,Order 3,0
p33|p212|p213,Order 3,0
p72|p212|p213,Order 3,0
