"model_order","R2","(Adjusted)","Delta R2"
"order1","0.733333526608106","0.636363899920145","0.733333526608106"
"order2","0.933333116262711","0.799999348788134","0.199999589654605"
"order3","0.999999999999883","0.999999999998246","0.0666668837371721"
