p33,p72,p212,p213,numbers,genotype,observed effect,epistatic effect,average effect,WT effect,cv,mutations,2 step,3 step,final step
-1,-1,-1,-1,0000,AFST,0,2.849120488039367e-7,-0.43020178542912935,0,NA,0,0,0,0
-1,-1,-1,1,0001,AFSA,0,-2.8489182709074387e-7,-0.43020115003011494,0,NA,1,0,0,0
-1,-1,1,-1,0010,AFAT,-1.7212463990471711,-1.7208062869745078,-0.8604038891384095,-1.7212463990471711,NA,1,-1.7212463990471711,-1.7212463990471711,-1.7212463990471711
-1,-1,1,1,0011,AFAA,-1.7212463990471711,-1.7208057171501134,-0.860403253739395,-1.7212463990471711,NA,2,-1.7212463990471711,-1.7212463990471711,-1.7212463990471711
-1,1,-1,-1,0100,ALST,-1.7212463990471711,-1.7208062812768166,-1.7208056421112141,-1.7212463990471711,NA,1,-1.7212463990471711,-1.7212463990471711,-1.7212463990471711
-1,1,-1,1,0101,ALSA,-1.7212463990471711,-1.7208054539901618,-1.7208050067121998,-1.7212463990471711,NA,2,-1.7212463990471711,-1.7212463990471711,-1.7212463990471711
-1,1,1,-1,0110,ALAT,-1.7212463990471711,-1.7208057171430027,-2.151007745820494,-3.4424927980943423,NA,2,-1.7212463990471711,-1.7212463990471711,-1.7212463990471711
-1,1,1,1,0111,ALAA,-1.7212463990471711,-1.720806126888057,-2.15100711042148,-3.4424927980943423,NA,3,-1.7212463990471711,-1.7212463990471711,-1.7212463990471711
1,-1,-1,-1,1000,VFST,0,-2.849381368699986e-7,2.477647529086635e-7,0,NA,1,0,0,0
1,-1,-1,1,1001,VFSA,0,2.84893616149555e-7,8.831637673678561e-7,0,NA,2,0,0,0
1,-1,1,-1,1010,VFAT,0,2.849531186728339e-7,-0.4302018559445272,-1.7212463990471711,NA,2,0,0,0
1,-1,1,1,1011,VFAA,0,-3.047027677001236e-7,-0.4302012205455128,-1.7212463990471711,NA,3,0,0,0
1,1,-1,-1,1100,VLST,-1.7212463990471711,-1.720805705649692,-1.2906036089173318,-1.7212463990471711,NA,2,-1.7212463990471711,-1.7212463990471711,-1.7212463990471711
1,1,-1,1,1101,VLSA,-1.7212463990471711,-1.7208015948488176,-1.2906029735183175,-1.7212463990471711,NA,3,-1.7212463990471711,-1.7212463990471711,-1.7212463990471711
1,1,1,-1,1110,VLAT,-1.7212463990471711,-1.7208062861059776,-1.720805712626612,-3.4424927980943423,NA,3,0,-1.7212463990471711,-1.7212463990471711
1,1,1,1,1111,VLAA,-1.7212463990471711,-1.7208057114527224,-1.7208050772275978,-3.4424927980943423,NA,4,0,-1.7212463990471711,-1.7212463990471711
