"indices","sign","effect"
"72|212",0,1.72124639904717
"72|212|213",0,1.72124639904717
"33|212",0,1.72124639904717
"33|212|213",0,1.72124639904717
"33|72|212",0,1.72124639904717
"33|72|212|213",0,1.72124639904717
