"genotype","predicted effect"
"RSLTL",2.21066684534366
"LSLTL",0.878479545740047
"R-LTL",0.925075739232319
"RSHTL",1.86018057606842
"RSLIL",1.63654913270977
"RSLTF",0.770639894652423
"L-LTL",0.634780329859813
"LSHTL",0.613451510358192
"LSLIL",0.997947307494831
"LSLTF",0.365256303361839
"R-HTL",0.539756239714673
"R-LIL",0.305661257357279
"R-LTF",-0.230674227379428
"RSHIL",1.5298292649749
"RSHTF",0.759400418943489
"RSLIF",0.837521274567693
"L-HTL",0.211296947196232
"L-LIL",0.663910107031329
"L-LTF",0.262853594302102
"LSHIL",1.34046591708371
"LSHTF",-0.00129766595202155
"LSLIF",0.671646854783435
"R-HIL",0.495981159448847
"R-HTF",-0.0639123981330699
"R-LIF",0.479072636844106
"RSHIF",1.23606525694523
"L-HIL",0.937001843260932
"L-HTF",-0.387384914008833
"L-LIF",0.543091805622558
"LSHIF",0.399439852932004
"R-HIF",0.845913947471704
"L-HIF",-0.00615528120722166
