"id","effect","muts","cv","colors"
"00000",1,0,0.0390736233555345,"#FF746D"
"00001",1,1,0.0230188600512569,"#FF746D"
"00010",1,1,0.00431943895198047,"#FF746D"
"00100",1,1,0.00442673910022134,"#FF746D"
"01000",1,1,0.0713978582385667,"#FF746D"
"10000",1,1,0.00197690115447048,"#FF746D"
"00011",0.456441992663325,2,0.00246649891186504,"#FFBFBC"
"00101",0.156798425455142,2,0.114933030287521,"#FFE9E8"
"00110",1.28919860627178,2,0.0392041541712864,"#FF4E45"
"01001",0.974554775318399,2,0.00401695100523947,"#FF7871"
"01010",0.964265456608055,2,0.0840237985424303,"#FF7C75"
"01100",0.522702104097453,2,0.0165463458665108,"#FFB8B4"
"10001",0.0518446557482149,2,0.0343305605084883,"#FFF7F7"
"10010",0.300882496004447,2,0.009131157803413,"#FFD4D2"
"10100",0.125356125356125,2,0.0582178815994281,"#FFEDEC"
"11000",0.971752909737406,2,0.0656974015204296,"#FF7871"
"00111",0.345631798125427,3,0.00143764228607614,"#FFD0CE"
"01011",0.447172922854639,3,0.00659842195081269,"#FFC2BF"
"01101",0.127016336665764,3,0.0113939487192958,"#FFEDEC"
"01110",0.626637495610836,3,0.00246380419724755,"#FFAAA5"
"10011",0.138417292795496,3,0.000201338488581431,"#FFEDEC"
"10101",0.00976614065018198,3,0.108376502309661,"#FFFFFF"
"10110",0.0592632299949373,3,0.0480992553094508,"#FFF7F7"
"11001",0.215528121614861,3,0.00752989987087724,"#FFE2E1"
"11010",0.777025261804993,3,0.0136145089761332,"#FF948F"
"11100",0.108848946058248,3,0.0108924858493153,"#FFF0F0"
"01111",0.234440173147092,4,0.000393497894108544,"#FFDFDD"
"10111",0.0963051563706824,4,0.0109161177483198,"#FFF0F0"
"11011",1.13175455539511,4,0.0331144185304447,"#FF635B"
"11101",0.078785489834004,4,0.0106034296574731,"#FFF4F3"
"11110",0.227009113377047,4,0.00170456102701801,"#FFDFDD"
"11111",0.720046809248256,5,0.0106368330685336,"#FF9B96"
