"genotype","predicted effect"
"PALWI",-0.0155046381250045
"PALWL",0.635410057124999
"PALRI",0.375766560124999
"PALRL",1.058554316875
"PARWI",1.145237806125
"PARWL",2.345019070875
"PARRI",2.286093511875
"PARRL",3.072374187125
"PTLWI",0.357177804124999
"PTLWL",1.268913082875
"PTLRI",1.236382411875
"PTLRL",2.856177168125
"PTRWI",1.812327187875
"PTRWL",3.369564107125
"PTRRI",2.836340902125
"PTRRL",3.971301042875
"LALWI",0.367723166124999
"LALWL",1.788677827875
"LALRI",1.628423493875
"LALRL",2.465735788125
"LARWI",1.685136664875
"LARWL",2.790114534125
"LARRI",2.997025953125
"LARRL",4.093999041875
"LTLWI",1.007750381875
"LTLWL",2.814863193125
"LTLRI",2.052981309125
"LTLRL",4.101328369875
"LTRWI",3.099850005125
"LTRWL",4.266491823875
"LTRRI",3.946755412875
"LTRRL",5.245306463125
