pos,mutations,idiosync
p21,Order 1,0.7195918953997447
p26,Order 1,0.8628505296378226
p28,Order 1,0.7331876069825745
p30,Order 1,0.6898938584483546
p94,Order 1,0.806694030360651
p21|p26,Order 2,0.756027191266762
p21|p28,Order 2,0.996668584766368
p21|p30,Order 2,0.7695355901194854
p21|p94,Order 2,0.8588182534533285
p26|p28,Order 2,1.1742101491342325
p26|p30,Order 2,1.1374577796511725
p26|p94,Order 2,0.79768325818828
p28|p30,Order 2,1.1183024708685463
p28|p94,Order 2,1.0905378199758688
p30|p94,Order 2,0.8578519404503299
p21|p26|p28,Order 3,0.7009523198369596
p21|p26|p30,Order 3,0.5320869508206755
p21|p26|p94,Order 3,0.5926909694067523
p21|p28|p30,Order 3,1.281226446745015
p21|p28|p94,Order 3,1.3075577500904227
p21|p30|p94,Order 3,1.225352862799266
p26|p28|p30,Order 3,0.9395687857344606
p26|p28|p94,Order 3,0.975169505834345
p26|p30|p94,Order 3,0.8618224490334592
p28|p30|p94,Order 3,1.4495387605246168
p21|p26|p28|p30,Order 4,0.705085808036729
p21|p26|p28|p94,Order 4,0.705085808036729
p21|p26|p30|p94,Order 4,0.705085808036729
p21|p28|p30|p94,Order 4,0.705085808036729
p26|p28|p30|p94,Order 4,0.7050858080367294
