"id","effect","muts","cv","colors","enz"
"00000",0,0,NA,"#FFFFFF","DHFR"
"00001",0.620136054973757,1,NA,"#FFE9E8","DHFR"
"00010",0.359835482339888,1,NA,"#FFF4F3","DHFR"
"00100",1.13033376849501,1,NA,"#FFD8D6","DHFR"
"01000",0.342422680822206,1,NA,"#FFF4F3","DHFR"
"10000",0.352182518111362,1,NA,"#FFF4F3","DHFR"
"00011",1.07554696139253,2,NA,"#FFDBD9","DHFR"
"00101",2.35983548233989,2,NA,"#FFADA9","DHFR"
"00110",2.30102999566398,2,NA,"#FFB1AD","DHFR"
"01001",1.28330122870355,2,NA,"#FFD4D2","DHFR"
"01010",1.25285303097989,2,NA,"#FFD4D2","DHFR"
"01100",1.82801506422398,2,NA,"#FFC2BF","DHFR"
"10001",1.80413943233535,2,NA,"#FFC2BF","DHFR"
"10010",1.64345267648619,2,NA,"#FFC6C3","DHFR"
"10100",1.70070371714502,2,NA,"#FFC6C3","DHFR"
"11000",1.02530586526477,2,NA,"#FFDBD9","DHFR"
"00111",3.05690485133647,3,NA,"#FF9893","DHFR"
"01011",2.84073323461181,3,NA,"#FF9F9A","DHFR"
"01101",3.3541084391474,3,NA,"#FF8D87","DHFR"
"01110",2.8208579894397,3,NA,"#FF9F9A","DHFR"
"10011",2.45024910831936,3,NA,"#FFADA9","DHFR"
"10101",2.77451696572855,3,NA,"#FF9F9A","DHFR"
"10110",2.98136550907854,3,NA,"#FF9893","DHFR"
"11001",2.79934054945358,3,NA,"#FF9F9A","DHFR"
"11010",2.03742649794062,3,NA,"#FFBBB8","DHFR"
"11100",3.08278537031645,3,NA,"#FF9893","DHFR"
"01111",3.98677173426624,4,NA,"#FF7871","DHFR"
"10111",4.11058971029925,4,NA,"#FF746D","DHFR"
"11011",4.11727129565576,4,NA,"#FF746D","DHFR"
"11101",4.28103336724773,4,NA,"#FF6D66","DHFR"
"11110",3.96236933567002,4,NA,"#FF7871","DHFR"
"11111",5.23044892137827,5,NA,"#FF4E45","DHFR"
