"indices","sign","effect"
"28|94",0,0.609365658871124
"28|30",0,0.810860744829087
"28|30|94",0,0.946599545527821
"26|94",0,0.320742492907586
"26|30",0,0.550594867817799
"26|30|94",0,1.51833901647595
"26|28",0,0.355258614906764
"26|28|94",0,1.26121593485643
"26|28|30",0,0.9882660577826
"26|28|30|94",0,1.53404374763539
"21|94",0,0.83182085925023
"21|30",0,0.931434676034937
"21|30|94",0,1.11809505289435
"21|28",0,0.218187430538651
"21|28|94",0,0.671864624148424
"21|28|30",0,1.13901374013229
"21|28|30|94",0,1.64810188637923
"21|26",0,0.330700666331201
"21|26|94",0,1.48459929554626
"21|26|30",0,0.982985816667167
"21|26|30|94",0,2.44269455940855
"21|26|28",0,1.25784640288788
"21|26|28|94",0,1.83595834484539
"21|26|28|30",0,1.77759488590156
"21|26|28|30|94",0,2.42553841663605
