genotype,avg,pos,mutations,likely,enzyme_name,measure_type,cond
x0000,0.3521825181113625,p21,1,FALSE,DHFR,ki,trajr
0x000,0.3424226808222063,p26,1,FALSE,DHFR,ki,trajr
00x00,1.130333768495006,p28,1,TRUE,DHFR,ki,trajr
000x0,0.359835482339888,p30,1,FALSE,DHFR,ki,trajr
0000x,0.6201360549737575,p94,1,FALSE,DHFR,ki,trajr
xx000,0.33070066633120143,p21|p26,2,FALSE,DHFR,ki,trajr
x0x00,0.21818743053865086,p21|p28,2,FALSE,DHFR,ki,trajr
x00x0,0.931434676034937,p21|p30,2,FALSE,DHFR,ki,trajr
x000x,0.8318208592502303,p21|p94,2,FALSE,DHFR,ki,trajr
0xx00,0.35525861490676436,p26|p28,2,FALSE,DHFR,ki,trajr
0x0x0,0.5505948678177989,p26|p30,2,FALSE,DHFR,ki,trajr
0x00x,0.32074249290758594,p26|p94,2,FALSE,DHFR,ki,trajr
00xx0,0.8108607448290872,p28|p30,2,FALSE,DHFR,ki,trajr
00x0x,0.6093656588711243,p28|p94,2,TRUE,DHFR,ki,trajr
000xx,0.09557542407888536,p30|p94,2,FALSE,DHFR,ki,trajr
xxx00,0.35369969111125876,p21|p26|p28,3,FALSE,DHFR,ki,trajr
xx0x0,-0.8297443935167702,p21|p26|p30,3,FALSE,DHFR,ki,trajr
xx00x,0.0013352770572377937,p21|p26|p94,3,FALSE,DHFR,ki,trajr
x0xx0,-0.8214691112703871,p21|p28|p30,3,FALSE,DHFR,ki,trajr
x0x0x,-0.9875093245115818,p21|p28|p94,3,FALSE,DHFR,ki,trajr
x00xx,-0.7407359064696997,p21|p30|p94,3,FALSE,DHFR,ki,trajr
0xxx0,-0.7284481697710506,p26|p28|p30,3,FALSE,DHFR,ki,trajr
0xx0x,-0.024150831829043762,p26|p28|p94,3,TRUE,DHFR,ki,trajr
0x0xx,0.5514262316716846,p26|p30|p94,3,FALSE,DHFR,ki,trajr
00xxx,-0.5692022822512757,p28|p30|p94,3,FALSE,DHFR,ki,trajr
xxxx0,0.6065198688900676,p21|p26|p28|p30,4,FALSE,DHFR,ki,trajr
xxx0x,-0.17349218978803338,p21|p26|p28|p94,4,TRUE,DHFR,ki,trajr
xx0xx,0.3995443642454587,p21|p26|p30|p94,4,FALSE,DHFR,ki,trajr
x0xxx,1.269773717279264,p21|p28|p30|p94,4,FALSE,DHFR,ki,trajr
0xxxx,-0.4379790035961736,p26|p28|p30|p94,4,FALSE,DHFR,ki,trajr
xxxxx,-0.4985709561811674,p21|p26|p28|p30|p94,5,TRUE,DHFR,ki,trajr
