"positions","effects","identity","mut","condition"
"p33",0.113943352306837,"x000","1","CAZtraj1_OXA-48_ic50_CAZtraj1"
"p33",0.0806944687698653,"x001","2","CAZtraj1_OXA-48_ic50_CAZtraj1"
"p33",-0.0302239826058733,"x010","2","CAZtraj1_OXA-48_ic50_CAZtraj1"
"p33",-0.0716932246550749,"x011","3","CAZtraj1_OXA-48_ic50_CAZtraj1"
"p33",0.0688557794379442,"x100","2","CAZtraj1_OXA-48_ic50_CAZtraj1"
"p33",-0.0984864012430113,"x101","3","CAZtraj1_OXA-48_ic50_CAZtraj1"
"p33",0.0230653040686932,"x110","3","CAZtraj1_OXA-48_ic50_CAZtraj1"
"p33",0.119926213737684,"x111","4","CAZtraj1_OXA-48_ic50_CAZtraj1"
"p72",0.356025857193123,"0x00","1","CAZtraj1_OXA-48_ic50_CAZtraj1"
"p72",1.15987571481749,"0x01","2","CAZtraj1_OXA-48_ic50_CAZtraj1"
"p72",0.965845723765694,"0x10","2","CAZtraj1_OXA-48_ic50_CAZtraj1"
"p72",1.21948201633725,"0x11","3","CAZtraj1_OXA-48_ic50_CAZtraj1"
"p72",0.31093828432423,"1x00","2","CAZtraj1_OXA-48_ic50_CAZtraj1"
"p72",0.980694844804613,"1x01","3","CAZtraj1_OXA-48_ic50_CAZtraj1"
"p72",1.01913501044026,"1x10","3","CAZtraj1_OXA-48_ic50_CAZtraj1"
"p72",1.41110145473001,"1x11","4","CAZtraj1_OXA-48_ic50_CAZtraj1"
"p212",0.0755469613925307,"00x0","1","CAZtraj1_OXA-48_ic50_CAZtraj1"
"p212",0.28481445142579,"00x1","2","CAZtraj1_OXA-48_ic50_CAZtraj1"
"p212",0.685366827965102,"01x0","2","CAZtraj1_OXA-48_ic50_CAZtraj1"
"p212",0.344420752945549,"01x1","3","CAZtraj1_OXA-48_ic50_CAZtraj1"
"p212",-0.0686203735201793,"10x0","2","CAZtraj1_OXA-48_ic50_CAZtraj1"
"p212",0.13242675800085,"10x1","3","CAZtraj1_OXA-48_ic50_CAZtraj1"
"p212",0.639576352595851,"11x0","3","CAZtraj1_OXA-48_ic50_CAZtraj1"
"p212",0.562833367926245,"11x1","4","CAZtraj1_OXA-48_ic50_CAZtraj1"
"p213",-0.0199966284162537,"000x","1","CAZtraj1_OXA-48_ic50_CAZtraj1"
"p213",0.189270861617006,"001x","2","CAZtraj1_OXA-48_ic50_CAZtraj1"
"p213",0.783853229208114,"010x","2","CAZtraj1_OXA-48_ic50_CAZtraj1"
"p213",0.442907154188561,"011x","3","CAZtraj1_OXA-48_ic50_CAZtraj1"
"p213",-0.0532455119532251,"100x","2","CAZtraj1_OXA-48_ic50_CAZtraj1"
"p213",0.147801619567804,"101x","3","CAZtraj1_OXA-48_ic50_CAZtraj1"
"p213",0.616511048527158,"110x","3","CAZtraj1_OXA-48_ic50_CAZtraj1"
"p213",0.539768063857552,"111x","4","CAZtraj1_OXA-48_ic50_CAZtraj1"
