"id","effect","muts","cv","colors"
"0000",1,0,0.0173100498125909,"#FFF0F0"
"0001",1,1,0.0111402655397963,"#FFF0F0"
"0010",1,1,0.0105853963733138,"#FFF0F0"
"0100",1,1,0.0409416634228853,"#FFF0F0"
"1000",1,1,0.0623052756851931,"#FFF0F0"
"0011",1.61907695015179,2,0.0458612567654549,"#FFE6E4"
"0101",6.36575408815185,2,0.128408100365132,"#FF9F9A"
"0110",4.07211342686854,2,0.000539122761551008,"#FFC2BF"
"1001",0.926298832057994,2,0.00618984967326733,"#FFF0F0"
"1010",0.717517776341306,2,0.00110144530124736,"#FFF4F3"
"1100",0.901389359539139,2,0.00347701328385006,"#FFF0F0"
"0111",0.281699732736152,3,0.17907246190435,"#FF5148"
"1011",0.981249936136514,3,0.0753379544311736,"#FFF0F0"
"1101",0.734356093447229,3,0.178653077658169,"#FFC6C3"
"1110",1.25422906159748,3,0.0841987844719815,"#FFCDCA"
"1111",1.87250699552858,4,0.73565624408376,"#FF4E45"
