"genotype","predicted effect"
"AFST",-0.00265699999999973
"AFAA",0.2551936915
"AFSA",-0.0220274302499999
"AFAT",0.0739500861999998
"ALST",0.348814633750001
"ALAT",1.03948729066667
"ALSA",1.12236559966667
"ALAA",1.48334058733333
"VFST",0.105752876
"VLST",0.42452618
"VLAT",1.05443872266667
"VLSA",1.03678114733333
"VFAA",0.190884432333333
"VLAA",1.59946380366667
"VFAT",0.0434822596666662
"VFSA",0.0597272186666663
