pos,mutations,idiosync
p33,Order 1,0.16834384610069952
p72,Order 1,0.7901353387265316
p212,Order 1,0.5561245644528675
p213,Order 1,0.6174564432978624
p33|p72,Order 2,0.3132409622805735
p33|p212,Order 2,0.34634708478336024
p33|p213,Order 2,0.21583917270794184
p72|p212,Order 2,0.5715277323593311
p72|p213,Order 2,0.5032635434770889
p212|p213,Order 2,0.5245098634731175
p33|p72|p212,Order 3,0.38526493608934353
p33|p72|p213,Order 3,0.38526493608934353
p33|p212|p213,Order 3,0.3852649360893436
p72|p212|p213,Order 3,0.3852649360893433
