"model_order","R2","(Adjusted)","Delta R2"
"order1","0.873323050449739","0.862766637987217","0.873323050449739"
"order2","0.973953061879596","0.967751409946167","0.100630011429857"
"order3","0.98524629615054","0.979810721048108","0.0112932342709444"
"order4","0.986186731132018","0.98058675726662","0.000940434981477778"
