"id","effect","muts","cv","colors","enz"
"0000",0,0,0.0173100498125909,"#FFFFFF","OXA-48"
"0001",-0.0199966284162537,1,0.0111402655397963,"#FBFEFF","OXA-48"
"0010",0.0755469613925307,1,0.0105853963733138,"#FFF7F7","OXA-48"
"0100",0.356025857193123,1,0.0409416634228853,"#FFD8D6","OXA-48"
"1000",0.113943352306837,1,0.0623052756851931,"#FFF0F0","OXA-48"
"0011",0.264817823009536,2,0.0458612567654549,"#FFE2E1","OXA-48"
"0101",1.13987908640124,2,0.128408100365132,"#FF7F79","OXA-48"
"0110",1.04139268515823,2,0.000539122761551008,"#FF8D87","OXA-48"
"1001",0.0606978403536116,2,0.00618984967326733,"#FFF7F7","OXA-48"
"1010",0.0453229787866575,2,0.00110144530124736,"#FFFBFB","OXA-48"
"1100",0.424881636631067,2,0.00347701328385006,"#FFD0CE","OXA-48"
"0111",1.48429983934679,3,0.00426398201221203,"#FF5C53","OXA-48"
"1011",0.193124598354462,3,0.022185402691204,"#FFE9E8","OXA-48"
"1101",1.04139268515823,3,0.0405781143359201,"#FF8D87","OXA-48"
"1110",1.06445798922692,3,0.0790812031253331,"#FF8A84","OXA-48"
"1111",1.60422605308447,4,0.0328171774675838,"#FF4E45","OXA-48"
