genotype,avg,pos,mutations,likely,enzyme_name,measure_type,cond
x000,0.11394335230683679,p33,1,FALSE,OXA-48,ic50,CAZtraj1
0x00,0.35602585719312274,p72,1,TRUE,OXA-48,ic50,CAZtraj1
00x0,0.07554696139253074,p212,1,FALSE,OXA-48,ic50,CAZtraj1
000x,-0.019996628416253676,p213,1,FALSE,OXA-48,ic50,CAZtraj1
xx00,-0.04508757286889255,p33|p72,2,FALSE,OXA-48,ic50,CAZtraj1
x0x0,-0.14416733491271005,p33|p212,2,FALSE,OXA-48,ic50,CAZtraj1
x00x,-0.03324888353697146,p33|p213,2,FALSE,OXA-48,ic50,CAZtraj1
0xx0,0.6098198665725717,p72|p212,2,FALSE,OXA-48,ic50,CAZtraj1
0x0x,0.8038498576243673,p72|p213,2,TRUE,OXA-48,ic50,CAZtraj1
00xx,0.2092674900332594,p212|p213,2,FALSE,OXA-48,ic50,CAZtraj1
xxx0,0.09837685954345904,p33|p72|p212,3,FALSE,OXA-48,ic50,CAZtraj1
xx0x,-0.1340932971439841,p33|p72|p213,3,FALSE,OXA-48,ic50,CAZtraj1
x0xx,-0.008220358512230158,p33|p212|p213,3,FALSE,OXA-48,ic50,CAZtraj1
0xxx,-0.5502135650528123,p72|p212|p213,3,TRUE,OXA-48,ic50,CAZtraj1
xxxx,0.2724234488621767,p33|p72|p212|p213,4,TRUE,OXA-48,ic50,CAZtraj1
