MAE,Last MAE,Step,Enzyme,Linear MAE,Linear Last MAE
0.9308233785402718,2.4024528394000155,1,OXA-48,0.4077672157916668,0.10928400890277779
0.37438118603847637,2.7681357192145075,2,OXA-48,0.26729240474999993,0.29254530637500004
0.017022294871674417,0.27235671794679006,3,OXA-48,0.06384856480381944,0.10006761926388859
5.2258544713801314e-17,2.220446049250313e-16,4,OXA-48,0.06156411590277789,0.09418337577777754
