"id","effect","muts","cv","colors"
"0000",1,0,0.137368471347275,"#FFFFFF"
"0001",1,1,0.157023854715216,"#FFFFFF"
"0010",1,1,0.0195217099389146,"#FFFFFF"
"0100",1,1,0.0357651213384106,"#FFFFFF"
"1000",1,1,0.00608386011383512,"#FFFFFF"
"0011",2.55622465282045,2,0.00735753253680254,"#FFFFFF"
"0101",1.34799005054963,2,0.0225434629505294,"#FFFFFF"
"0110",143.320431007427,2,0.0441994412193606,"#FFB1AD"
"1001",0.977858489907104,2,0.00575717894512591,"#FFFFFF"
"1010",281.0048525375,2,0.0144631203985486,"#FF665F"
"1100",1.09145269380717,2,0.00903912325312976,"#FFFFFF"
"0111",0.662235372215983,3,0.124980715683232,"#FF4E45"
"1011",0.22153620014245,3,0.124479696308013,"#FFAAA5"
"1101",1.23235380436221,3,0.058459280737595,"#FFFFFF"
"1110",0.00503866025942441,3,0.11189412516121,"#FF8680"
"1111",1.87221930017035,4,0.624429036078447,"#FF746D"
