pos,mutations,idiosync
p33,Order 1,1.9655537157845064
p72,Order 1,1.905386998503178
p212,Order 1,1.9417544310358514
p213,Order 1,0.4305439867431863
p33|p72,Order 2,2.5145297860087257
p33|p212,Order 2,2.5714768326281754
p33|p213,Order 2,0.6720605673843246
p72|p212,Order 2,2.5013297285694787
p72|p213,Order 2,0.30955244549990074
p212|p213,Order 2,0.6208508456411381
p33|p72|p212,Order 3,0.38517056432377456
p33|p72|p213,Order 3,0.3851705643237745
p33|p212|p213,Order 3,0.3851705643237742
p72|p212|p213,Order 3,0.3851705643237736
