p33,x000,1,0,OXA-48,ic50,PIPtraj1
p33,x001,2,-0.00972398928102927,OXA-48,ic50,PIPtraj1
p33,x010,2,2.448713819592138,OXA-48,ic50,PIPtraj1
p33,x011,3,1.7844345325972932,OXA-48,ic50,PIPtraj1
p33,x100,2,0.0380049170825114,OXA-48,ic50,PIPtraj1
p33,x101,3,0.11901633792139042,OXA-48,ic50,PIPtraj1
p33,x110,3,0.18903381294439492,OXA-48,ic50,PIPtraj1
p33,x111,4,-0.11215334598375139,OXA-48,ic50,PIPtraj1
p72,0x00,1,0,OXA-48,ic50,PIPtraj1
p72,0x01,2,0.12968668670424055,OXA-48,ic50,PIPtraj1
p72,0x10,2,2.156308105549515,OXA-48,ic50,PIPtraj1
p72,0x11,3,2.1070071664166194,OXA-48,ic50,PIPtraj1
p72,1x00,2,0.038004917082511414,OXA-48,ic50,PIPtraj1
p72,1x01,3,0.25842701390666023,OXA-48,ic50,PIPtraj1
p72,1x10,3,-0.10337190109822747,OXA-48,ic50,PIPtraj1
p72,1x11,4,0.21041928783557462,OXA-48,ic50,PIPtraj1
p212,00x0,1,0,OXA-48,ic50,PIPtraj1
p212,00x1,2,0.4075990189671479,OXA-48,ic50,PIPtraj1
p212,01x0,2,2.156308105549515,OXA-48,ic50,PIPtraj1
p212,01x1,3,2.3849194986795266,OXA-48,ic50,PIPtraj1
p212,10x0,2,2.448713819592138,OXA-48,ic50,PIPtraj1
p212,10x1,3,2.2017575408454704,OXA-48,ic50,PIPtraj1
p212,11x0,3,2.3073370014113985,OXA-48,ic50,PIPtraj1
p212,11x1,4,2.1537498147743848,OXA-48,ic50,PIPtraj1
p213,000x,1,0,OXA-48,ic50,PIPtraj1
p213,001x,2,0.4075990189671479,OXA-48,ic50,PIPtraj1
p213,010x,2,0.12968668670424058,OXA-48,ic50,PIPtraj1
p213,011x,3,0.3582980798342519,OXA-48,ic50,PIPtraj1
p213,100x,2,-0.009723989281029268,OXA-48,ic50,PIPtraj1
p213,101x,3,-0.2566802680276965,OXA-48,ic50,PIPtraj1
p213,110x,3,0.2106981075431196,OXA-48,ic50,PIPtraj1
p213,111x,4,0.0571109209061056,OXA-48,ic50,PIPtraj1
