"positions","effects","identity","mut","condition"
"p33",-0.0118871597316481,"x000","1","PIPtraj1_OXA-48_ic50_PIPtraj1"
"p33",-0.0216111490126774,"x001","2","PIPtraj1_OXA-48_ic50_PIPtraj1"
"p33",2.43682665986049,"x010","2","PIPtraj1_OXA-48_ic50_PIPtraj1"
"p33",1.77254737286565,"x011","3","PIPtraj1_OXA-48_ic50_PIPtraj1"
"p33",0.0261177573508633,"x100","2","PIPtraj1_OXA-48_ic50_PIPtraj1"
"p33",0.107129178189742,"x101","3","PIPtraj1_OXA-48_ic50_PIPtraj1"
"p33",0.177146653212747,"x110","3","PIPtraj1_OXA-48_ic50_PIPtraj1"
"p33",-0.124040505715399,"x111","4","PIPtraj1_OXA-48_ic50_PIPtraj1"
"p72",-1.61618463401957,"0x00","1","PIPtraj1_OXA-48_ic50_PIPtraj1"
"p72",-1.48649794731533,"0x01","2","PIPtraj1_OXA-48_ic50_PIPtraj1"
"p72",0.540123471529947,"0x10","2","PIPtraj1_OXA-48_ic50_PIPtraj1"
"p72",0.490822532397051,"0x11","3","PIPtraj1_OXA-48_ic50_PIPtraj1"
"p72",-1.57817971693706,"1x00","2","PIPtraj1_OXA-48_ic50_PIPtraj1"
"p72",-1.35775762011291,"1x01","3","PIPtraj1_OXA-48_ic50_PIPtraj1"
"p72",-1.7195565351178,"1x10","3","PIPtraj1_OXA-48_ic50_PIPtraj1"
"p72",-1.40576534618399,"1x11","4","PIPtraj1_OXA-48_ic50_PIPtraj1"
"p212",-2.40340290437354,"00x0","1","PIPtraj1_OXA-48_ic50_PIPtraj1"
"p212",-1.99580388540639,"00x1","2","PIPtraj1_OXA-48_ic50_PIPtraj1"
"p212",-0.247094798824025,"01x0","2","PIPtraj1_OXA-48_ic50_PIPtraj1"
"p212",-0.0184834056940133,"01x1","3","PIPtraj1_OXA-48_ic50_PIPtraj1"
"p212",0.0453109152185978,"10x0","2","PIPtraj1_OXA-48_ic50_PIPtraj1"
"p212",-0.201645363528069,"10x1","3","PIPtraj1_OXA-48_ic50_PIPtraj1"
"p212",-0.0960659029621411,"11x0","3","PIPtraj1_OXA-48_ic50_PIPtraj1"
"p212",-0.249653089599155,"11x1","4","PIPtraj1_OXA-48_ic50_PIPtraj1"
"p213",0.0128372247051722,"000x","1","PIPtraj1_OXA-48_ic50_PIPtraj1"
"p213",0.42043624367232,"001x","2","PIPtraj1_OXA-48_ic50_PIPtraj1"
"p213",0.142523911409413,"010x","2","PIPtraj1_OXA-48_ic50_PIPtraj1"
"p213",0.371135304539424,"011x","3","PIPtraj1_OXA-48_ic50_PIPtraj1"
"p213",0.00311323542414295,"100x","2","PIPtraj1_OXA-48_ic50_PIPtraj1"
"p213",-0.243843043322524,"101x","3","PIPtraj1_OXA-48_ic50_PIPtraj1"
"p213",0.223535332248292,"110x","3","PIPtraj1_OXA-48_ic50_PIPtraj1"
"p213",0.0699481456112778,"111x","4","PIPtraj1_OXA-48_ic50_PIPtraj1"
