"indices","effect"
"INTERCEPT",-1.08704991345833
"33",0.548567425000001
"72",-1.01419647008333
"212",-0.64615435825
"213",0.122302827666667
"33|72",-0.502452635333333
"33|212",0.512075408833333
"33|213",-0.114655461583333
"72|212",0.487343463583333
"72|213",0.0775208341666664
"212|213",0.0276249789999996
"33|72|212",-0.5345848095
"33|72|213",0.0565668407500002
"33|212|213",-0.13211808875
"72|212|213",-0.0102600161666664
"33|72|212|213",0.0353054609166664
