"indices","sign","effect"
"212|213",0,0.407599018967148
"72|212",0,2.15630810554952
"72|212|213",0,2.51460618538377
"33|213",1,-0.00972398928102928
"33|212",1,2.44871381959214
"33|212|213",0,2.19203355156444
"33|72|213",0,0.248703024625631
"33|72|212",0,2.34534191849391
"33|72|212|213",0,2.40245283940002
