"id","effect","muts","cv","colors"
"0000",1,0,0.137368471347275,"#FFFFFF"
"0001",1,1,0.157023854715216,"#FFFFFF"
"0010",1,1,0.0195217099389146,"#FFFFFF"
"0100",1,1,0.0357651213384106,"#FFFFFF"
"1000",1,1,0.00608386011383512,"#FFFFFF"
"0011",2.55622465282045,2,0.00735753253680254,"#FFFFFF"
"0101",1.34799005054963,2,0.0225434629505294,"#FFFFFF"
"0110",143.320431007427,2,0.0441994412193606,"#FFB1AD"
"1001",0.977858489907104,2,0.00575717894512591,"#FFFFFF"
"1010",281.0048525375,2,0.0144631203985486,"#FF665F"
"1100",1.09145269380717,2,0.00903912325312976,"#FFFFFF"
"0111",327.043999605922,3,0.0508802789765393,"#FF4E45"
"1011",155.608584289015,3,0.096901864427536,"#FFAAA5"
"1101",1.77297668519166,3,0.0211195155888099,"#FFFFFF"
"1110",221.483775722088,3,0.0441924402901709,"#FF8680"
"1111",252.611338131517,4,0.101255358884901,"#FF746D"
