MAE,Last MAE,Step,Enzyme,Linear MAE,Linear Last MAE
0.1984823276070285,0.5653419460674536,1,NfsA,0.12777642857783716,0.09337864152027953
0.13419570721400162,0.0946997993201979,2,NfsA,0.07662944825636123,0.08370564948247416
0.10326465364371047,0.1579802770499089,3,NfsA,0.048738751534252264,0.03802194940198955
0.06952849058663207,0.1647922988442284,4,NfsA,0.028645666973839152,0.02902564854486145
0.03703943766475506,1.5426773377727394,5,NfsA,0.017445492626673477,0.03361899562000081
0.009622103436510718,1.2316292398733608,6,NfsA,0.009595417584876932,0.00959541758487703
