muts,percent_1.5,outlier_1.5,percent_2,outlier_2,percent_5,outlier_5,percent_10,outlier_10,total
1,0.5578248031496063,2267,0.3703248031496063,1505,0.11786417322834646,479,0.05561023622047244,226,4064
2,0.5162671232876712,2412,0.3294092465753425,1539,0.10787671232876712,504,0.05393835616438356,252,4672
3,0.48756720430107525,1451,0.3040994623655914,905,0.1051747311827957,313,0.057459677419354836,171,2976
4,0.5490367775831874,627,0.33887915936952717,387,0.08844133099824869,101,0.04903677758318739,56,1142
