MAE,Last MAE,Step,Enzyme,Linear MAE,Linear Last MAE
0.47068896778839336,1.0340631899135768,1,TEM,0.3599765625,0.2564374999999999
0.27450775779893594,0.5960890087557433,2,TEM,0.21121874999999998,0.07256249999999986
0.04931683857702533,0.7890694172324051,3,TEM,0.04906250000000004,0.04906249999999979
