genotype,avg,pos,mutations
x000,-1.3251388592621884,p69,1
x001,-0.12187633937427603,p69,1
x010,-0.1578664389494822,p69,1
x011,0.8139896756123511,p69,1
x100,-0.9166627941812175,p69,1
x101,-0.4949520765464791,p69,1
x110,-1.3270289372969482,p69,1
x111,-0.3476552077558832,p69,1
0x00,1.1931245983544616,p104,1
0x01,0.473058601315155,p104,1
0x10,0.8480424206610382,p104,1
0x11,1.3334147686412732,p104,1
1x00,1.6016006634354325,p104,1
1x01,0.09998286414295192,p104,1
1x10,-0.3211200776864277,p104,1
1x11,0.1717698852730387,p104,1
00x0,0.3222192947339193,p238,1
00x1,0.23850866285437952,p238,1
01x0,-0.022862882959504116,p238,1
01x1,1.0988648301804975,p238,1
10x0,1.4894917150466256,p238,1
10x1,1.1743746778410067,p238,1
11x0,-0.4332290260752347,p238,1
11x1,1.2461616989710935,p238,1
000x,-0.04817696468408802,p276,1
001x,-0.1318875965636278,p276,1
010x,-0.7682429617233946,p276,1
011x,0.35348475141660707,p276,1
100x,1.1550855552038244,p276,1
101x,0.8399685179982055,p276,1
110x,-0.34653224408865624,p276,1
111x,1.332858480957672,p276,1
xx00,0.4084760650809709,p69|p104,2
xx01,-0.3730757371722031,p69|p104,2
xx10,-1.169162498347466,p69|p104,2
xx11,-1.1616448833682345,p69|p104,2
x0x0,1.1672724203127063,p69|p238,2
x0x1,0.9358660149866271,p69|p238,2
x1x0,-0.4103661431157306,p69|p238,2
x1x1,0.1472968687905959,p69|p238,2
x00x,1.2032625198879123,p69|p276,2
x01x,0.9718561145618334,p69|p276,2
x10x,0.42171071763473844,p69|p276,2
x11x,0.9793737295410649,p69|p276,2
0xx0,-0.3450821776934234,p104|p238,2
0xx1,0.8603561673261182,p104|p238,2
1xx0,-1.9227207411218603,p104|p238,2
1xx1,0.0717870211300868,p104|p238,2
0x0x,-0.7200659970393066,p104|p276,2
0x1x,0.485372347980235,p104|p276,2
1x0x,-1.5016177992924806,p104|p276,2
1x1x,0.4928899629594664,p104|p276,2
00xx,-0.08371063187953978,p238|p276,2
01xx,1.1217277131400016,p238|p276,2
10xx,-0.3151170372056189,p238|p276,2
11xx,1.6793907250463282,p238|p276,2
xxx0,-1.577638563428437,p69|p104|p238,3
xxx1,-0.7885691461960314,p69|p104|p238,3
xx0x,-0.781551802253174,p69|p104|p276,3
xx1x,0.007517614979231535,p69|p104|p276,3
x0xx,-0.23140640532607915,p69|p238|p276,3
x1xx,0.5576630119063265,p69|p238|p276,3
0xxx,1.2054383450195416,p104|p238|p276,3
1xxx,1.9945077622519471,p104|p238|p276,3
xxxx,0.7890694172324055,p69|p104|p238|p276,4
