"id","effect","muts","cv","colors"
"0000",1,0,NA,"#FFFFFF"
"0001",1,1,NA,"#FFFFFF"
"0010",1,1,NA,"#FFFFFF"
"0100",1,1,NA,"#FFFFFF"
"1000",1,1,NA,"#FFFFFF"
"0011",0.824687416866188,2,NA,"#FFFFFF"
"0101",0.19051711789142,2,NA,"#FFFFFF"
"0110",0.451770451770452,2,NA,"#FFFFFF"
"1001",15.9684410691296,2,NA,"#FFE6E4"
"1010",14.6984798147589,2,NA,"#FFE9E8"
"1100",2.56139209627582,2,NA,"#FFFBFB"
"0111",1.13914639054304,3,NA,"#FFFBFB"
"1011",113.610351365321,3,NA,"#FF4E45"
"1101",1.2886078885819,3,NA,"#FFFBFB"
"1110",0.449808589343473,3,NA,"#FFFFFF"
"1111",10.8159131155104,4,NA,"#FFEDEC"
