MAE,Last MAE,Step,Enzyme,Linear MAE,Linear Last MAE
1.0783907545559113,2.873932297810699,1,TEM,0.455421875,0.05356249999999996
0.46138752220963586,3.1929142797007013,2,TEM,0.28593749999999996,0.26556250000000015
0.04454481586828396,0.7127170538925425,3,TEM,0.04443750000000003,0.04443750000000035
