MAE,Last MAE,Step,Enzyme,Linear MAE,Linear Last MAE
0.4614682722999767,1.2431310917086629,1,TEM,0.2509699299128582,0.03264414812105065
0.19546357026435168,1.3720326504835656,2,TEM,0.10858718477666385,0.10634991203025534
0.021683517711617962,0.346936283385887,3,TEM,0.022122668409236837,0.022122668409236823
