"id","effect","muts","cv","colors"
"0000",1,0,NA,"#FF5148"
"0001",1,1,NA,"#FF5148"
"0010",1,1,NA,"#FF5148"
"0100",1,1,NA,"#FF5148"
"1000",1,1,NA,"#FF5148"
"0011",0.0537568473550813,2,NA,"#FFF4F3"
"0101",1.01606030809571,2,NA,"#FF4E45"
"0110",0.922073101642931,2,NA,"#FF5F57"
"1001",0.855335533553355,2,NA,"#FF6A62"
"1010",0.0701593338141761,2,NA,"#FFF4F3"
"1100",0.802593533689652,2,NA,"#FF746D"
"0111",0.958941756387895,3,NA,"#FFF7F7"
"1011",10.8842970475617,3,NA,"#FFF7F7"
"1101",1.18638307374482,3,NA,"#FF6D66"
"1110",4.22815963775103,3,NA,"#FFD8D6"
"1111",0.449845848252701,4,NA,"#FFF4F3"
