"id","effect","muts","cv","colors"
"0000",1,0,NA,"#FF5F57"
"0001",1,1,NA,"#FF5F57"
"0010",1,1,NA,"#FF5F57"
"0100",1,1,NA,"#FF5F57"
"1000",1,1,NA,"#FF5F57"
"0011",0.00306424344885883,2,NA,"#FFFFFF"
"0101",1.10333066329035,2,NA,"#FF4E45"
"0110",0.55053025577043,2,NA,"#FFA6A2"
"1001",0.366089697505945,2,NA,"#FFC2BF"
"1010",0.00519025367156208,2,NA,"#FFFFFF"
"1100",0.242419295596458,2,NA,"#FFD8D6"
"0111",0.721394171255987,3,NA,"#FFFFFF"
"1011",439.280471672927,3,NA,"#FFFFFF"
"1101",2.8361650149204,3,NA,"#FFD0CE"
"1110",8.95334484609692,3,NA,"#FFFFFF"
"1111",0.193768396841632,4,NA,"#FFFFFF"
