"genotype","predicted effect"
"MEGN",0.0221226684092366
"LEGN",-0.0172863769842774
"MKGN",0.0324923875093218
"MESN",-0.0650256056855113
"MEGD",0.0132002279445573
"LKGN",-0.0161524969925862
"LESN",-1.17032159829142
"LEGD",-0.00791003652693454
"MKSN",-0.00307297558862437
"MKGD",0.113846721960881
"MESD",-1.25663093254359
"LKSN",-0.66547808938457
"LKGD",-0.0125033497634842
"LESD",-1.48161243346351
"MKSD",-1.29475934455239
"LKSD",-1.17285393480681
