genotype,avg,pos,mutations
x000,0.004321373782642578,p69,1
x001,-0.06354211174044977,p69,1
x010,-1.14959316960796,p69,1
x011,-0.18065626936286527,p69,1
x100,-0.09118296981556928,p69,1
x101,-0.08482151340031749,p69,1
x110,-0.6189461371049462,p69,1
x111,0.07727942169260582,p69,1
0x00,0.05307844348341968,p104,1
0x01,0.05999792967528533,p104,1
0x10,0.017843796621255865,p104,1
0x11,0.006555512874817371,p104,1
1x00,-0.04242590011479218,p104,1
1x01,0.0387185280154176,p104,1
1x10,0.5484908291242696,p104,1
1x11,0.26449120393028847,p104,1
00x0,-0.042871802323186915,p238,1
00x1,-1.3124380113332106,p238,1
01x0,-0.07810644918535073,p238,1
01x1,-1.3658804281336787,p238,1
10x0,-1.1967863457137895,p238,1
10x1,-1.429552168955626,p238,1
11x0,-0.6058696164747277,p238,1
11x1,-1.2037794930407553,p238,1
000x,0.03342375548694973,p276,1
001x,-1.236142453523074,p276,1
010x,0.04034324167881538,p276,1
011x,-1.2474307372695126,p276,1
100x,-0.03443973003614261,p276,1
101x,-0.26720555327797935,p276,1
110x,0.04670469809406717,p276,1
111x,-0.5512051784719605,p276,1
xx00,-0.09550434359821186,p69|p104,2
xx01,-0.02127940165986772,p69|p104,2
xx10,0.5306470325030138,p69|p104,2
xx11,0.2579356910554711,p69|p104,2
x0x0,-1.1539145433906026,p69|p238,2
x0x1,-0.1171141576224155,p69|p238,2
x1x0,-0.5277631672893769,p69|p238,2
x1x1,0.1621009350929233,p69|p238,2
x00x,-0.06786348552309235,p69|p276,2
x01x,0.9689369002450947,p69|p276,2
x10x,0.006361456415251793,p69|p276,2
x11x,0.696225558797552,p69|p276,2
0xx0,-0.03523464686216382,p104|p238,2
0xx1,-0.05344241680046796,p104|p238,2
1xx0,0.5909167292390618,p104|p238,2
1xx1,0.22577267591487088,p104|p238,2
0x0x,0.006919486191865651,p104|p276,2
0x1x,-0.011288283746438494,p104|p276,2
1x0x,0.08114442813020978,p104|p276,2
1x1x,-0.28399962519398114,p104|p276,2
00xx,-1.2695662090100237,p238|p276,2
01xx,-1.287773978948328,p238|p276,2
10xx,-0.2327658232418366,p238|p276,2
11xx,-0.5979098765660276,p238|p276,2
xxx0,0.6261513761012256,p69|p104|p238,3
xxx1,0.27921509271533884,p69|p104|p238,3
xx0x,0.07422494193834414,p69|p104|p276,3
xx1x,-0.2727113414475427,p69|p104|p276,3
x0xx,1.0368003857681871,p69|p238|p276,3
x1xx,0.6898641023823002,p69|p238|p276,3
0xxx,-0.01820776993830414,p104|p238|p276,3
1xxx,-0.3651440533241909,p104|p238|p276,3
xxxx,-0.3469362833858868,p69|p104|p238|p276,4
