genotype,avg,pos,mutations
x000,0.029383777685209667,p69,1
x001,-0.40702871517397354,p69,1
x010,-2.2554276379793627,p69,1
x011,-0.04909823381770417,p69,1
x100,-0.5860490373586944,p69,1
x101,-0.5697300346714121,p69,1
x110,-1.9188751409672158,p69,1
x111,0.027468704848365277,p69,1
0x00,0.359835482339888,p104,1
0x01,0.4025411704113503,p104,1
0x10,0.10061667404560329,p104,1
0x11,0.0014949910869512806,p104,1
1x00,-0.25559733270401613,p104,1
1x01,0.2398398509139117,p104,1
1x10,0.43716917105775055,p104,1
1x11,0.07806192975302073,p104,1
00x0,-0.25181197299379954,p238,1
00x1,-2.7654887067147174,p238,1
01x0,-0.5110307812880842,p238,1
01x1,-3.1665348860391163,p238,1
10x0,-2.5366233886583722,p238,1
10x1,-2.407558225358448,p238,1
11x0,-1.8438568848966055,p238,1
11x1,-2.569336146519339,p238,1
000x,0.22788670461367352,p276,1
001x,-2.285790029107244,p276,1
010x,0.27059239268513585,p276,1
011x,-2.3849117120658962,p276,1
100x,-0.2085257882455097,p276,1
101x,-0.07946062494558559,p276,1
110x,0.2869113953724181,p276,1
111x,-0.4385678662503154,p276,1
xx00,-0.6154328150439041,p69|p104,2
xx01,-0.1627013194974386,p69|p104,2
xx10,0.33655249701214696,p69|p104,2
xx11,0.07656693866606945,p69|p104,2
x0x0,-2.2848114156645725,p69|p238,2
x0x1,0.35793048135626937,p69|p238,2
x1x0,-1.3328261036085214,p69|p238,2
x1x1,0.5971987395197774,p69|p238,2
x00x,-0.4364124928591832,p69|p276,2
x01x,2.2063294041616586,p69|p276,2
x10x,0.016319002687282258,p69|p276,2
x11x,1.946343845815581,p69|p276,2
0xx0,-0.2592188082942847,p104|p238,2
0xx1,-0.401046179324399,p104|p238,2
1xx0,0.6927665037617667,p104|p238,2
1xx1,-0.16177792116089096,p104|p238,2
0x0x,0.0427056880714623,p104|p276,2
0x1x,-0.09912168295865201,p104|p276,2
1x0x,0.4954371836179278,p104|p276,2
1x1x,-0.3591072413047298,p104|p276,2
00xx,-2.513676733720918,p238|p276,2
01xx,-2.655504104751032,p238|p276,2
10xx,0.129065163299924,p238|p276,2
11xx,-0.7254792616227337,p238|p276,2
xxx0,0.9519853120560511,p69|p104|p238,3
xxx1,0.23926825816350805,p69|p104|p238,3
xx0x,0.4527314955464655,p69|p104|p276,3
xx1x,-0.2599855583460775,p69|p104|p276,3
x0xx,2.6427418970208416,p69|p238|p276,3
x1xx,1.9300248431282987,p69|p238|p276,3
0xxx,-0.14182737103011434,p104|p238|p276,3
1xxx,-0.8545444249226577,p104|p238|p276,3
xxxx,-0.712717053892543,p69|p104|p238|p276,4
