pos,mutations,idiosync
p69,Order 1,0.8307749474200642
p104,Order 1,0.3919426269357809
p238,Order 1,1.1574538848757552
p276,Order 1,1.1142393537681394
p69|p104,Order 2,0.5713872237450166
p69|p238,Order 2,1.1433027423838027
p69|p276,Order 2,1.0232516618049414
p104|p238,Order 2,0.6019445843779051
p104|p276,Order 2,0.31975003566245136
p238|p276,Order 2,1.0406237968590886
p69|p104|p238,Order 3,0.4906419972436366
p69|p104|p276,Order 3,0.4906419972436367
p69|p238|p276,Order 3,0.4906419972436367
p104|p238|p276,Order 3,0.4906419972436366
