pos,mutations,idiosync
p69,Order 1,1.7733893125940534
p104,Order 1,0.47156977803783906
p238,Order 1,2.1410569967420847
p276,Order 1,2.2301295908581493
p69|p104,Order 2,0.8091562815215546
p69|p238,Order 2,2.7590606086905924
p69|p276,Order 2,2.674279482716215
p104|p238,Order 2,0.9865440390981483
p104|p276,Order 2,0.7159779677677879
p238|p276,Order 2,2.733186053826414
p69|p104|p238,Order 3,1.0079341237494304
p69|p104|p276,Order 3,1.0079341237494304
p69|p238|p276,Order 3,1.0079341237494304
p104|p238|p276,Order 3,1.0079341237494308
