"model_order","R2","(Adjusted)","Delta R2"
"order1","0.756922572530687","0.668530780723665","0.756922572530687"
"order2","0.954433400534725","0.863300201604176","0.197510828004038"
"order3","0.998606556649475","0.979098349742118","0.0441731561147495"
