"id","effect","muts","cv","colors","enz"
"0000",0,0,NA,"#FFFFFF","TEM"
"0001",0.0334237554869497,1,NA,"#FFFBFB","TEM"
"0010",-0.0428718023231869,1,NA,"#FBFEFF","TEM"
"0100",0.0530784434834197,1,NA,"#FFF7F7","TEM"
"1000",0.00432137378264258,1,NA,"#FFFFFF","TEM"
"0011",-1.27901425584626,2,NA,"#5BDBFF","TEM"
"0101",0.0934216851622351,2,NA,"#FFF4F3","TEM"
"0110",-0.0250280057019311,2,NA,"#FBFEFF","TEM"
"1001",-0.0301183562535,2,NA,"#FBFEFF","TEM"
"1010",-1.19246497193115,2,NA,"#66DEFF","TEM"
"1100",-0.0381045263321496,2,NA,"#FBFEFF","TEM"
"0111",-1.27245874297144,3,NA,"#5BDBFF","TEM"
"1011",-1.45967052520913,3,NA,"#45D7FF","TEM"
"1101",0.00860017176191757,3,NA,"#FFFFFF","TEM"
"1110",-0.643974142806877,3,NA,"#ADEDFF","TEM"
"1111",-1.19517932127884,4,NA,"#66DEFF","TEM"
