"indices","effect"
"INTERCEPT",-0.8904375
"69",-0.715625
"104",0.170375
"238",-2.006125
"276",-0.576625
"69|104",-0.0458749999999999
"69|238",-0.332875
"69|276",0.466625
"104|238",-0.015875
"104|276",0.0101250000000002
"238|276",-0.720375
"69|104|238",0.148875
"69|104|276",0.0238750000000002
"69|238|276",0.571875
"104|238|276",-0.124625
