"indices","effect"
"INTERCEPT",-0.436371573047482
"69",-0.263286432958435
"104",0.118122875690399
"238",-0.904695582484143
"276",-0.402062624342856
"69|104",0.0844127678892732
"69|238",-0.204407866435615
"69|276",0.200652326115885
"104|238",0.0912336807225112
"104|276",-0.0264520588334802
"238|276",-0.423426969761187
"69|104|238",0.11303167947959
"69|104|276",-0.0240009920361199
"69|238|276",0.215503927690994
"104|238|276",-0.0475894542554797
