"indices","sign","effect"
"238|276",0,-2.51367673372092
"104|238",1,-0.259218808294285
"104|238|276",1,-2.87201722497385
"69|276",1,-0.436412492859183
"69|238",0,-2.28481141566457
"69|238|276",1,-2.59215874522383
"69|104",1,-0.615432815043904
"69|104|276",0,-0.55640812428516
"69|104|238",1,-2.20747772694671
"69|104|238|276",1,-2.8739322978107
