"indices","sign","effect"
"238|276",0,-1.26956620901002
"104|238",1,-0.0352346468621638
"104|238|276",1,-1.31608913961863
"69|276",1,-0.0678634855230923
"69|238",0,-1.1539145433906
"69|238|276",0,-1.45454385215553
"69|104",1,-0.0955043435982119
"69|104|238",1,-0.658502157749753
"69|104|238|276",1,-1.24313109170866
