"id","effect","muts","cv","colors"
"0000",1,0,NA,"#FF5148"
"0001",1,1,NA,"#FF5148"
"0010",1,1,NA,"#FF5148"
"0100",1,1,NA,"#FF5148"
"1000",1,1,NA,"#FF5148"
"0011",0.0537568473550813,2,NA,"#FFF4F3"
"0101",1.01606030809571,2,NA,"#FF4E45"
"0110",0.922073101642931,2,NA,"#FF5F57"
"1001",0.855335533553355,2,NA,"#FF6A62"
"1010",0.0701593338141761,2,NA,"#FFF4F3"
"1100",0.802593533689652,2,NA,"#FF746D"
"0111",0.0482959663643014,3,NA,"#FFF7F7"
"1011",0.0351120468926952,3,NA,"#FFF7F7"
"1101",0.82751637995658,3,NA,"#FF6D66"
"1110",0.219532004187936,3,NA,"#FFD8D6"
"1111",0.0571306161983614,4,NA,"#FFF4F3"
