p69,x000,1,0,TEM,growth,TZP
p69,x001,2,-0.4364124928591832,TEM,growth,TZP
p69,x010,2,-2.2848114156645725,TEM,growth,TZP
p69,x011,3,-0.07848201150291384,TEM,growth,TZP
p69,x100,2,-0.6154328150439041,TEM,growth,TZP
p69,x101,3,-0.5991138123566218,TEM,growth,TZP
p69,x110,3,-1.9482589186524255,TEM,growth,TZP
p69,x111,4,-0.0019150728368443892,TEM,growth,TZP
p104,0x00,1,0,TEM,growth,TZP
p104,0x01,2,0.0427056880714623,TEM,growth,TZP
p104,0x10,2,-0.2592188082942847,TEM,growth,TZP
p104,0x11,3,-0.3583404912529367,TEM,growth,TZP
p104,1x00,2,-0.6154328150439041,TEM,growth,TZP
p104,1x01,3,-0.1199956314259763,TEM,growth,TZP
p104,1x10,3,0.07733368871786256,TEM,growth,TZP
p104,1x11,4,-0.28177355258686726,TEM,growth,TZP
p238,00x0,1,0,TEM,growth,TZP
p238,00x1,2,-2.513676733720918,TEM,growth,TZP
p238,01x0,2,-0.2592188082942847,TEM,growth,TZP
p238,01x1,3,-2.914722913045317,TEM,growth,TZP
p238,10x0,2,-2.2848114156645725,TEM,growth,TZP
p238,10x1,3,-2.155746252364649,TEM,growth,TZP
p238,11x0,3,-1.592044911902806,TEM,growth,TZP
p238,11x1,4,-2.3175241735255394,TEM,growth,TZP
p276,000x,1,0,TEM,growth,TZP
p276,001x,2,-2.5136767337209176,TEM,growth,TZP
p276,010x,2,0.04270568807146233,TEM,growth,TZP
p276,011x,3,-2.6127984166795697,TEM,growth,TZP
p276,100x,2,-0.43641249285918327,TEM,growth,TZP
p276,101x,3,-0.30734732955925914,TEM,growth,TZP
p276,110x,3,0.059024690758744586,TEM,growth,TZP
p276,111x,4,-0.666454570863989,TEM,growth,TZP
