p69,x000,1,0,TEM,growth,TZP
p69,x001,2,-0.06786348552309235,TEM,growth,TZP
p69,x010,2,-1.1539145433906026,TEM,growth,TZP
p69,x011,3,-0.18497764314550785,TEM,growth,TZP
p69,x100,2,-0.09550434359821186,TEM,growth,TZP
p69,x101,3,-0.08914288718296007,TEM,growth,TZP
p69,x110,3,-0.6232675108875887,TEM,growth,TZP
p69,x111,4,0.07295804790996324,TEM,growth,TZP
p104,0x00,1,0,TEM,growth,TZP
p104,0x01,2,0.006919486191865651,TEM,growth,TZP
p104,0x10,2,-0.03523464686216382,TEM,growth,TZP
p104,0x11,3,-0.04652293060860231,TEM,growth,TZP
p104,1x00,2,-0.09550434359821186,TEM,growth,TZP
p104,1x01,3,-0.014359915468002082,TEM,growth,TZP
p104,1x10,3,0.49541238564084994,TEM,growth,TZP
p104,1x11,4,0.2114127604468688,TEM,growth,TZP
p238,00x0,1,0,TEM,growth,TZP
p238,00x1,2,-1.2695662090100237,TEM,growth,TZP
p238,01x0,2,-0.035234646862163814,TEM,growth,TZP
p238,01x1,3,-1.3230086258104918,TEM,growth,TZP
p238,10x0,2,-1.1539145433906026,TEM,growth,TZP
p238,10x1,3,-1.3866803666324392,TEM,growth,TZP
p238,11x0,3,-0.5629978141515408,TEM,growth,TZP
p238,11x1,4,-1.1609076907175684,TEM,growth,TZP
p276,000x,1,0,TEM,growth,TZP
p276,001x,2,-1.2695662090100237,TEM,growth,TZP
p276,010x,2,0.006919486191865651,TEM,growth,TZP
p276,011x,3,-1.2808544927564622,TEM,growth,TZP
p276,100x,2,-0.06786348552309235,TEM,growth,TZP
p276,101x,3,-0.3006293087649291,TEM,growth,TZP
p276,110x,3,0.013280942607117437,TEM,growth,TZP
p276,111x,4,-0.5846289339589102,TEM,growth,TZP
