genotype,avg,pos,mutations,likely,enzyme_name,measure_type,cond
x000,0.004321373782642578,p69,1,FALSE,TEM,growth,TZP
0x00,0.05307844348341968,p104,1,TRUE,TEM,growth,TZP
00x0,-0.042871802323186915,p238,1,FALSE,TEM,growth,TZP
000x,0.03342375548694973,p276,1,FALSE,TEM,growth,TZP
xx00,-0.09550434359821186,p69|p104,2,FALSE,TEM,growth,TZP
x0x0,-1.1539145433906026,p69|p238,2,FALSE,TEM,growth,TZP
x00x,-0.06786348552309235,p69|p276,2,FALSE,TEM,growth,TZP
0xx0,-0.03523464686216382,p104|p238,2,FALSE,TEM,growth,TZP
0x0x,0.006919486191865651,p104|p276,2,TRUE,TEM,growth,TZP
00xx,-1.2695662090100237,p238|p276,2,FALSE,TEM,growth,TZP
xxx0,0.6261513761012256,p69|p104|p238,3,FALSE,TEM,growth,TZP
xx0x,0.07422494193834414,p69|p104|p276,3,FALSE,TEM,growth,TZP
x0xx,1.0368003857681871,p69|p238|p276,3,FALSE,TEM,growth,TZP
0xxx,-0.01820776993830414,p104|p238|p276,3,FALSE,TEM,growth,TZP
xxxx,-0.3469362833858868,p69|p104|p238|p276,4,FALSE,TEM,growth,TZP
