genotype,avg,pos,mutations,likely,enzyme_name,measure_type,cond
x000,0.029383777685209667,p69,1,FALSE,TEM,growth,TZP
0x00,0.359835482339888,p104,1,TRUE,TEM,growth,TZP
00x0,-0.25181197299379954,p238,1,FALSE,TEM,growth,TZP
000x,0.22788670461367352,p276,1,FALSE,TEM,growth,TZP
xx00,-0.6154328150439041,p69|p104,2,FALSE,TEM,growth,TZP
x0x0,-2.2848114156645725,p69|p238,2,FALSE,TEM,growth,TZP
x00x,-0.4364124928591832,p69|p276,2,FALSE,TEM,growth,TZP
0xx0,-0.2592188082942847,p104|p238,2,FALSE,TEM,growth,TZP
0x0x,0.0427056880714623,p104|p276,2,TRUE,TEM,growth,TZP
00xx,-2.513676733720918,p238|p276,2,FALSE,TEM,growth,TZP
xxx0,0.9519853120560511,p69|p104|p238,3,FALSE,TEM,growth,TZP
xx0x,0.4527314955464655,p69|p104|p276,3,FALSE,TEM,growth,TZP
x0xx,2.6427418970208416,p69|p238|p276,3,FALSE,TEM,growth,TZP
0xxx,-0.14182737103011434,p104|p238|p276,3,FALSE,TEM,growth,TZP
xxxx,-0.712717053892543,p69|p104|p238|p276,4,FALSE,TEM,growth,TZP
