"genotype","predicted effect"
"L-HIF",-0.0151013149939027
"L-HIL",0.955119470001564
"L-HTF",-0.372114828286363
"L-HTL",0.197086289410056
"L-LIF",0.559169359344176
"L-LIL",0.664326581618218
"L-LTF",0.252070413409113
"L-LTL",0.650585061808813
"LSHIF",0.426721020957131
"LSHIL",1.32534279984622
"LSHTF",-0.00650114323198399
"LSHTL",0.629998531027036
"LSLIF",0.658840683640186
"LSLIL",1.01466680321988
"LSLTF",0.380589299884801
"LSLTL",0.863420480507304
"R-HIF",0.861438427123706
"R-HIL",0.48595794722385
"R-HTF",-0.0775834229765545
"R-HTL",0.555430789784776
"R-LIF",0.473449401506543
"R-LIL",0.335247601104956
"R-LTF",-0.208924353876729
"R-LTL",0.911755393955791
"RSHIF",1.23041135282025
"RSHIL",1.54658023203616
"RSHTF",0.776277128149632
"RSHTL",1.84940976606449
"RSLIF",0.853950405731156
"RSLIL",1.62338794196074
"RSLTF",0.755750696648243
"RSLTL",2.22728891939786
