"model_order","R2","(Adjusted)","Delta R2"
"order1","0.69160123612433","0.632293781532855","0.69160123612433"
"order2","0.885745830674829","0.778632546932482","0.194144594550499"
"order3","0.994013080478163","0.969067582470509","0.108267249803334"
"order4","0.999317939526129","0.978856125310006","0.00530485904796629"
