"id","effect","muts","cv","colors"
"0000",1,0,NA,"#FFC6C3"
"0001",1,1,NA,"#FFC6C3"
"0010",1,1,NA,"#FFC6C3"
"0100",1,1,NA,"#FFC6C3"
"1000",1,1,NA,"#FFC6C3"
"0011",1.81187555003365,2,NA,"#FF9893"
"0101",0.653980844690098,2,NA,"#FFDBD9"
"0110",0.0594432829090313,2,NA,"#FFFBFB"
"1001",0.627173987502188,2,NA,"#FFDBD9"
"1010",3.13072373951392,2,NA,"#FF4E45"
"1100",0.527403907008143,2,NA,"#FFE2E1"
"0111",0.608927010964564,3,NA,"#FFFBFB"
"1011",0.723261499503096,3,NA,"#FF6D66"
"1101",6.12187996868149,3,NA,"#FFB4B0"
"1110",10.8158416291067,3,NA,"#FFC2BF"
"1111",0.958412358066086,4,NA,"#FF8A84"
