"genotype","predicted effect"
"MEGN",0.00112499999999999
"LEGN",-0.019125
"MKGN",0.235875
"MESN",-0.375125
"MEGD",0.136875
"LKGN",-0.056875
"LESN",0.104125
"LEGD",-0.0828750000000001
"MKSN",-1.360875
"MKGD",0.191125
"MESD",0.0231250000000001
"LKSN",-0.129125
"LKGD",0.477875
"LESD",0.153875
"MKSD",-1.368125
"LKSD",0.294125
