"model_order","R2","(Adjusted)","Delta R2"
"order1","0.420240962811727","0.209419494743264","0.420240962811727"
"order2","0.895905285325574","0.687715855976723","0.475664322513847"
"order3","0.999995127251819","0.999926908777279","0.104089841926245"
