"id","effect","muts","cv","colors","enz"
"0000",0,0,NA,"#FFFFFF","TEM"
"0001",0.136720567156407,1,NA,"#FFEDEC","TEM"
"0010",-0.373659632624958,1,NA,"#CAF3FF","TEM"
"0100",0.238046103128795,1,NA,"#FFDFDD","TEM"
"1000",-0.0181813928293364,1,NA,"#FBFEFF","TEM"
"0011",0.0211892990699381,2,NA,"#FFFBFB","TEM"
"0101",0.190331698170291,2,NA,"#FFE6E4","TEM"
"0110",-1.36151074304536,2,NA,"#45D7FF","TEM"
"1001",-0.0840727883028842,2,NA,"#F3FCFF","TEM"
"1010",0.103803720955957,2,NA,"#FFF0F0","TEM"
"1100",-0.0579919469776868,2,NA,"#F7FDFF","TEM"
"0111",-1.36653154442041,3,NA,"#45D7FF","TEM"
"1011",0.155336037465062,3,NA,"#FFE9E8","TEM"
"1101",0.478566495593843,3,NA,"#FFBFBC","TEM"
"1110",-0.127843727251707,3,NA,"#ECFBFF","TEM"
"1111",0.292256071356476,4,NA,"#FFD8D6","TEM"
