mean,max,obs,geno,enzyme_name,measure_type,cond
-0.004268588792272971,0.2380461031287954,0,0000,TEM,growth,AMC
-0.09423783084395834,0.053611131013884705,0.1367205671564068,0001,TEM,growth,AMC
-0.03851294171486493,0.4774633535809145,-0.37365963262495766,0010,TEM,growth,AMC
-0.6477697670797148,-0.0477144049585039,0.2380461031287954,0100,TEM,growth,AMC
0.00542772138779838,0.12198511378529328,-0.018181392829336417,1000,TEM,growth,AMC
-0.626787052547614,0.1341467383951237,0.021189299069938092,0011,TEM,growth,AMC
-0.6343142225835767,0.28823479742355185,0.1903316981702915,0101,TEM,growth,AMC
0.6143231072093024,1.2336670157936556,-1.3615107430453628,0110,TEM,growth,AMC
0.40102405483233683,0.5626392838967276,-0.08407278830288423,1001,TEM,growth,AMC
-0.09005756584927954,0.05153231650910493,0.10380372095595687,1010,TEM,growth,AMC
0.23335333114875484,0.5365584425715301,-0.057991946977686754,1100,TEM,growth,AMC
1.6587876157768897,1.6587876157768897,-1.3665315444204136,0111,TEM,growth,AMC
0.13692003389141422,0.13692003389141422,0.1553360374650618,1011,TEM,growth,AMC
-0.18631042423736732,-0.18631042423736732,0.47856649559384334,1101,TEM,growth,AMC
0.4200997986081832,0.4200997986081832,-0.12784372725170717,1110,TEM,growth,AMC
