MAE,Last MAE,Step,Enzyme,Linear MAE,Linear Last MAE
1.059621146565688,3.174243974367135,1,DHFR,0.24412372380468733,0.36229045262500037
0.5153102189332168,3.036722745586361,2,DHFR,0.14057727724609356,0.07649901381249702
0.16006688982150108,2.017684175223681,3,DHFR,0.10465444109375013,0.07634027712500213
0.012575070727089549,0.4024022632668638,4,DHFR,0.012426629781250042,0.012426629781248089
