"id","effect","muts","cv","colors"
"00000",1,0,NA,"#FFFFFF"
"00001",1,1,NA,"#FFFFFF"
"00010",1,1,NA,"#FFFFFF"
"00100",1,1,NA,"#FFFFFF"
"01000",1,1,NA,"#FFFFFF"
"10000",1,1,NA,"#FFFFFF"
"00011",59.195886534016,2,NA,"#FFF7F7"
"00101",4.06785682565059,2,NA,"#FFFFFF"
"00110",2.24557891224558,2,NA,"#FFFFFF"
"01001",2.09287115761936,2,NA,"#FFFFFF"
"01010",4.32022932022932,2,NA,"#FFFFFF"
"01100",2.26599326599327,2,NA,"#FFFFFF"
"10001",6.78923527844391,2,NA,"#FFFFFF"
"10010",6.10610610610611,2,NA,"#FFFFFF"
"10100",1.65267489711934,2,NA,"#FFFFFF"
"11000",2.14141414141414,2,NA,"#FFFFFF"
"00111",0.0184970174332905,3,NA,"#FFFFFF"
"01011",0.434836317760404,3,NA,"#FFE2E1"
"01101",0.945908587307046,3,NA,"#FFFBFB"
"01110",0.717513669504859,3,NA,"#FFFBFB"
"10011",0.0219113804706721,3,NA,"#FFF7F7"
"10101",0.102917843000091,3,NA,"#FFFFFF"
"10110",0.486227428483033,3,NA,"#FFFFFF"
"11001",1.00307932044371,3,NA,"#FFFBFB"
"11010",0.650805745840804,3,NA,"#FFFBFB"
"11100",2.25787394033164,3,NA,"#FFFBFB"
"01111",2.29729942729991,4,NA,"#FFEDEC"
"10111",74.7811345186971,4,NA,"#FFF7F7"
"11011",3.36714419316662,4,NA,"#FF8A84"
"11101",0.6706683476772,4,NA,"#FFF7F7"
"11110",0.678121102612741,4,NA,"#FFE9E8"
"11111",0.395911153485446,5,NA,"#FF4E45"
