pos,mutations,idiosync
p21,Order 1,0.7789558984392442
p26,Order 1,0.8081952771126515
p28,Order 1,0.8810971611684844
p30,Order 1,1.0544777162034407
p94,Order 1,0.9570071122677843
p21|p26,Order 2,0.3860246606444331
p21|p28,Order 2,1.0874347951176235
p21|p30,Order 2,1.2129763934280922
p21|p94,Order 2,1.144812255780502
p26|p28,Order 2,0.363412002700096
p26|p30,Order 2,0.3566842664267666
p26|p94,Order 2,0.31259941979779143
p28|p30,Order 2,1.2993865404353402
p28|p94,Order 2,1.22881460507379
p30|p94,Order 2,1.338825179864071
p21|p26|p28,Order 3,0.6508440234336212
p21|p26|p30,Order 3,0.6149459335870491
p21|p26|p94,Order 3,0.6188079771121863
p21|p28|p30,Order 3,1.9916036255513097
p21|p28|p94,Order 3,1.9927994913215803
p21|p30|p94,Order 3,1.9813657842527546
p26|p28|p30,Order 3,0.5201392679416096
p26|p28|p94,Order 3,0.5246995991586634
p26|p30|p94,Order 3,0.47944783632137233
p28|p30|p94,Order 3,1.9540206569601868
p21|p26|p28|p30,Order 4,0.5690827382416229
p21|p26|p28|p94,Order 4,0.5690827382416229
p21|p26|p30|p94,Order 4,0.5690827382416229
p21|p28|p30|p94,Order 4,0.5690827382416231
p26|p28|p30|p94,Order 4,0.5690827382416231
