"model_order","R2","(Adjusted)","Delta R2"
"order1","0.954105330597605","0.945279432635607","0.954105330597605"
"order2","0.985783879950994","0.972456267405051","0.0316785493533892"
"order3","0.994021263582385","0.969109861842321","0.00823738363139059"
"order4","0.999927343459146","0.997747647233537","0.00590607987676139"
