"indices","sign","effect"
"30|94",0,1.77229152905997
"28|94",0,0.609365658871124
"28|30",0,0.351328321278332
"28|30|94",0,1.00008721508865
"26|94",0,0.320742492907586
"26|30",0,0.635506800024848
"26|30|94",0,2.36686663142748
"26|28",0,0.355258614906764
"26|28|94",0,1.26121593485643
"26|28|30",0,1.19792391553093
"26|28|30|94",0,2.1428178841701
"21|94",0,0.83182085925023
"21|30",0,0.785764346784785
"21|30|94",0,1.73054647513442
"21|28",0,0.218187430538651
"21|28|94",0,0.671864624148424
"21|28|30",0,1.04211955270357
"21|28|30|94",0,1.74965177092366
"21|26",0,0.330700666331201
"21|26|94",0,1.48459929554626
"21|26|30",0,1.5654231917264
"21|26|30|94",0,2.99787061430647
"21|26|28",0,1.25784640288788
"21|26|28|94",0,1.83595834484539
"21|26|28|30",0,2.21787414248532
"21|26|28|30|94",0,3.17424397436714
