"genotype","predicted effect"
"DHLLFI",-0.00197241125000565
"EHLLFI",0.359266740444442
"DRLLFI",1.569158937125
"DHFLFI",0.158852779777775
"DHLMFI",0.192785645444441
"DHLLII",-0.46374821477778
"DHLLFF",-0.423589946555558
"ERLLFI",1.76974874544445
"EHFLFI",0.346610484999997
"EHLMFI",0.41116609111111
"EHLLII",-0.143466263777779
"EHLLFF",0.00462825133333026
"DRFLFI",1.56444602255555
"DRLMFI",1.82270130188889
"DRLLII",0.853006591555556
"DRLLFF",1.57621793544444
"DHFMFI",0.262403620444442
"DHFLII",-0.310211635500002
"DHFLFF",0.456232878444443
"DHLMII",-0.305326572333335
"DHLMFF",-0.00340324911111367
"DHLLIF",-0.801209683444446
"ERFLFI",1.747963273
"ERLMFI",1.89067317677778
"ERLLII",1.35282795466667
"ERLLFF",1.42902624266667
"EHFMFI",0.455473533666665
"EHFLII",-0.136840597500003
"EHFLFF",0.204636976999998
"EHLMII",-0.109374513666668
"EHLMFF",0.0570592109999977
"EHLLIF",-0.462914262000002
"DRFMFI",1.65491417275
"DRFLII",0.505590906111112
"DRFLFF",1.55036975416666
"DRLMII",1.06825540488889
"DRLMFF",1.83816126933333
"DRLLIF",0.492756237166666
"DHFMII",-0.312977356333335
"DHFMFF",0.543694336333331
"DHFLIF",-0.13891549777778
"DHLMIF",-0.64208709688889
"ERFMFI",1.763798023875
"ERFLII",1.787544065875
"ERFLFF",1.748277255
"ERLMII",1.536947431625
"ERLMFF",1.70224412966667
"ERLLIF",1.056252123
"EHFMII",-0.0849508210000027
"EHFMFF",0.194012193444443
"EHFLIF",-0.328046644333336
"EHLMIF",0.0829990124444435
"DHFMIF",-0.0599021520000023
"DRLMIF",1.21030484522222
"DRFMII",1.5117450305
"DRFMFF",1.80657951083333
"DRFLIF",1.15007193566667
"DRFMIF",1.85881454755556
"EHFMIF",-0.30836998277778
"ERLMIF",1.27621427633333
"ERFLIF",1.82660281011111
"ERFMFF",1.83757677877778
"ERFMII",1.987855448875
"ERFMIF",1.87378853122222
