"model_order","R2","(Adjusted)","Delta R2"
"order1","0.930618621836441","0.929827199271838","0.930618621836441"
"order2","0.961660749800844","0.960085164176221","0.0310421279644026"
"order3","0.984553654830497","0.983263837820416","0.0228929050296531"
"order4","0.993550949248005","0.992792237394829","0.00899729441750785"
"order5","0.994711611135759","0.994013993881327","0.0011606618877541"
"order6","0.995500931100675","0.99489657856196","0.000789319964915935"
