"indices","sign","effect"
"272|313",0,0.228236191677466
"271|313",1,0.722390785695909
"271|306|313",0,0.588538319866551
"271|272|313",1,0.614642894830314
"271|272|306",0,-0.203522081946332
"271|272|306|313",0,0.472317799893274
"254|313",0,0.425944415501754
"254|306",0,-0.253161226580176
"254|306|313",0,-0.195994665198947
"254|272|313",0,0.495127619569683
"254|272|306",0,-0.230477429739254
"254|272|306|313",0,0.327524003304101
"254|271|313",0,0.236319653703353
"254|271|306",0,-0.765065272681195
"254|271|306|313",0,0.30545548711488
"254|271|272",0,-0.270917750725379
"254|271|272|313",0,0.298061867305552
"254|271|272|306|313",0,0.815502807524206
"233|313",1,0.0682331257762524
"233|272|306",1,-0.200431279953896
"233|272|306|313",1,0.419855024527741
"233|271|306",1,-0.195736903866237
"233|271|272",0,-0.255322593850481
"233|271|272|306",1,-0.335798831858177
"233|254|272",0,-0.233017301080171
"233|254|271",0,-0.343562332785869
"233|254|271|306|313",0,0.615953827687181
"233|254|271|272",0,-0.527638802162933
"233|254|271|272|306|313",0,0.471909766279629
