MAE,Last MAE,Step,Enzyme,Linear MAE,Linear Last MAE
0.39650611519305146,0.9035574170067513,1,DHFR,0.29419667184765624,1.0410169258125004
0.5450748001302665,3.8281851040315193,2,DHFR,0.14394191126562503,0.3117995251875003
0.07522842207301794,0.4832003486564682,3,DHFR,0.06087320935546876,0.08060741831249985
0.01258150018476902,0.4026080059126076,4,DHFR,0.012581426375000008,0.01258142637499926
