"id","effect","muts","cv","colors"
"00000",1,0,NA,"#FFF0F0"
"00001",1,1,NA,"#FFF0F0"
"00010",1,1,NA,"#FFF0F0"
"00100",1,1,NA,"#FFF0F0"
"01000",1,1,NA,"#FFF0F0"
"10000",1,1,NA,"#FFF0F0"
"00011",1.99196938327373,2,NA,"#FFE2E1"
"00101",1.86892313337002,2,NA,"#FFE2E1"
"00110",0.751753520740862,2,NA,"#FFF4F3"
"01001",3.79170879676441,2,NA,"#FFC9C7"
"01010",1.99671129903688,2,NA,"#FFE2E1"
"01100",2.94990678049259,2,NA,"#FFD4D2"
"10001",5.55671683389075,2,NA,"#FFADA9"
"10010",1.03542291042291,2,NA,"#FFF0F0"
"10100",0.909049415774099,2,NA,"#FFF0F0"
"11000",2.57155635062612,2,NA,"#FFD8D6"
"00111",1.24148171068733,3,NA,"#FFCDCA"
"01011",0.369855766558592,3,NA,"#FFADA9"
"01101",0.512349673694459,3,NA,"#FF635B"
"01110",1.9336680276892,3,NA,"#FF837C"
"10011",0.0726219028894131,3,NA,"#FFF4F3"
"10101",0.1620340510472,3,NA,"#FFE9E8"
"10110",0.24433527843562,3,NA,"#FFFBFB"
"11001",0.192524973876698,3,NA,"#FF665F"
"11010",0.563303371075325,3,NA,"#FFD4D2"
"11100",0.344194504127558,3,NA,"#FFDBD9"
"01111",0.430497596260684,4,NA,"#FF4E45"
"10111",5.53779343746021,4,NA,"#FFFBFB"
"11011",1.81557418027924,4,NA,"#FFEDEC"
"11101",0.940407927280355,4,NA,"#FFE9E8"
"11110",0.295770312552079,4,NA,"#FFFBFB"
"11111",2.52701608270897,5,NA,"#FFFBFB"
