"genotype","predicted effect"
"PALWI",0.0125814263750002
"PALWL",-0.571308871375
"PALRI",-0.0470112443750001
"PALRL",-0.281184616625
"PARWI",-0.211856923375001
"PARWL",-0.474390161624999
"PARRI",-0.345096069625
"PARRL",-0.264123969375
"PTLWI",-0.600692820374999
"PTLWL",-0.555709516625
"PTLRI",-0.309461226625
"PTLRL",-0.447546259375
"PTRWI",-0.304924265625
"PTRWL",-0.329124780375
"PTRRI",0.096571448625
"PTRRL",-0.281002912625
"LALWI",-0.393008905375
"LALWL",-0.182307992625
"LALRI",-0.387513383625
"LALRL",-1.066385874375
"LARWI",-0.609609617625
"LARWL",-0.968742854375
"LARRI",-1.389802619375
"LARRL",-1.699889204625
"LTLWI",-0.546494946625
"LTLWL",-0.522206894375
"LTLRI",-0.539698875374999
"LTLRL",-1.478555358625
"LTRWI",-0.806015150375
"LTRWL",-1.566982741625
"LTRRI",-1.727652368625
"LTRRL",-2.677238363375
