pos,mutations,idiosync
p21,Order 1,1.4709823317248107
p26,Order 1,0.6627847987333898
p28,Order 1,1.1053091262928831
p30,Order 1,1.062639867353584
p94,Order 1,0.7326545577468788
p21|p26,Order 2,0.9779526393640376
p21|p28,Order 2,1.042548517536727
p21|p30,Order 2,0.9829156012856146
p21|p94,Order 2,1.0369344306850494
p26|p28,Order 2,0.8378731998407777
p26|p30,Order 2,0.6131248944475162
p26|p94,Order 2,0.8440715235407283
p28|p30,Order 2,0.8147101085972065
p28|p94,Order 2,0.8641694175688933
p30|p94,Order 2,1.0008124634476603
p21|p26|p28,Order 3,0.48775674481671744
p21|p26|p30,Order 3,0.6926571059280309
p21|p26|p94,Order 3,0.6141750100593576
p21|p28|p30,Order 3,1.1777288280837679
p21|p28|p94,Order 3,1.1333500205533955
p21|p30|p94,Order 3,1.2354551765915172
p26|p28|p30,Order 3,0.48314545938810033
p26|p28|p94,Order 3,0.36175490531042587
p26|p30|p94,Order 3,0.6105193164794626
p28|p30|p94,Order 3,1.1313731311559065
p21|p26|p28|p30,Order 4,0.56937370228159645
p21|p26|p28|p94,Order 4,0.56937370228159645
p21|p26|p30|p94,Order 4,0.56937370228159645
p21|p28|p30|p94,Order 4,0.56937370228159645
p26|p28|p30|p94,Order 4,0.5693737022815961
