"id","effect","muts","cv","colors","enz"
"00000",0,0,NA,"#FFFFFF","DHFR"
"00001",-0.559090917934782,1,NA,"#D9F7FF","DHFR"
"00010",-0.0343280287798933,1,NA,"#FBFEFF","DHFR"
"00100",-0.199282921717615,1,NA,"#F0FBFF","DHFR"
"01000",-0.58838029403677,1,NA,"#D6F6FF","DHFR"
"10000",-0.380906669373257,1,NA,"#E4F9FF","DHFR"
"00011",-0.294136287716081,2,NA,"#E8FAFF","DHFR"
"00101",-0.486782399932061,2,NA,"#DDF7FF","DHFR"
"00110",-0.357535479757879,2,NA,"#E4F9FF","DHFR"
"01001",-0.568636235841013,2,NA,"#D6F6FF","DHFR"
"01010",-0.322393047279507,2,NA,"#E8FAFF","DHFR"
"01100",-0.317854923626168,2,NA,"#E8FAFF","DHFR"
"10001",-0.195179321278838,2,NA,"#F0FBFF","DHFR"
"10010",-0.400116927926312,2,NA,"#E1F8FF","DHFR"
"10100",-0.621602099051862,2,NA,"#D2F5FF","DHFR"
"11000",-0.559090917934782,2,NA,"#D9F7FF","DHFR"
"00111",-0.2518119729938,3,NA,"#ECFBFF","DHFR"
"01011",-0.435333935747911,3,NA,"#E1F8FF","DHFR"
"01101",-0.31695296176115,3,NA,"#E8FAFF","DHFR"
"01110",0.110589710299249,3,NA,"#FFF7F7","DHFR"
"10011",-1.05403929642243,3,NA,"#B4EFFF","DHFR"
"10101",-0.954677021213343,3,NA,"#BCF0FF","DHFR"
"10110",-1.3767507096021,3,NA,"#9EEAFF","DHFR"
"11001",-0.510041520575165,3,NA,"#D9F7FF","DHFR"
"11010",-0.527243550682788,3,NA,"#D9F7FF","DHFR"
"11100",-0.79317412396815,3,NA,"#C7F3FF","DHFR"
"01111",-0.293282217663241,4,NA,"#E8FAFF","DHFR"
"10111",-1.71219827006977,4,NA,"#87E5FF","DHFR"
"11011",-1.4907974776689,4,NA,"#96E8FF","DHFR"
"11101",-1.58004425151024,4,NA,"#8FE7FF","DHFR"
"11110",-1.73992861201493,4,NA,"#84E4FF","DHFR"
"11111",-2.66554624884907,5,NA,"#45D7FF","DHFR"
