"id","effect","muts","cv","colors"
"00000",1,0,NA,"#FFF0F0"
"00001",1,1,NA,"#FFF0F0"
"00010",1,1,NA,"#FFF0F0"
"00100",1,1,NA,"#FFF0F0"
"01000",1,1,NA,"#FFF0F0"
"10000",1,1,NA,"#FFF0F0"
"00011",1.99196938327373,2,NA,"#FFE2E1"
"00101",1.86892313337002,2,NA,"#FFE2E1"
"00110",0.751753520740862,2,NA,"#FFF4F3"
"01001",3.79170879676441,2,NA,"#FFC9C7"
"01010",1.99671129903688,2,NA,"#FFE2E1"
"01100",2.94990678049259,2,NA,"#FFD4D2"
"10001",5.55671683389075,2,NA,"#FFADA9"
"10010",1.03542291042291,2,NA,"#FFF0F0"
"10100",0.909049415774099,2,NA,"#FFF0F0"
"11000",2.57155635062612,2,NA,"#FFD8D6"
"00111",3.47448063463473,3,NA,"#FFCDCA"
"01011",5.57783040088399,3,NA,"#FFADA9"
"01101",10.7102885609496,3,NA,"#FF635B"
"01110",8.56211299249274,3,NA,"#FF837C"
"10011",0.832312313290574,3,NA,"#FFF4F3"
"10101",1.5296902120994,3,NA,"#FFE9E8"
"10110",0.172888820040719,3,NA,"#FFFBFB"
"11001",10.4312501620388,3,NA,"#FF665F"
"11010",2.99482494249936,3,NA,"#FFD4D2"
"11100",2.37353566117917,3,NA,"#FFDBD9"
"01111",12.2405221693596,4,NA,"#FF4E45"
"10111",0.289341192959795,4,NA,"#FFFBFB"
"11011",1.18007180064814,4,NA,"#FFEDEC"
"11101",1.40480664076452,4,NA,"#FFE9E8"
"11110",0.290381739086479,4,NA,"#FFFBFB"
"11111",0.124865535202021,5,NA,"#FFFBFB"
