MAE,Last MAE,Step,Enzyme,Linear MAE,Linear Last MAE
0.31164866867524565,0.6811793601346376,1,MPH,0.2608820281555749,0.7859373324039804
0.44297977761078794,3.0904443565077075,2,MPH,0.1089685080907193,0.24009960695817112
0.06487930126206921,0.9519675469825921,3,MPH,0.021620429218540935,0.037972653383784305
0.005381329575657209,0.17220254642102928,4,MPH,0.005381329575656971,0.005381329575656402
