pos,mutations,idiosync
p72,Order 1,1.065541531560523
p193,Order 1,0.7779163206268568
p258,Order 1,0.7984928816402084
p271,Order 1,0.9709774272840912
p273,Order 1,0.9088982946067
p72|p193,Order 2,0.7657097975749342
p72|p258,Order 2,0.5587960520708718
p72|p271,Order 2,0.7797908384380559
p72|p273,Order 2,0.8930714865348015
p193|p258,Order 2,0.19744784138442034
p193|p271,Order 2,0.30799135814157447
p193|p273,Order 2,0.7190805631875503
p258|p271,Order 2,0.699967467895025
p258|p273,Order 2,0.4920962912754221
p271|p273,Order 2,0.700078811812159
p72|p193|p258,Order 3,0.3817462769922897
p72|p193|p271,Order 3,0.3299304664852167
p72|p193|p273,Order 3,0.2434904664656248
p72|p258|p271,Order 3,0.42354234065786905
p72|p258|p273,Order 3,0.3603076586397259
p72|p271|p273,Order 3,0.3048696468855502
p193|p258|p271,Order 3,0.32732664433443887
p193|p258|p273,Order 3,0.2399504670463032
p193|p271|p273,Order 3,0.1438753604805831
p258|p271|p273,Order 3,0.30204986503590997
p72|p193|p258|p271,Order 4,0.2435311766238016
p72|p193|p258|p273,Order 4,0.2435311766238016
p72|p193|p271|p273,Order 4,0.2435311766238016
p72|p258|p271|p273,Order 4,0.2435311766238017
p193|p258|p271|p273,Order 4,0.2435311766238012
