"model_order","R2","(Adjusted)","Delta R2"
"order1","0.69953061471356","0.641748040620014","0.69953061471356"
"order2","0.950856184177704","0.904783856844301","0.251325569464144"
"order3","0.998165687065093","0.990522716502982","0.0473095028873892"
"order4","0.999922297301309","0.997591216340565","0.00175661023621554"
