"indices","effect"
"INTERCEPT",0.492907603415201
"72",0.165261749464375
"193",0.417763304322843
"258",0.792254219587389
"271",-0.301382627841963
"273",0.349978866435273
"72|193",0.264291963237834
"72|258",-0.26601763727731
"72|271",0.210135086043321
"72|273",0.140444398859149
"193|258",0.00751136103622742
"193|271",0.0304576267892087
"193|273",0.195302815303503
"258|271",0.224450261675443
"258|273",0.00109485596633592
"271|273",0.284004719257906
"72|193|258",0.0113188753322604
"72|193|271",0.0563993597209588
"72|193|273",0.16423680810258
"72|258|271",0.116595490231706
"72|258|273",0.0273123756474075
"72|271|273",0.119595287306649
"193|258|271",-0.0135040222023361
"193|258|273",-0.00777376633593857
"193|271|273",-0.02225665362387
"258|271|273",0.104220766504493
"72|193|258|271",-0.0329605724267251
"72|193|258|273",-0.0224842578016408
"72|193|271|273",-0.00856737805142032
"72|258|271|273",-0.0299995049642386
"193|258|271|273",0.00730374732514293
