MAE,Last MAE,Step,Enzyme,Linear MAE,Linear Last MAE
1.0256791233562501,2.339654833178102,1,TEM,0.667296875,0.020875000000000032
0.9921138343290776,5.731516997563209,2,TEM,0.364875,0.11050000000000021
0.2756742096336765,4.410787354138823,3,TEM,0.275375,0.2753749999999994
