MAE,Last MAE,Step,Enzyme,Linear MAE,Linear Last MAE
0.2162879431688478,0.3697364017486524,1,TEM,0.18053778878118829,0.0817731728957528
0.2646681080732751,1.5500297945907884,2,TEM,0.08883618118575846,0.019489364922331012
0.07091438374942659,1.134630139990825,3,TEM,0.07122671391381961,0.07122671391381961
