"genotype","predicted effect"
"MEGN",0.0712267139138196
"LEGN",0.111691196117206
"MKGN",0.118742233994223
"MESN",0.0491923609944712
"MEGD",-0.114832264967623
"LKGN",-0.518939577767774
"LESN",0.203712421915697
"LEGD",0.216038926219853
"MKSN",0.23270041390989
"MKGD",0.204464968425091
"MESD",-0.486754894396372
"LKSN",0.105613270239295
"LKGD",0.103978020807213
"LESD",-0.449195641655238
"MKSD",0.146473936393853
"LKSD",0.149214139703198
