genotype,avg,pos,mutations
x000,0.18184358794477254,p69,1
x001,0.1899596052028747,p69,1
x010,0.012964977164367647,p69,1
x011,0.17973425390184666,p69,1
x100,-0.780398574838997,p69,1
x101,0.0425523506854637,p69,1
x110,0.014723256820706354,p69,1
x111,-0.13830269816628143,p69,1
0x00,0.1903316981702915,p104,1
0x01,0.17737047789485422,p104,1
0x10,0.040794071029124995,p104,1
0x11,0.7750041751494576,p104,1
1x00,-0.771910464613478,p104,1
1x01,0.029963223377443227,p104,1
1x10,0.0425523506854637,p104,1
1x11,0.45696722308132953,p104,1
00x0,0.12057393120584989,p238,1
00x1,-0.5136886614109146,p238,1
01x0,-0.028963695935316613,p238,1
01x1,0.08394503584368873,p238,1
10x0,-0.048304679574555004,p238,1
10x1,-0.5239140127119427,p238,1
11x0,0.7661581357243867,p238,1
11x1,-0.09691001300805642,p238,1
000x,-0.04383156952463668,p276,1
001x,-0.6780941621414013,p276,1
010x,-0.05679278980007396,p276,1
011x,0.05611594197893138,p276,1
100x,-0.03571555226653453,p276,1
101x,-0.5113248854039223,p276,1
110x,0.7661581357243867,p276,1
111x,-0.09691001300805642,p276,1
xx00,-0.9622421627837695,p69|p104,2
xx01,-0.147407254517411,p69|p104,2
xx10,0.001758279656338707,p69|p104,2
xx11,-0.3180369520681281,p69|p104,2
x0x0,-0.1688786107804049,p69|p238,2
x0x1,-0.01022535130102803,p69|p238,2
x1x0,0.7951218316597033,p69|p238,2
x1x1,-0.18085504885174514,p69|p238,2
x00x,0.008116017258102154,p69|p276,2
x01x,0.16676927673747902,p69|p276,2
x10x,0.8229509255244607,p69|p276,2
x11x,-0.1530259549869878,p69|p276,2
0xx0,-0.1495376271411665,p104|p238,2
0xx1,0.5976336972546035,p104|p238,2
1xx0,0.8144628152989417,p104|p238,2
1xx1,0.4270039997038863,p104|p238,2
0x0x,-0.01296122027543728,p104|p276,2
0x1x,0.7342101041203326,p104|p276,2
1x0x,0.8018736879909212,p104|p276,2
1x1x,0.41441487239586583,p104|p276,2
00xx,-0.6342625926167645,p238|p276,2
01xx,0.11290873177900534,p238|p276,2
10xx,-0.47560933313738774,p238|p276,2
11xx,-0.8630681487324432,p238|p276,2
xxx0,0.9640004424401082,p69|p104|p238,3
xxx1,-0.1706296975507171,p69|p104|p238,3
xx0x,0.8148349082663585,p69|p104|p276,3
xx1x,-0.3197952317244668,p69|p104|p276,3
x0xx,0.15865325947937686,p69|p238|p276,3
x1xx,-0.9759768805114484,p69|p238|p276,3
0xxx,0.7471713243957699,p104|p238|p276,3
1xxx,-0.3874588155950554,p104|p238|p276,3
xxxx,-1.1346301399908252,p69|p104|p238|p276,4
