genotype,avg,pos,mutations
x000,1.1139433523068367,p69,1
x001,1.0434656937810902,p69,1
x010,0.07872672535527114,p69,1
x011,0.3025249867509323,p69,1
x100,-2.7457134078783447,p69,1
x101,0.29422628760903646,p69,1
x110,0.11105766406934858,p69,1
x111,-0.9655140746606858,p69,1
0x00,1.167317334748176,p104,1
0x01,0.9654110228967199,p104,1
0x10,0.27770030106469423,p104,1
0x11,2.9214173680814755,p104,1
1x00,-2.6923394254370057,p104,1
1x01,0.216171616724666,p104,1
1x10,0.31003123977877167,p104,1
1x11,1.653378306669857,p104,1
00x0,0.6794278966121189,p238,1
00x1,-1.3348695429317603,p238,1
01x0,-0.21018913707136289,p238,1
01x1,0.6211368022529951,p238,1
10x0,-0.3557887303394467,p238,1
10x1,-2.0758102499619184,p238,1
11x0,2.6465819348763304,p238,1
11x1,-0.6386035600167272,p238,1
000x,-0.20273245916928356,p276,1
001x,-2.2170298987131627,p276,1
010x,-0.40463877102073975,p276,1
011x,0.4266871683036182,p276,1
100x,-0.27321011769503,p276,1
101x,-1.9932316373175016,p276,1
110x,2.635300924466642,p276,1
111x,-0.6498845704264162,p276,1
xx00,-3.8596567601851817,p69|p104,2
xx01,-0.7492394061720538,p69|p104,2
xx10,0.03233093871407744,p69|p104,2
xx11,-1.2680390614116182,p69|p104,2
x0x0,-1.0352166269515655,p69|p238,2
x0x1,-0.7409407070301579,p69|p238,2
x1x0,2.8567710719476933,p69|p238,2
x1x1,-1.2597403622697223,p69|p238,2
x00x,-0.0704776585257465,p69|p276,2
x01x,0.22379826139566117,p69|p276,2
x10x,3.039939695487381,p69|p276,2
x11x,-1.0765717387300344,p69|p276,2
0xx0,-0.8896170336834818,p104|p238,2
0xx1,1.9560063451847556,p104|p238,2
1xx0,3.0023706652157776,p104|p238,2
1xx1,1.437206689945191,p104|p238,2
0x0x,-0.20190631185145613,p104|p276,2
0x1x,2.643717067016781,p104|p276,2
1x0x,2.9085110421616718,p104|p276,2
1x1x,1.3433470668910854,p104|p276,2
00xx,-2.014297439543879,p238|p276,2
01xx,0.8313259393243579,p238|p276,2
10xx,-1.7200215196224717,p238|p276,2
11xx,-3.2851854948930574,p238|p276,2
xxx0,3.891987698899259,p69|p104|p238,3
xxx1,-0.5187996552395644,p69|p104|p238,3
xx0x,3.110417354013128,p69|p104|p276,3
xx1x,-1.3003700001256955,p69|p104|p276,3
x0xx,0.29427591992140756,p69|p238|p276,3
x1xx,-4.116511434217416,p69|p238|p276,3
0xxx,2.8456233788682375,p104|p238|p276,3
1xxx,-1.5651639752705866,p104|p238|p276,3
xxxx,-4.410787354138824,p69|p104|p238|p276,4
