pos,mutations,idiosync
p69,Order 1,0.6417747077388039
p104,Order 1,0.8837107263997271
p238,Order 1,0.8114334627711228
p276,Order 1,0.8559594930805443
p69|p104,Order 2,0.8488986933615121
p69|p238,Order 2,0.9282313998349988
p69|p276,Order 2,0.8564398670121326
p104|p238,Order 2,0.8258764601742101
p104|p276,Order 2,0.7442765894732962
p238|p276,Order 2,0.8336259243130342
p69|p104|p238,Order 3,1.6046093322523087
p69|p104|p276,Order 3,1.6046093322523087
p69|p238|p276,Order 3,1.6046093322523085
p104|p238|p276,Order 3,1.6046093322523087
