pos,mutations,idiosync
p69,Order 1,2.4984431511444583
p104,Order 1,3.218579560954668
p238,Order 1,2.8750628798649864
p276,Order 1,3.006653381255849
p69|p104,Order 2,3.3719289279102833
p69|p238,Order 2,3.891997216000432
p69|p276,Order 2,3.5280212033325196
p104|p238,Order 2,3.2900364205472123
p104|p276,Order 2,2.8501984019250024
p238|p276,Order 2,3.4498360199888864
p69|p104|p238,Order 3,6.237795296966864
p69|p104|p276,Order 3,6.237795296966864
p69|p238|p276,Order 3,6.237795296966864
p104|p238|p276,Order 3,6.237795296966865
