"model_order","R2","(Adjusted)","Delta R2"
"order1","0.134268924929137","-0.180542375096631","0.134268924929137"
"order2","0.784804385169173","0.354413155507518","0.650535460240036"
"order3","0.916957977104728","-0.245630343429081","0.132153591935555"
