"model_order","R2","(Adjusted)","Delta R2"
"order1","0.0805918992682219","-0.253738319179697","0.0805918992682219"
"order2","0.82938399224626","0.488151976738779","0.748792092978038"
"order3","0.925184389191997","-0.12223416212005","0.0958003969457366"
