"id","effect","muts","cv","colors","enz"
"0000",0,0,NA,"#FFFFFF","TEM"
"0001",-0.0438315695246367,1,NA,"#F0FBFF","TEM"
"0010",0.12057393120585,1,NA,"#FFDBD9","TEM"
"0100",0.190331698170291,1,NA,"#FFC6C3","TEM"
"1000",0.181843587944773,1,NA,"#FFC9C7","TEM"
"0011",-0.557520230935551,2,NA,"#50D9FF","TEM"
"0101",0.133538908370218,2,NA,"#FFD8D6","TEM"
"0110",0.161368002234975,2,NA,"#FFCDCA","TEM"
"1001",0.146128035678238,2,NA,"#FFD4D2","TEM"
"1010",0.133538908370218,2,NA,"#FFD8D6","TEM"
"1100",-0.590066876668705,2,NA,"#45D7FF","TEM"
"0111",0.217483944213906,3,NA,"#FFBFBC","TEM"
"1011",-0.377785977033705,3,NA,"#87E5FF","TEM"
"1101",0.176091259055681,3,NA,"#FFC9C7","TEM"
"1110",0.176091259055681,3,NA,"#FFC9C7","TEM"
"1111",0.0791812460476248,4,NA,"#FFE6E4","TEM"
