"indices","effect"
"INTERCEPT",0.00895788899042518
"69",-0.0373875890859877
"104",0.117646073445397
"238",-0.0301767762046517
"276",-0.0755689803483566
"69|104",-0.178241335849293
"69|238",0.0543206824112653
"69|276",0.105058513991007
"104|238",0.211615804901522
"104|276",0.242072661586787
"238|276",-0.232301251405121
"69|104|238",0.0991347723433908
"69|104|276",0.0616970387900075
"69|238|276",-0.101841879291045
"104|238|276",0.0444847661406242
