"indices","effect"
"INTERCEPT",0.353
"69",-0.0959999999999998
"104",0.602
"238",-0.0832500000000001
"276",-0.3345
"69|104",-0.7305
"69|238",-0.0222500000000001
"69|276",0.2645
"104|238",0.68825
"104|276",0.8365
"238|276",-0.77375
"69|104|238",0.42175
"69|104|276",0.226
"69|238|276",-0.47775
"104|238|276",0.159749999999999
