"indices","sign","effect"
"238|276",1,-2.01429743954388
"104|276",0,-0.201906311851456
"104|238",0,-0.889617033683482
"104|238|276",0,-0.26019740621058
"69|238",0,-1.03521662695157
"69|238|276",1,-2.82571580509978
"69|104",1,-3.85965676018518
"69|104|276",0,-1.02162337654926
"69|104|238",0,-1.89250272192097
"69|104|238|276",0,-2.3396548331781
