"indices","sign","effect"
"238|276",1,-0.634262592616765
"69|238|276",1,-0.63637192665969
"69|104",1,-0.96224216278377
"69|104|238",0,-0.316657958265233
"69|104|238|276",0,-0.369736401748652
