"id","effect","muts","cv","colors"
"0000",1,0,NA,"#FF5148"
"0001",1,1,NA,"#FF5148"
"0010",1,1,NA,"#FF5148"
"0100",1,1,NA,"#FF5148"
"1000",1,1,NA,"#FF5148"
"0011",0.232133279699651,2,NA,"#FFD8D6"
"0101",0.97059663145875,2,NA,"#FF554C"
"0110",0.708699902248289,2,NA,"#FF837C"
"1001",1.01886353050769,2,NA,"#FF4E45"
"1010",0.677830940988836,2,NA,"#FF8A84"
"1100",0.109083191850594,2,NA,"#FFEDEC"
"0111",0.892092492149586,3,NA,"#FF635B"
"1011",0.231008560217922,3,NA,"#FFD8D6"
"1101",0.704283546433884,3,NA,"#FF837C"
"1110",0.482327519678963,3,NA,"#FFAAA5"
"1111",0.426838512990233,4,NA,"#FFB4B0"
