"id","effect","muts","cv","colors"
"0000",1,0,NA,"#FF4E45"
"0001",1,1,NA,"#FF4E45"
"0010",1,1,NA,"#FF4E45"
"0100",1,1,NA,"#FF4E45"
"1000",1,1,NA,"#FF4E45"
"0011",0.00967614929297378,2,NA,"#FFFFFF"
"0101",0.628193861276568,2,NA,"#FF918B"
"0110",0.128938604730595,2,NA,"#FFE9E8"
"1001",0.850202429149798,2,NA,"#FF665F"
"1010",0.0922111361441905,2,NA,"#FFEDEC"
"1100",0.000138147566718995,2,NA,"#FFFFFF"
"0111",0.549291139784109,3,NA,"#FF9F9A"
"1011",0.00149377158846439,3,NA,"#FFFFFF"
"1101",0.0951429522858096,3,NA,"#FFEDEC"
"1110",0.0128084706686022,3,NA,"#FFFBFB"
"1111",0.00457451616730568,4,NA,"#FFFFFF"
