p69,x000,1,0,TEM,growth,CTT
p69,x001,2,0.008116017258102154,TEM,growth,CTT
p69,x010,2,-0.1688786107804049,TEM,growth,CTT
p69,x011,3,-0.0021093340429258756,TEM,growth,CTT
p69,x100,2,-0.9622421627837695,TEM,growth,CTT
p69,x101,3,-0.13929123725930884,TEM,growth,CTT
p69,x110,3,-0.16712033112406618,TEM,growth,CTT
p69,x111,4,-0.320146286111054,TEM,growth,CTT
p104,0x00,1,0,TEM,growth,CTT
p104,0x01,2,-0.01296122027543728,TEM,growth,CTT
p104,0x10,2,-0.1495376271411665,TEM,growth,CTT
p104,0x11,3,0.5846724769791661,TEM,growth,CTT
p104,1x00,2,-0.9622421627837695,TEM,growth,CTT
p104,1x01,3,-0.16036847479284827,TEM,growth,CTT
p104,1x10,3,-0.1477793474848278,TEM,growth,CTT
p104,1x11,4,0.26663552491103804,TEM,growth,CTT
p238,00x0,1,0,TEM,growth,CTT
p238,00x1,2,-0.6342625926167645,TEM,growth,CTT
p238,01x0,2,-0.1495376271411665,TEM,growth,CTT
p238,01x1,3,-0.03662889536216116,TEM,growth,CTT
p238,10x0,2,-0.1688786107804049,TEM,growth,CTT
p238,10x1,3,-0.6444879439177926,TEM,growth,CTT
p238,11x0,3,0.6455842045185368,TEM,growth,CTT
p238,11x1,4,-0.21748394421390632,TEM,growth,CTT
p276,000x,1,0,TEM,growth,CTT
p276,001x,2,-0.6342625926167647,TEM,growth,CTT
p276,010x,2,-0.01296122027543728,TEM,growth,CTT
p276,011x,3,0.09994751150356807,TEM,growth,CTT
p276,100x,2,0.008116017258102154,TEM,growth,CTT
p276,101x,3,-0.4674933158792856,TEM,growth,CTT
p276,110x,3,0.8099897052490235,TEM,growth,CTT
p276,111x,4,-0.05307844348341974,TEM,growth,CTT
