genotype,avg,pos,mutations,likely,enzyme_name,measure_type,cond
x000,0.18184358794477254,p69,1,FALSE,TEM,growth,CTT
0x00,0.1903316981702915,p104,1,TRUE,TEM,growth,CTT
00x0,0.12057393120584989,p238,1,FALSE,TEM,growth,CTT
000x,-0.04383156952463668,p276,1,FALSE,TEM,growth,CTT
xx00,-0.9622421627837695,p69|p104,2,FALSE,TEM,growth,CTT
x0x0,-0.1688786107804049,p69|p238,2,FALSE,TEM,growth,CTT
x00x,0.008116017258102154,p69|p276,2,FALSE,TEM,growth,CTT
0xx0,-0.1495376271411665,p104|p238,2,TRUE,TEM,growth,CTT
0x0x,-0.01296122027543728,p104|p276,2,FALSE,TEM,growth,CTT
00xx,-0.6342625926167645,p238|p276,2,FALSE,TEM,growth,CTT
xxx0,0.9640004424401082,p69|p104|p238,3,FALSE,TEM,growth,CTT
xx0x,0.8148349082663585,p69|p104|p276,3,FALSE,TEM,growth,CTT
x0xx,0.15865325947937686,p69|p238|p276,3,FALSE,TEM,growth,CTT
0xxx,0.7471713243957699,p104|p238|p276,3,TRUE,TEM,growth,CTT
xxxx,-1.1346301399908252,p69|p104|p238|p276,4,FALSE,TEM,growth,CTT
