mean,max,obs,geno,enzyme_name,measure_type,cond
0.11222941194906931,0.1903316981702915,0,0000,TEM,growth,CTT
-0.04878619277106191,0.1899596052028747,-0.04383156952463668,0001,TEM,growth,CTT
-0.20811170464930287,0.040794071029124995,0.12057393120584989,0010,TEM,growth,CTT
-0.28871835352479586,-0.028963695935316613,0.1903316981702915,0100,TEM,growth,CTT
-0.2853102321515225,-0.03571555226653453,0.18184358794477254,1000,TEM,growth,CTT
0.4773692145256522,0.7750041751494576,-0.5575202309355514,0011,TEM,growth,CTT
0.06324869326457622,0.08394503584368873,0.13353890837021754,0101,TEM,growth,CTT
0.03541959939981887,0.05611594197893138,0.16136800223497488,0110,TEM,growth,CTT
-0.24697539466724974,0.029963223377443227,0.146128035678238,1001,TEM,growth,CTT
-0.2343862673592293,0.0425523506854637,0.13353890837021754,1010,TEM,growth,CTT
0.7661581357243867,0.7661581357243867,-0.5900668766687055,1100,TEM,growth,CTT
-0.13830269816628143,-0.13830269816628143,0.21748394421390627,0111,TEM,growth,CTT
0.45696722308132953,0.45696722308132953,-0.3777859770337047,1011,TEM,growth,CTT
-0.09691001300805642,-0.09691001300805642,0.17609125905568124,1101,TEM,growth,CTT
-0.09691001300805642,-0.09691001300805642,0.17609125905568124,1110,TEM,growth,CTT
