MAE,Last MAE,Step,Enzyme,Linear MAE,Linear Last MAE
0.23735733960588307,0.20237843235737296,1,MPH,0.18166684823819512,0.3375117552730435
0.26143174813712927,1.6837791324182367,2,MPH,0.0968596448962964,0.039230868285508556
0.02340677625081323,0.2786524421493872,3,MPH,0.04870631780710539,0.09902501451477923
0.020411687429149367,0.6531739977327786,4,MPH,0.034358938802692106,0.023659812597276897
3.5670251474773096e-17,0,5,MPH,0.030510071167760718,0.02777025580111377
