pos,mutations,idiosync
p72,Order 1,0.7968790061982336
p193,Order 1,0.4450842124770661
p258,Order 1,0.4848660713333138
p271,Order 1,0.8026829920441507
p273,Order 1,0.666203470664023
p72|p193,Order 2,0.5152942921918886
p72|p258,Order 2,0.44562688196134265
p72|p271,Order 2,0.7734349165750221
p72|p273,Order 2,0.7886212926675955
p193|p258,Order 2,0.35353402332351647
p193|p271,Order 2,0.47446002767636486
p193|p273,Order 2,0.5535350952807128
p258|p271,Order 2,0.45373159827005377
p258|p273,Order 2,0.3397915088651142
p271|p273,Order 2,0.7528360823342322
p72|p193|p258,Order 3,0.5828522985557639
p72|p193|p271,Order 3,0.6512835802398409
p72|p193|p273,Order 3,0.4976520159260991
p72|p258|p271,Order 3,0.6226623574036232
p72|p258|p273,Order 3,0.4595602663337231
p72|p271|p273,Order 3,0.5437362764714254
p193|p258|p271,Order 3,0.6817647052494098
p193|p258|p273,Order 3,0.53692675514366
p193|p271|p273,Order 3,0.6105275099022055
p258|p271|p273,Order 3,0.579898223643425
p72|p193|p258|p271,Order 4,0.9237275261831485
p72|p193|p258|p273,Order 4,0.9237275261831485
p72|p193|p271|p273,Order 4,0.9237275261831485
p72|p258|p271|p273,Order 4,0.9237275261831487
p193|p258|p271|p273,Order 4,0.9237275261831485
