"indices","effect"
"INTERCEPT",0.405088810589402
"72",0.140003062674733
"193",0.37984818231641
"258",0.665247398290652
"271",-0.344829214489398
"273",0.193505272076053
"72|193",0.127390426555767
"72|258",-0.196473956906818
"72|271",0.224884833049087
"72|273",0.0226027872458183
"193|258",0.0165694091184772
"193|271",0.0536632900461455
"193|273",0.0768497167325856
"258|271",0.0399570479001927
"258|273",0.000727510777531444
"271|273",0.24008877112093
"72|193|258",0.0208712276757414
"72|193|271",0.0361489464836923
"72|193|273",0.087913138383576
"72|258|271",0.0654567969335002
"72|258|273",0.037617607573978
"72|271|273",0.145615809391206
"193|258|271",-0.0179817929531233
"193|258|273",-0.0227436673455014
"193|271|273",-0.0654190627537717
"258|271|273",-0.0206652994533678
"72|193|258|271",-0.0474308258243141
"72|193|258|273",-0.0109205835307773
"72|193|271|273",-0.033899128536316
"72|258|271|273",-0.0273117536415311
"193|258|271|273",-0.0385483074170383
"72|193|258|271|273",-0.0399394300795839
