"indices","sign","effect"
"271|273",0,0.237683912744051
"193|271|273",0,0.214704192374896
"72|273",1,-0.555058103119615
"72|271",0,-0.179948982798089
"72|271|273",1,0.162596765562714
"72|258",0,-0.732693909054773
"72|258|273",0,-1.21574014628444
"72|258|271",0,-0.635349384272698
"72|193|273",0,-0.263072814307931
"72|193|271|273",0,0.730601300227766
"72|193|258",0,-0.756923788679273
"72|193|258|273",0,-0.621434869737665
"72|193|258|271",0,-0.253458084443071
"72|193|258|271|273",0,0.202378432357373
