MAE,Last MAE,Step,Enzyme,Linear MAE,Linear Last MAE
0.45404896289659463,1.5156116381789242,1,OXA-48,0.22234315319837422,0.24988331938818353
0.1023033648374544,0.6833666421166109,2,OXA-48,0.07539069304219613,0.04396842421606162
0.013775357317539923,0.22040571708063794,3,OXA-48,0.013819599547666594,0.01381959954766665
