"id","effect","muts","cv","colors","enz"
"0000",0,0,NA,"#FFFFFF","OXA-48"
"0001",-0.00174066157630127,1,NA,"#FFFFFF","OXA-48"
"0010",0.00860017176191757,1,NA,"#FFFFFF","OXA-48"
"0100",0.0899051114393979,1,NA,"#FFF4F3","OXA-48"
"1000",0.0170333392987804,1,NA,"#FFFBFB","OXA-48"
"0011",0.0530784434834197,2,NA,"#FFF7F7","OXA-48"
"0101",1.25767857486918,2,NA,"#FF746D","OXA-48"
"0110",1.08635983067475,2,NA,"#FF8A84","OXA-48"
"1001",0.00860017176191757,2,NA,"#FFFFFF","OXA-48"
"1010",0.00432137378264258,2,NA,"#FFFFFF","OXA-48"
"1100",0.130333768495006,2,NA,"#FFF0F0","OXA-48"
"0111",1.5854607295085,3,NA,"#FF5148","OXA-48"
"1011",0.0334237554869497,3,NA,"#FFFBFB","OXA-48"
"1101",1.08635983067475,3,NA,"#FF8A84","OXA-48"
"1110",1.13033376849501,3,NA,"#FF837C","OXA-48"
"1111",1.62940959910272,4,NA,"#FF4E45","OXA-48"
