p33,x000,1,0,OXA-48,ic50,CAZtraj1
p33,x001,2,-0.006692505960561531,OXA-48,ic50,CAZtraj1
p33,x010,2,-0.021312137278055362,OXA-48,ic50,CAZtraj1
p33,x011,3,-0.03668802729525032,OXA-48,ic50,CAZtraj1
p33,x100,2,0.023395317756827835,OXA-48,ic50,CAZtraj1
p33,x101,3,-0.18835208349321675,OXA-48,ic50,CAZtraj1
p33,x110,3,0.026940598521477566,OXA-48,ic50,CAZtraj1
p33,x111,4,0.026915530295437917,OXA-48,ic50,CAZtraj1
p72,0x00,1,0,OXA-48,ic50,CAZtraj1
p72,0x01,2,1.169514125006088,OXA-48,ic50,CAZtraj1
p72,0x10,2,0.9878545474734327,OXA-48,ic50,CAZtraj1
p72,0x11,3,1.442477174585683,OXA-48,ic50,CAZtraj1
p72,1x00,2,0.023395317756827835,OXA-48,ic50,CAZtraj1
p72,1x01,3,0.9878545474734327,OXA-48,ic50,CAZtraj1
p72,1x10,3,1.0361072832729656,OXA-48,ic50,CAZtraj1
p72,1x11,4,1.5060807321763714,OXA-48,ic50,CAZtraj1
p212,00x0,1,0,OXA-48,ic50,CAZtraj1
p212,00x1,2,0.04621893329780338,OXA-48,ic50,CAZtraj1
p212,01x0,2,0.9878545474734327,OXA-48,ic50,CAZtraj1
p212,01x1,3,0.31918198287739846,OXA-48,ic50,CAZtraj1
p212,10x0,2,-0.02131213727805536,OXA-48,ic50,CAZtraj1
p212,10x1,3,0.016223411963114595,OXA-48,ic50,CAZtraj1
p212,11x0,3,0.9913998282380825,OXA-48,ic50,CAZtraj1
p212,11x1,4,0.5344495966660532,OXA-48,ic50,CAZtraj1
p213,000x,1,0,OXA-48,ic50,CAZtraj1
p213,001x,2,0.04621893329780338,OXA-48,ic50,CAZtraj1
p213,010x,2,1.169514125006088,OXA-48,ic50,CAZtraj1
p213,011x,3,0.5008415604100537,OXA-48,ic50,CAZtraj1
p213,100x,2,-0.006692505960561531,OXA-48,ic50,CAZtraj1
p213,101x,3,0.030843043280608422,OXA-48,ic50,CAZtraj1
p213,110x,3,0.9577667237560433,OXA-48,ic50,CAZtraj1
p213,111x,4,0.500816492184014,OXA-48,ic50,CAZtraj1
