"indices","sign","effect"
"72|213",0,1.16951412500609
"72|212",0,0.987854547473433
"72|212|213",0,1.48869610788349
"33|72|213",0,0.981162041512871
"33|72|212",0,1.01479514599491
"33|72|212|213",0,1.51561163817892
