"genotype","predicted effect"
"MEGN",0.275375
"LEGN",0.837625000000001
"MKGN",0.890624999999999
"MESN",0.403625
"MEGD",-0.478375
"LKGN",-1.303625
"LESN",1.033375
"LEGD",1.116375
"MKSN",1.232375
"MKGD",1.038375
"MESD",-1.261625
"LKSN",0.792625
"LKGD",0.780625000000001
"LESD",-1.510375
"MKSD",1.107625
"LKSD",0.693374999999999
