genotype,avg,pos,mutations,likely,enzyme_name,measure_type,cond
x000,1.1139433523068367,p69,1,FALSE,TEM,growth,CTT
0x00,1.167317334748176,p104,1,TRUE,TEM,growth,CTT
00x0,0.6794278966121189,p238,1,FALSE,TEM,growth,CTT
000x,-0.20273245916928356,p276,1,FALSE,TEM,growth,CTT
xx00,-3.8596567601851817,p69|p104,2,FALSE,TEM,growth,CTT
x0x0,-1.0352166269515655,p69|p238,2,FALSE,TEM,growth,CTT
x00x,-0.0704776585257465,p69|p276,2,FALSE,TEM,growth,CTT
0xx0,-0.8896170336834818,p104|p238,2,TRUE,TEM,growth,CTT
0x0x,-0.20190631185145613,p104|p276,2,FALSE,TEM,growth,CTT
00xx,-2.014297439543879,p238|p276,2,FALSE,TEM,growth,CTT
xxx0,3.891987698899259,p69|p104|p238,3,FALSE,TEM,growth,CTT
xx0x,3.110417354013128,p69|p104|p276,3,FALSE,TEM,growth,CTT
x0xx,0.29427591992140756,p69|p238|p276,3,FALSE,TEM,growth,CTT
0xxx,2.8456233788682375,p104|p238|p276,3,TRUE,TEM,growth,CTT
xxxx,-4.410787354138824,p69|p104|p238|p276,4,FALSE,TEM,growth,CTT
