"model_order","R2","(Adjusted)","Delta R2"
"order1","0.737585538120092","0.722278027843764","0.737585538120092"
"order2","0.928678854407432","0.90850721727014","0.19109331628734"
"order3","0.973924360757331","0.948256153377829","0.0452455063498992"
"order4","0.990878326523115","0.960053360980537","0.0169539657657837"
"order5","0.998836646363019","0.981531761012926","0.00795831983990392"
"order6","0.999931895061059","0.991350672754459","0.00109524869803967"
