"model_order","R2","(Adjusted)","Delta R2"
"order1","0.726739696313604","0.674189637912374","0.726739696313604"
"order2","0.953607991204811","0.910115482959321","0.226868294891207"
"order3","0.995467151195827","0.976580281178442","0.0418591599910164"
"order4","0.999711133016539","0.991045123512717","0.00424398182071228"
