"indices","effect"
"INTERCEPT",0.898737506460049
"72",0.522159667673473
"193",0.534749619343605
"258",0.786155915632169
"271",-0.280245354928051
"273",0.596945239874929
"72|193",0.184627138774224
"72|258",-0.434845776368561
"72|271",0.0219849856488559
"72|273",0.0956724228333208
"193|258",0.0153491592467828
"193|271",0.0536428278822868
"193|273",0.197059434938379
"258|271",0.316589934829633
"258|273",-0.0422028945216329
"271|273",0.355394534731398
"72|193|258",0.0759930106364077
"72|193|271",0.059087381473913
"72|193|273",0.186222816106197
"72|258|271",-0.0837241744442476
"72|258|273",0.118839870330038
"72|271|273",0.10857340554661
"193|258|271",-0.0598055004507847
"193|258|273",-0.0360204207277536
"193|271|273",-0.0306630641347704
"258|271|273",0.100704466337183
"72|193|258|271",0.0950916195496129
"72|193|258|273",-0.0110554396547653
"72|193|271|273",-0.0090266467726579
"72|258|271|273",-0.0127724794373349
"193|258|271|273",0.00129826123603014
