genotype,avg,pos,mutations
x000,0,p69,1
x001,0,p69,1
x010,-0.4681399557003726,p69,1
x011,-1.3463529744506386,p69,1
x100,-0.07918124604762482,p69,1
x101,-1.235528446907549,p69,1
x110,-1.3324384599156054,p69,1
x111,0,p69,1
0x00,0.07918124604762482,p104,1
0x01,1.235528446907549,p104,1
0x10,0.02924240249511656,p104,1
0x11,0,p104,1
1x00,0,p104,1
1x01,0,p104,1
1x10,-0.8350561017201162,p104,1
1x11,1.3463529744506386,p104,1
00x0,1.3031960574204888,p238,1
00x1,1.3463529744506386,p238,1
01x0,1.2532572138679805,p238,1
01x1,0.11082452754308969,p238,1
10x0,0.8350561017201162,p238,1
10x1,0,p238,1
11x0,0,p238,1
11x1,1.3463529744506386,p238,1
000x,0,p276,1
001x,0.04315691703014979,p276,1
010x,1.156347200859924,p276,1
011x,0.013914514535033229,p276,1
100x,0,p276,1
101x,-0.8350561017201162,p276,1
110x,0,p276,1
111x,1.3463529744506386,p276,1
xx00,-0.07918124604762482,p69|p104,2
xx01,-1.235528446907549,p69|p104,2
xx10,-0.8642985042152328,p69|p104,2
xx11,1.3463529744506386,p69|p104,2
x0x0,-0.4681399557003726,p69|p238,2
x0x1,-1.3463529744506386,p69|p238,2
x1x0,-1.2532572138679805,p69|p238,2
x1x1,1.235528446907549,p69|p238,2
x00x,0,p69|p276,2
x01x,-0.878213018750266,p69|p276,2
x10x,-1.156347200859924,p69|p276,2
x11x,1.3324384599156054,p69|p276,2
0xx0,-0.04993884355250826,p104|p238,2
0xx1,-1.235528446907549,p104|p238,2
1xx0,-0.8350561017201162,p104|p238,2
1xx1,1.3463529744506386,p104|p238,2
0x0x,1.156347200859924,p104|p276,2
0x1x,-0.02924240249511656,p104|p276,2
1x0x,0,p104|p276,2
1x1x,2.181409076170755,p104|p276,2
00xx,0.04315691703014979,p238|p276,2
01xx,-1.1424326863248908,p238|p276,2
10xx,-0.8350561017201162,p238|p276,2
11xx,1.3463529744506386,p238|p276,2
xxx0,-0.785117258167608,p69|p104|p238,3
xxx1,2.5818814213581875,p69|p104|p238,3
xx0x,-1.156347200859924,p69|p104|p276,3
xx1x,2.2106514786658713,p69|p104|p276,3
x0xx,-0.878213018750266,p69|p238|p276,3
x1xx,2.4887856607755294,p69|p238|p276,3
0xxx,-1.1855896033550406,p104|p238|p276,3
1xxx,2.181409076170755,p104|p238|p276,3
xxxx,3.3669986795257953,p69|p104|p238|p276,4
