"model_order","R2","(Adjusted)","Delta R2"
"order1","0.644267330653892","0.514909996346216","0.644267330653892"
"order2","0.808042960351809","0.424128881055426","0.163775629697917"
"order3","0.886967188571253","-0.695492171431201","0.0789242282194442"
