"indices","effect"
"INTERCEPT",0.551401101438457
"69",-0.55764292016433
"104",0.232024751494838
"238",0.773911019105768
"276",0.215716882245185
"69|104",-0.104278538523005
"69|238",-0.228763772455898
"69|276",-0.0879688399461224
"104|238",-0.0968587171541529
"104|276",0.41358616064485
"238|276",-0.0737253321291377
"69|104|238",0.22460895187415
"69|104|276",0.131563278425954
"69|238|276",0.20146959138478
"104|238|276",0.124147929137476
