p69,p104,p238,p276,numbers,genotype,observed effect,epistatic effect,average effect,WT effect,cv,mutations,2 step,3 step,final step
-1,-1,-1,-1,0000,MEGN,0,-0.21050316009518572,0.21939623509772715,0,NA,0,0,0,0
-1,-1,-1,1,0001,MEGD,0,0.21050253252861922,0.4351131173429122,0,NA,1,0,0,0
-1,-1,1,-1,0010,MESN,1.3031960574204888,1.512982153146176,0.9933072542034949,1.3031960574204888,NA,1,1.3031960574204888,1.3031960574204888,1.3031960574204888
-1,-1,1,1,0011,MESD,1.3463529744506386,1.1353021404671944,1.2090241364486798,1.3031960574204888,NA,2,1.3463529744506386,1.3463529744506386,1.3463529744506386
-1,1,-1,-1,0100,MKGN,0.07918124604762482,0.28939284586953995,0.45142098659256485,0.07918124604762482,NA,1,0.07918124604762482,0.07918124604762482,0.07918124604762482
-1,1,-1,1,0101,MKGD,1.235528446907549,1.026148444656185,0.6671378688377498,0.07918124604762482,NA,2,1.235528446907549,1.235528446907549,1.235528446907549
-1,1,1,-1,0110,MKSN,1.3324384599156054,1.1216469627793446,1.2253320056983326,1.3823773034681137,NA,2,1.3324384599156054,1.3324384599156054,1.3324384599156054
-1,1,1,1,0111,MKSD,1.3463529744506386,1.556308572813106,1.4410488879435175,1.3823773034681137,NA,3,2.531942577805679,1.3463529744506386,1.3463529744506386
1,-1,-1,-1,1000,LEGN,0,0.2105068923503936,-0.33824668506660294,0,NA,1,0,0,0
1,-1,-1,1,1001,LEGD,0,-0.21049083453951467,-0.1225298028214179,0,NA,2,0,0,0
1,-1,1,-1,1010,LESN,0.8350561017201162,0.6243075741620999,0.43566433403916477,1.3031960574204888,NA,2,0.8350561017201161,0.8350561017201161,0.8350561017201161
1,-1,1,1,1011,LESD,0,0.2105025075085249,0.6513812162843498,1.3031960574204888,NA,3,0.8782130187502659,-1.1102230246251565e-16,-1.1102230246251565e-16
1,1,-1,-1,1100,LKGN,0,-0.21049863933109925,-0.10622193357176513,0.07918124604762482,NA,2,1.3877787807814457e-17,1.3877787807814457e-17,1.3877787807814457e-17
1,1,-1,1,1101,LKGD,0,0.2105066536456498,0.10949494867341991,0.07918124604762482,NA,3,1.156347200859924,0,0
1,1,1,-1,1110,LKSN,0,0.21050665364564985,0.6676890855340025,1.3823773034681137,NA,3,0.7851172581676078,-1.1102230246251565e-16,-1.1102230246251565e-16
1,1,1,1,1111,LKSD,1.3463529744506386,1.1352963234086346,0.8834059677791875,1.3823773034681137,NA,4,1.9846213760576816,-2.020645705075157,1.3463529744506384
