"indices","sign","effect"
"104|276",0,1.15634720085992
"69|238",0,-0.468139955700373
"69|238|276",0,-1.30319605742049
"69|104|238",0,-1.38237730346811
