"model_order","R2","(Adjusted)","Delta R2"
"order1","0.561986756907206","0.402709213964371","0.561986756907206"
"order2","0.693226080665979","0.0796782419979357","0.131239323758773"
"order3","0.940938590960204","0.114078864403059","0.247712510294225"
