"id","effect","muts","cv","colors","enz"
"0000",0,0,NA,"#FFFFFF","TEM"
"0001",-0.804100347590766,1,NA,"#B8EFFF","TEM"
"0010",1.46239799789896,1,NA,"#FF8680","TEM"
"0100",1.78816837114117,1,NA,"#FF6A62","TEM"
"1000",-0.262012673666569,1,NA,"#E8FAFF","TEM"
"0011",1.94987770403687,2,NA,"#FF5C53","TEM"
"0101",-0.436518914605589,2,NA,"#D9F7FF","TEM"
"0110",1.64048143697042,2,NA,"#FF7871","TEM"
"1001",-0.55129368009492,2,NA,"#CEF4FF","TEM"
"1010",2.08278537031645,2,NA,"#FF5148","TEM"
"1100",0.315970345456918,2,NA,"#FFE6E4","TEM"
"0111",-0.655607726314889,3,NA,"#C7F3FF","TEM"
"1011",0.0606978403536116,3,NA,"#FFFBFB","TEM"
"1101",-0.341035157335565,3,NA,"#E1F8FF","TEM"
"1110",1.64836001098093,3,NA,"#FF746D","TEM"
"1111",2.13353890837022,4,NA,"#FF4E45","TEM"
