genotype,avg,pos,mutations,likely,enzyme_name,measure_type,cond
x000,-0.2620126736665692,p69,1,FALSE,TEM,growth,CRO
0x00,1.7881683711411678,p104,1,TRUE,TEM,growth,CRO
00x0,1.462397997898956,p238,1,FALSE,TEM,growth,CRO
000x,-0.8041003475907662,p276,1,FALSE,TEM,growth,CRO
xx00,-1.2101853520176808,p69|p104,2,FALSE,TEM,growth,CRO
x0x0,0.8824000460840634,p69|p238,2,FALSE,TEM,growth,CRO
x00x,0.5148193411624153,p69|p276,2,FALSE,TEM,growth,CRO
0xx0,-1.610084932069702,p104|p238,2,TRUE,TEM,growth,CRO
0x0x,-1.4205869381559908,p104|p276,2,FALSE,TEM,growth,CRO
00xx,1.2915800537286848,p238|p276,2,FALSE,TEM,growth,CRO
xxx0,0.5976765536106963,p69|p104|p238,3,TRUE,TEM,growth,CRO
xx0x,1.052862441791859,p69|p104|p276,3,FALSE,TEM,growth,CRO
x0xx,-3.0243865772631726,p69|p238|p276,3,FALSE,TEM,growth,CRO
0xxx,-1.3629819312672389,p104|p238|p276,3,FALSE,TEM,growth,CRO
xxxx,4.237972854983495,p69|p104|p238|p276,4,TRUE,TEM,growth,CRO
