MAE,Last MAE,Step,Enzyme,Linear MAE,Linear Last MAE
0.2858982298203546,0.3881198413293,1,TEM,0.268296875,0.42187499999999994
0.18503012083290754,0.855526819558351,2,TEM,0.14515625,0.21799999999999997
0.037075391500857535,0.5932062640137203,3,TEM,0.037125000000000026,0.03712500000000002
