"genotype","predicted effect"
"MEGN",-0.0371250000000001
"LEGN",-0.0208750000000001
"MKGN",-0.292875
"MESN",0.301125
"MEGD",0.0411249999999998
"LKGN",-0.258125
"LESN",-0.0161250000000002
"LEGD",0.192875
"MKSN",-0.631125
"MKGD",-0.271125
"MESD",-0.0631249999999999
"LKSN",0.0271249999999999
"LKGD",0.506125
"LESD",0.264125
"MKSD",-1.677875
"LKSD",0.231875
