genotype,avg,pos,mutations
x000,-0.057991946977686754,p69,1
x001,0.22612754759563133,p69,1
x010,-0.24362852393959838,p69,1
x011,0.2538358018207962,p69,1
x100,0.10862861892861547,p69,1
x101,0.7026787756531432,p69,1
x110,0.5833543832848179,p69,1
x111,1.9839556352101424,p69,1
0x00,-0.32975414692587596,p104,1
0x01,-0.23865281902362853,p104,1
0x10,-0.8582776425755814,p104,1
0x11,-1.6884935937851036,p104,1
1x00,-0.16313358101957373,p104,1
1x01,0.23789840903388335,p104,1
1x10,-0.03129473535116503,p104,1
1x11,0.041626239604242804,p104,1
00x0,0.2648178230095365,p238,1
00x1,-0.030270470989765232,p238,1
01x0,-0.2637056726401689,p238,1
01x1,-1.4801112457512402,p238,1
10x0,0.07918124604762485,p238,1
10x1,-0.002562216764600389,p238,1
11x0,0.21102009171603356,p238,1
11x1,-0.19883438619424093,p238,1
000x,0.004321373782642578,p276,1
001x,-0.2907669202166591,p276,1
010x,0.09542270168489,p276,1
011x,-1.1209828714261811,p276,1
100x,0.28844086835596067,p276,1
101x,0.20669740554373545,p276,1
110x,0.6894728584094177,p276,1
111x,0.2796183804991433,p276,1
xx00,0.16662056590630223,p69|p104,2
xx01,0.4765512280575118,p69|p104,2
xx10,0.8269829072244164,p69|p104,2
xx11,1.7301198333893462,p69|p104,2
x0x0,-0.18563657696191163,p69|p238,2
x0x1,0.027708254225164847,p69|p238,2
x1x0,0.47472576435620245,p69|p238,2
x1x1,1.2812768595569992,p69|p238,2
x00x,0.2841194945733181,p69|p276,2
x01x,0.49746432576039457,p69|p276,2
x10x,0.5940501567245278,p69|p276,2
x11x,1.4006012519253246,p69|p276,2
0xx0,-0.5285234956497054,p104|p238,2
0xx1,-1.449840774761475,p104|p238,2
1xx0,0.1318388456684087,p104|p238,2
1xx1,-0.19627216942964054,p104|p238,2
0x0x,0.09110132790224743,p104|p276,2
0x1x,-0.8302159512095222,p104|p276,2
1x0x,0.4010319900534571,p104|p276,2
1x1x,0.07292097495540784,p104|p276,2
00xx,-0.2950882939993017,p238|p276,2
01xx,-1.2164055731110712,p238|p276,2
10xx,-0.08174346281222523,p238|p276,2
11xx,-0.4098544779102745,p238|p276,2
xxx0,0.6603623413181141,p69|p104|p238,3
xxx1,1.2535686053318345,p69|p104|p238,3
xx0x,0.30993066215120957,p69|p104|p276,3
xx1x,0.9031369261649298,p69|p104|p276,3
x0xx,0.21334483118707648,p69|p238|p276,3
x1xx,0.8065510952007968,p69|p238|p276,3
0xxx,-0.9213172791117696,p104|p238|p276,3
1xxx,-0.32811101509804924,p104|p238|p276,3
xxxx,0.5932062640137203,p69|p104|p238|p276,4
