"model_order","R2","(Adjusted)","Delta R2"
"order1","0.393147975067213","0.172474511455291","0.393147975067213"
"order2","0.866741514902298","0.600224544706893","0.473593539835085"
"order3","0.99419085404436","0.9128628106654","0.127449339142062"
