genotype,avg,pos,mutations,likely,enzyme_name,measure_type,cond
x000,-0.057991946977686754,p69,1,FALSE,TEM,growth,AM
0x00,-0.32975414692587596,p104,1,FALSE,TEM,growth,AM
00x0,0.2648178230095365,p238,1,TRUE,TEM,growth,AM
000x,0.004321373782642578,p276,1,FALSE,TEM,growth,AM
xx00,0.16662056590630223,p69|p104,2,FALSE,TEM,growth,AM
x0x0,-0.18563657696191163,p69|p238,2,TRUE,TEM,growth,AM
x00x,0.2841194945733181,p69|p276,2,FALSE,TEM,growth,AM
0xx0,-0.5285234956497054,p104|p238,2,FALSE,TEM,growth,AM
0x0x,0.09110132790224743,p104|p276,2,FALSE,TEM,growth,AM
00xx,-0.2950882939993017,p238|p276,2,FALSE,TEM,growth,AM
xxx0,0.6603623413181141,p69|p104|p238,3,FALSE,TEM,growth,AM
xx0x,0.30993066215120957,p69|p104|p276,3,FALSE,TEM,growth,AM
x0xx,0.21334483118707648,p69|p238|p276,3,TRUE,TEM,growth,AM
0xxx,-0.9213172791117696,p104|p238|p276,3,FALSE,TEM,growth,AM
xxxx,0.5932062640137203,p69|p104|p238|p276,4,TRUE,TEM,growth,AM
