WT,,,,
PALWI,,,,
Positions,,,,
21,26,28,30,94 
Genotype,Function,,,
PALWI,0,,
PALWL,-0.0783538201580559,,
PALGI,-0.0310727455964425,,
PALGL,-0.0541849508529176,,
PARWI,-0.0142739569157764,,
PARWL,-0.0592282143057981,,
PARGI,0.00779546259117919,,
PARGL,-0.013945509886051,,
PTLWI,-0.0873829399572518,,
PTLWL,-0.081208672784801,,
PTLGI,-0.0179295593888539,,
PTLGL,-0.090156582317336,,
PTRWI,-0.0281350406069191,,
PTRWL,-0.0280089920552679,,
PTRGI,-0.00111121824826804,,
PTRGL,-0.147976914595879,,
LALWI,-0.0378862532288998,,
LALWL,-0.0138805510232105,,
LALGI,-0.181557336494257,,
LALGL,-2.08287057155928,,
LARWI,-0.0986413490895108,,
LARWL,-0.2991382440094,,
LARGI,-0.767505412578439,,
LARGL,-2.7383221158617,,
LTLWI,-0.0783538201580559,,
LTLWL,-0.0649250581256768,,
LTLGI,-0.649289031317048,,
LTLGL,-3.6392448115032,,
LTRWI,-0.178325372747515,,
LTRWL,-1.52083113709839,,
LTRGI,-2.21315563999526,,
LTRGL,-3.85616767421561,,
