WT,,,,
PALWI,,,,
Positions,,,,
21,26,28,30,94 
Genotype,Function,,,
PALWI,0,,
PALWL,0.44265659519905,,
PALRI,0.245695173645993,,
PALRL,0.825769465957029,,
PARWI,0.87506045977826,,
PARWL,2.12786061616178,,
PARRI,2.06314475996088,,
PARRL,2.90641908284227,,
PTLWI,0.23309779249466,,
PTLWL,1.01615092578918,,
PTLRI,0.987666874407258,,
PTLRL,2.66430625976546,,
PTRWI,1.55631364024629,,
PTRWL,3.23595543631013,,
PTRRI,2.64201434313572,,
PTRRL,3.90675759726087,,
LALWI,0.240149672203565,,
LALWL,1.53153611069983,,
LALRI,1.36721415736602,,
LALRL,2.22788212931374,,
LARWI,1.42525946748509,,
LARWL,2.59004282330384,,
LARRI,2.82193514673504,,
LARRL,4.03085869656859,,
LTLWI,0.781157267399495,,
LTLWL,2.6178811387458,,
LTLRI,1.77724622980133,,
LTLRL,4.03747554382933,,
LTRWI,2.93531627700399,,
LTRWL,4.19695561991845,,
LTRRI,3.88197731741988,,
LTRRL,5.0061050865995,,
