WT,,,
NCSI,,,
Positions,,,
51,59,108,164 
Genotype,Function,,
NCSI,0,
NCSL,0.301029995663981,
NCNI,0.301029995663981,
NCNL,0.903089986991944,
NRSI,0,
NRSL,0.903089986991944,
NRNI,0.301029995663981,
NRNL,0.903089986991944,
ICSI,1.20411998265592,
ICSL,1.50514997831991,
ICNI,0.301029995663981,
ICNL,0.903089986991944,
IRSI,0.301029995663981,
IRSL,0.903089986991944,
IRNI,0.602059991327962,
IRNL,0.903089986991944,
