WT,,,,
L-HIF,,,,
Positions,,,,
72,193,258,271,273 
Genotype,Function,,,
L-HIF,0,,
L-HIL,0.0899051114393979,,
L-HTF,-0.653647025549361,,
L-HTL,-0.326058001365912,,
L-LIF,0.951337518795918,,
L-LIL,0.980003371583746,,
L-LTF,0.181843587944773,,
L-LTL,0.46686762035411,,
LSHIF,0.235528446907549,,
LSHIL,0.387389826338729,,
LSHTF,-0.375717904164332,,
LSHTL,-0.113509274827518,,
LSLIF,1.1430148002541,,
LSLIL,1.18752072083646,,
LSLTF,0.526339277389844,,
LSLTL,0.707570176097936,,
R-HIF,0.434568904034199,,
R-HIL,-0.0305840876460186,,
R-HTF,-0.399027104313252,,
R-HTL,0.0334237554869497,,
R-LIF,0.653212513775344,,
R-LIL,0.260071387985075,,
R-LTF,0.0969100130080564,,
R-LTL,0.737192642704737,,
RSHIF,0.535294120042771,,
RSHIL,0.496929648073215,,
RSHTF,0.0453229787866575,,
RSHTL,0.83695673705955,,
RSLIF,0.864511081058392,,
RSLIL,1.0899051114394,,
RSLTF,0.714329759745233,,
RSLTL,1.26007138798507,,
