WT,,,,
L-HIF,,,,
Positions,,,,
72,193,258,271,273 
Genotype,Function,,,
L-HIF,0,,
L-HIL,0.940018155007663,,
L-HTF,-0.387216143280265,,
L-HTL,0.212187604403958,,
L-LIF,0.544068044350276,,
L-LIL,0.679427896612119,,
L-LTF,0.267171728403014,,
L-LTL,0.635483746814912,,
LSHIF,0.41161970596323,,
LSHIL,1.34044411484012,,
LSHTF,0.00860017176191757,,
LSHTL,0.614897216033135,,
LSLIF,0.673941998634088,,
LSLIL,0.999565488225982,,
LSLTF,0.3654879848909,,
LSLTL,0.878521795501206,,
R-HIF,0.846337112129805,,
R-HIL,0.501059262217751,,
R-HTF,-0.0624821079826534,,
R-HTL,0.540329474790874,,
R-LIF,0.488550716500444,,
R-LIL,0.320146286111054,,
R-LTF,-0.224025668870631,,
R-LTL,0.926856708949692,,
RSHIF,1.24551266781415,,
RSHIL,1.53147891704226,,
RSHTF,0.761175813155731,,
RSHTL,1.86451108105839,,
RSLIF,0.838849090737255,,
RSLIL,1.63848925695464,,
RSLTF,0.770852011642144,,
RSLTL,2.21218760440396,,
