WT,,,,
L-HIF,,,,
Positions,,,,
72,193,258,271,273 
Genotype,Function,,,
L-HIF,0,,
L-HIL,0.178976947293169,,
L-HTF,-0.614393726401688,,
L-HTL,-0.354577730650908,,
L-LIF,1.15228834438306,,
L-LIL,0.974050902792877,,
L-LTF,0.439332693830263,,
L-LTL,0.8926510338773,,
LSHIF,0.176091259055681,,
LSHIL,0.40823996531185,,
LSHTF,-0.508638306165727,,
LSHTL,-0.236572006437063,,
LSLIF,1.24551266781415,,
LSLIL,1.19312459835446,,
LSLTF,0.553883026643874,,
LSLTL,1.06445798922692,,
R-HIF,0.416640507338281,,
R-HIL,0.110589710299249,,
R-HTF,-0.527243550682788,,
R-HTL,-0.0767559813697235,,
R-LIF,0.534026106056135,,
R-LIL,0.232996110392154,,
R-LTF,0.252853030979893,,
R-LTL,0.932980821923198,,
RSHIF,0.507855871695831,,
RSHIL,1.07918124604762,,
RSHTF,-0.0716041477432862,,
RSHTL,1.06069784035361,,
RSLIF,0.852479993636856,,
RSLIL,1.23552844690755,,
RSLTF,0.677606952720493,,
RSLTL,1.99078269180314,,
