WT,,,,
L-HIF,,,,
Positions,,,,
72,193,258,271,273 
Genotype,Function,,,
L-HIF,0,,
L-HIL,-0.0400051616715838,,
L-HTF,-0.688246138944246,,
L-HTL,-0.512861624522813,,
L-LIF,0.89707700320942,,
L-LIL,0.868644438394826,,
L-LTF,0.432969290874406,,
L-LTL,0.88309335857569,,
LSHIF,0.0791812460476248,,
LSHIL,0.155336037465062,,
LSHTF,-0.515700160653214,,
LSHTL,-0.286509456906058,,
LSLIF,1.08635983067475,,
LSLIL,1.05690485133647,,
LSLTF,0.638489256954637,,
LSLTL,1.12710479836481,,
R-HIF,-0.193141970481183,,
R-HIL,-0.277366077466188,,
R-HTF,-0.692503962086787,,
R-HTL,-0.448550002027125,,
R-LIF,0.292256071356476,,
R-LIL,-0.0227337875727073,,
R-LTF,0.0791812460476248,,
R-LTL,0.613841821876069,,
RSHIF,0.0755469613925307,,
RSHIL,0.423245873936808,,
RSHTF,-0.235823867609669,,
RSHTL,0.547774705387823,,
RSLIF,0.53655844257153,,
RSLIL,0.880813592280791,,
RSLTF,0.330413773349191,,
RSLTL,1.3384564936046,,
