WT,,,,
L-HIF,,,,
Positions,,,,
72,193,258,271,273 
Genotype,Function,,,
L-HIF,0,,
L-HIL,0.214843848047698,,
L-HTF,0.24551266781415,,
L-HTL,0.184691430817599,,
L-LIF,1.09342168516224,,
L-LIL,1.27415784926368,,
L-LTF,0.74350976472843,,
L-LTL,0.741151598851785,,
LSHIF,0.193124598354462,,
LSHIL,0.505149978319906,,
LSHTF,0.40823996531185,,
LSHTL,0.371067862271736,,
LSLIF,1.26007138798507,,
LSLIL,1.50242711998443,,
LSLTF,0.816241299991783,,
LSLTL,1.06445798922692,,
R-HIF,0.495544337546448,,
R-HIL,0.225309281725863,,
R-HTF,0.511883360978874,,
R-HTL,0.296665190261531,,
R-LIF,0.926342446625655,,
R-LIL,0.834420703681533,,
R-LTF,0.713490543093943,,
R-LTL,0.769377326076139,,
RSHIF,0.509202522331103,,
RSHIL,0.222716471147583,,
RSHTF,0.76715586608218,,
RSHTL,0.712649701627211,,
RSLIF,1.11058971029925,,
RSLIL,1.38738982633873,,
RSLTF,0.887054378050957,,
RSLTL,1.3747483460101,,
