WT,,,,,
DHLLFI,,,,,
Positions,,,,,
233,254,271,272,306,313 
Genotype,Function,,,,
DHLLFI,0,,,
DHLLFF,-0.421360790031928,,,
DHLLII,-0.46344155742847,,,
DHLLIF,-0.801342913045577,,,
DHLMFI,0.193124598354462,,,
DHLMFF,0,,,
DHLMII,-0.303643611266668,,,
DHLMIF,-0.628932137728264,,,
DHFLFI,0.161368002234975,,,
DHFLFF,0.462397997898956,,,
DHFLII,-0.309803919971486,,,
DHFLIF,-0.134896025358872,,,
DHFMFI,0.264817823009536,,,
DHFMFF,0.547774705387823,,,
DHFMII,-0.312471038785366,,,
DHFMIF,-0.0579919469776867,,,
DRLLFI,1.57634135020579,,,
DRLLFF,1.58092497567562,,,
DRLLII,0.859738566197147,,,
DRLLIF,0.495544337546448,,,
DRLMFI,1.82542611776782,,,
DRLMFF,1.84323277809801,,,
DRLMII,1.07554696139253,,,
DRLMIF,1.21218760440396,,,
DRFLFI,1.56702636615906,,,
DRFLFF,1.55266821611219,,,
DRFLII,0.509202522331103,,,
DRFLIF,1.15836249209525,,,
DRFMFI,1.65991620006985,,,
DRFMFF,1.80753502806885,,,
DRFMII,1.51454775266029,,,
DRFMIF,1.86153441085904,,,
EHLLFI,0.361727836017593,,,
EHLLFF,0.00860017176191757,,,
EHLLII,-0.140261433802853,,,
EHLLIF,-0.460923901207223,,,
EHLMFI,0.413299764081252,,,
EHLMFF,0.0606978403536116,,,
EHLMII,-0.109020403010311,,,
EHLMIF,0.0899051114393979,,,
EHFLFI,0.348304863048161,,,
EHFLFF,0.209515014542631,,,
EHFLII,-0.13608262304214,,,
EHFLIF,-0.326058001365912,,,
EHFMFI,0.460897842756548,,,
EHFMFF,0.198657086954423,,,
EHFMII,-0.0830199526796178,,,
EHFMIF,-0.30189945437661,,,
ERLLFI,1.77670118398841,,,
ERLLFF,1.44090908206522,,,
ERLLII,1.3541084391474,,,
ERLLIF,1.05690485133647,,,
ERLMFI,1.89817648349768,,,
ERLMFF,1.70926996097583,,,
ERLMII,1.54654266347813,,,
ERLMIF,1.27646180417324,,,
ERFLFI,1.75587485567249,,,
ERFLFF,1.75127910398334,,,
ERFLII,1.78958071216443,,,
ERFLIF,1.83058866868514,,,
ERFMFI,1.76492298464989,,,
ERFMFF,1.84135947045486,,,
ERFMII,1.9903388547876,,,
ERFMIF,1.87966920563205,,,
