WT,,,
MEGN,,,
Positions,,,
69,104,238,276 
Genotype,Function,,
MEGN,0,
MEGD,-0.202732459169284,
MESN,0.679427896612119,
MESD,-1.53760200210104,
MKGN,1.16731733474818,
MKGD,0.762678563727436,
MKSN,0.957128197676813,
MKSD,1.38381536598043,
LEGN,1.11394335230684,
LEGD,0.840733234611807,
LESN,0.75815462196739,
LESD,-1.23507701535011,
LKGN,-1.57839607313017,
LKGD,1.05690485133647,
LKSN,1.06818586174616,
LKSD,0.418301291319745,
