WT,,,
MEGN,,,
Positions,,,
69,104,238,276 
Genotype,Function,,
MEGN,0,
MEGD,-0.349692476868064,
MESN,2.00860017176192,
MESD,2.44870631990508,
MKGN,1.16731733474818,
MKGD,0.876217840591642,
MKSN,2.31597034545692,
MKSD,2.50105926221775,
LEGN,-0.16304326294045,
LEGD,-0.20690839982342,
LESN,2.05690485133647,
LESD,0.507855871695831,
LKGN,0.0413926851582251,
LKGD,0.390935107103379,
LKSN,0.367355921026019,
LKSD,2.6730209071289,
