WT,,,
MEGN,,,
Positions,,,
69,104,238,276 
Genotype,Function,,
MEGN,0,
MEGD,-0.262012673666569,
MESN,-0.106793246940152,
MESD,0.389166084364532,
MKGN,0.136720567156407,
MKGD,-0.412289034981089,
MKSN,-0.0277971616209356,
MKSD,-2.04383156952464,
LEGN,-2.02410886359821,
LEGD,-2.08618614761628,
LESN,-0.0159229660971692,
LESD,-2.16494389827988,
LKGN,-0.10790539730952,
LKGD,-2.16304326294045,
LKSN,0.382017042574868,
LKSD,-1.74232142513082,
