WT,,,,
gAEMG,,,,
Positions,,,,
4205,42,104,182,238 
Genotype,Function,,,
gAEMG,0,,
gAEMS,0.589634157781292,,
gAETG,-0.0239530727643231,,
gAETS,2.14720841467448,,
gAKMG,0.0535783008594996,,
gAKMS,3.62600182812588,,
gAKTG,0.0842786883928804,,
gAKTS,3.62600182812588,,
gGEMG,0,,
gGEMS,1.94111089959264,,
gGETG,0.589634157781292,,
gGETS,3.62600182812588,,
gGKMG,0.589634157781292,,
gGKMS,4.41021154789141,,
gGKTG,0.421411733334318,,
gGKTS,4.51668478093367,,
aAEMG,0,,
aAEMS,0.589634157781292,,
aAETG,0,,
aAETS,3.62600182812588,,
aAKMG,0.0994996880156816,,
aAKMS,3.62600182812588,,
aAKTG,0.0994996880156816,,
aAKTS,4.41021154789141,,
aGEMG,0,,
aGEMS,3.62600182812588,,
aGETG,0,,
aGETS,3.62600182812588,,
aGKMG,0.728214146003124,,
aGKMS,4.33355582444048,,
aGKTG,0.589634157781292,,
aGKTS,4.61883232772752,,
