MAE,Last MAE,Step,Enzyme,Linear MAE,Linear Last MAE
0.41391624403797417,0.9030899869919438,1,DHFR,0.23518750146874998,0.1505254209375001
0.1505149978319906,0.30102999566398103,2,DHFR,0.15052194656249998,0.03761832643749974
4.85722573273506e-17,2.220446049250313e-16,3,DHFR,3.4743124999632446e-6,3.474312500029164e-6
