"positions","effects","identity","mut","condition"
"p51",1.20411998265592,"x000","1","c61_DHFR_ic50_c61"
"p51",1.20411998265592,"x001","2","c61_DHFR_ic50_c61"
"p51",0,"x010","2","c61_DHFR_ic50_c61"
"p51",0,"x011","3","c61_DHFR_ic50_c61"
"p51",0.301029995663981,"x100","2","c61_DHFR_ic50_c61"
"p51",0,"x101","3","c61_DHFR_ic50_c61"
"p51",0.301029995663981,"x110","3","c61_DHFR_ic50_c61"
"p51",0,"x111","4","c61_DHFR_ic50_c61"
"p59",0,"0x00","1","c61_DHFR_ic50_c61"
"p59",0.602059991327962,"0x01","2","c61_DHFR_ic50_c61"
"p59",0,"0x10","2","c61_DHFR_ic50_c61"
"p59",0,"0x11","3","c61_DHFR_ic50_c61"
"p59",-0.903089986991944,"1x00","2","c61_DHFR_ic50_c61"
"p59",-0.602059991327963,"1x01","3","c61_DHFR_ic50_c61"
"p59",0.301029995663981,"1x10","3","c61_DHFR_ic50_c61"
"p59",0,"1x11","4","c61_DHFR_ic50_c61"
"p108",0.301029995663981,"00x0","1","c61_DHFR_ic50_c61"
"p108",0.602059991327962,"00x1","2","c61_DHFR_ic50_c61"
"p108",0.301029995663981,"01x0","2","c61_DHFR_ic50_c61"
"p108",0,"01x1","3","c61_DHFR_ic50_c61"
"p108",-0.903089986991944,"10x0","2","c61_DHFR_ic50_c61"
"p108",-0.602059991327963,"10x1","3","c61_DHFR_ic50_c61"
"p108",0.301029995663981,"11x0","3","c61_DHFR_ic50_c61"
"p108",0,"11x1","4","c61_DHFR_ic50_c61"
"p164",0.301029995663981,"000x","1","c61_DHFR_ic50_c61"
"p164",0.602059991327962,"001x","2","c61_DHFR_ic50_c61"
"p164",0.903089986991944,"010x","2","c61_DHFR_ic50_c61"
"p164",0.602059991327962,"011x","3","c61_DHFR_ic50_c61"
"p164",0.301029995663981,"100x","2","c61_DHFR_ic50_c61"
"p164",0.602059991327962,"101x","3","c61_DHFR_ic50_c61"
"p164",0.602059991327962,"110x","3","c61_DHFR_ic50_c61"
"p164",0.301029995663981,"111x","4","c61_DHFR_ic50_c61"
