"id","effect","muts","cv","colors","enz"
"0000",0,0,NA,"#FFFFFF","DHFR"
"0001",0.301029995663981,1,NA,"#FFDBD9","DHFR"
"0010",0.301029995663981,1,NA,"#FFDBD9","DHFR"
"0100",0,1,NA,"#FFFFFF","DHFR"
"1000",1.20411998265592,1,NA,"#FF716A","DHFR"
"0011",0.903089986991944,2,NA,"#FF948F","DHFR"
"0101",0.903089986991944,2,NA,"#FF948F","DHFR"
"0110",0.301029995663981,2,NA,"#FFDBD9","DHFR"
"1001",1.50514997831991,2,NA,"#FF4E45","DHFR"
"1010",0.301029995663981,2,NA,"#FFDBD9","DHFR"
"1100",0.301029995663981,2,NA,"#FFDBD9","DHFR"
"0111",0.903089986991944,3,NA,"#FF948F","DHFR"
"1011",0.903089986991944,3,NA,"#FF948F","DHFR"
"1101",0.903089986991944,3,NA,"#FF948F","DHFR"
"1110",0.602059991327962,3,NA,"#FFB8B4","DHFR"
"1111",0.903089986991944,4,NA,"#FF948F","DHFR"
