"indices","effect"
"INTERCEPT",0.6397061131875
"51",0.376301392125
"59",-0.0752505501250001
"108",6.94887499996261e-06
"164",0.526816390625
"51|59",-0.225772496875
"51|108",-0.301029995875
"51|164",-0.075264447625
"59|108",0.150521946375
"59|164",0.075257499125
"108|164",1.24999864408651e-10
"51|59|108",0.301043893125
"51|59|164",-0.075264447625
"51|108|164",-6.94862499994731e-06
"59|108|164",-0.150528895375
