p51,p59,p108,p164,numbers,genotype,observed effect,epistatic effect,average effect,WT effect,cv,mutations,2 step,3 step,final step
-1,-1,-1,-1,0000,NCSI,0,3.474312499973653e-6,0.22576902243750013,0,NA,0,0,0,0
-1,-1,-1,1,0001,NCSL,0.3010299956639812,0.30102652168750066,0.7525854130625005,0.3010299956639812,NA,1,0.3010299956639812,0.3010299956639812,0.3010299956639812
-1,-1,1,-1,0010,NCNI,0.3010299956639812,0.3010265216875002,0.2257759713125001,0.3010299956639812,NA,1,0.3010299956639812,0.3010299956639812,0.3010299956639812
-1,-1,1,1,0011,NCNL,0.9030899869919435,0.9031212573125,0.7525923619375003,0.6020599913279624,NA,2,0.9030899869919435,0.9030899869919435,0.9030899869919435
-1,1,-1,-1,0100,NRSI,0,-3.474312500029164e-6,0.1505184723125001,0,NA,1,0,0,0
-1,1,-1,1,0101,NRSL,0.9030899869919435,0.9031212573125005,0.6773348629375004,0.3010299956639812,NA,2,0.9030899869919435,0.9030899869919435,0.9030899869919435
-1,1,1,-1,0110,NRNI,0.3010299956639812,0.30103347031250016,0.15052542118750006,0.3010299956639812,NA,2,0.3010299956639812,0.3010299956639812,0.3010299956639812
-1,1,1,1,0111,NRNL,0.9030899869919435,0.9031143086875004,0.6773418118125003,0.6020599913279624,NA,3,1.5051499783199058,0.9030899869919435,0.9030899869919435
1,-1,-1,-1,1000,ICSI,1.2041199826559248,1.2041443036875001,0.6020704145625,1.2041199826559248,NA,1,1.2041199826559248,1.2041199826559248,1.2041199826559248
1,-1,-1,1,1001,ICSL,1.505149978319906,1.5051812483125002,1.1288868051875003,1.505149978319906,NA,2,1.505149978319906,1.505149978319906,1.505149978319906
1,-1,1,-1,1010,ICNI,0.3010299956639812,0.30103347031249994,0.6020773634374998,1.505149978319906,NA,2,0.30102999566398125,0.30102999566398125,0.30102999566398125
1,-1,1,1,1011,ICNL,0.9030899869919435,0.9031143086875,1.1288937540625001,1.8061799739838873,NA,3,0.9030899869919436,0.9030899869919436,0.9030899869919436
1,1,-1,-1,1100,IRSI,0.3010299956639812,0.30103347031249994,0.5268198644375,1.2041199826559248,NA,2,0.30102999566398125,0.30102999566398125,0.30102999566398125
1,1,-1,1,1101,IRSL,0.9030899869919435,0.9031143086875002,1.0536362550625002,1.505149978319906,NA,3,1.204119982655925,0.9030899869919438,0.9030899869919438
1,1,1,-1,1110,IRNI,0.6020599913279624,0.6021121066874997,0.5268268133124998,1.505149978319906,NA,3,-0.6020599913279623,0.6020599913279625,0.6020599913279625
1,1,1,1,1111,IRNL,0.9030899869919435,0.9031212573125,1.0536432039375,1.8061799739838873,NA,4,0.6020599913279625,0.9030899869919438,0.9030899869919439
