"indices","sign","effect"
"108|164",0,0.301029995663981
"59|164",0,0.602059991327962
"59|108|164",0,0.301029995663981
"51|108",0,-1.20411998265592
"51|108|164",0,-0.903089986991944
"51|59",0,-0.903089986991944
"51|59|164",0,-0.602059991327963
"51|59|108",0,-0.903089986991944
"51|59|108|164",0,-0.903089986991944
