genotype,avg,pos,mutations,likely,enzyme_name,measure_type,cond
x000,1.2041199826559248,p51,1,TRUE,DHFR,ic50,c61
0x00,0,p59,1,FALSE,DHFR,ic50,c61
00x0,0.3010299956639812,p108,1,FALSE,DHFR,ic50,c61
000x,0.3010299956639812,p164,1,FALSE,DHFR,ic50,c61
xx00,-0.9030899869919435,p51|p59,2,FALSE,DHFR,ic50,c61
x0x0,-1.2041199826559248,p51|p108,2,FALSE,DHFR,ic50,c61
x00x,0,p51|p164,2,TRUE,DHFR,ic50,c61
0xx0,0,p59|p108,2,FALSE,DHFR,ic50,c61
0x0x,0.6020599913279623,p59|p164,2,FALSE,DHFR,ic50,c61
00xx,0.3010299956639811,p108|p164,2,FALSE,DHFR,ic50,c61
xxx0,1.2041199826559248,p51|p59|p108,3,FALSE,DHFR,ic50,c61
xx0x,-0.30102999566398125,p51|p59|p164,3,FALSE,DHFR,ic50,c61
x0xx,0,p51|p108|p164,3,FALSE,DHFR,ic50,c61
0xxx,-0.6020599913279623,p59|p108|p164,3,FALSE,DHFR,ic50,c61
xxxx,0,p51|p59|p108|p164,4,FALSE,DHFR,ic50,c61
