MAE,Last MAE,Step,Enzyme,Linear MAE,Linear Last MAE
0.18958893583969058,0.6187107485435062,1,NfsA,0.19033618403604283,0.41351194783783
0.35298841462794484,2.035578639691837,2,NfsA,0.09867186729390715,0.09828948671642906
0.21859727397867554,2.487188059383121,3,NfsA,0.060021991466255906,0.06411261881555101
0.09051832898182201,2.3252362899091548,4,NfsA,0.05706960097579315,0.06419301349357547
0.018613256688889718,0.8765770864509809,5,NfsA,0.05385245372687722,0.05972519724044297
0.0018086344249633826,0.2315052063953027,6,NfsA,0.05324408085022726,0.05967635571144251
8.981937372684601e-17,1.2212453270876722e-15,7,NfsA,0.05325948554348729,0.05967635571144251
