"model_order","R2","(Adjusted)","Delta R2"
"order1","0.635276503028628","0.631098001426664","0.635276503028628"
"order2","0.910946197779421","0.90671991564014","0.275669694750793"
"order3","0.9655893910794","0.961683321958683","0.0546431932999788"
"order4","0.969254985202761","0.963460732414051","0.00366559412336132"
"order5","0.972153328073086","0.965512538575485","0.00289834287032453"
"order6","0.972576129613362","0.965552943294832","0.000422801540275741"
"order7","0.972603838334216","0.96551766209887","2.77087208536697e-05"
