MAE,Last MAE,Step,Enzyme,Linear MAE,Linear Last MAE
0.41965068780155895,0.8832648842662145,1,MPH,0.36067006476210955,1.1371708518594452
0.4310499627274606,3.378326647927199,2,MPH,0.21304817638531898,0.4493213536684097
0.07471213258611653,0.8460238063788172,3,MPH,0.0470048669183072,0.03363134803845854
0.021835644687440477,0.698740629998094,4,MPH,0.04482464246565881,0.022741610805317485
3.903127820947816e-17,0,5,MPH,0.03977828710912958,0.016017781280462124
