"genotype","predicted effect"
"RSLTL",2.96055140392224
"LSLTL",1.1038677801135
"R-LTL",1.39218338147457
"RSHTL",2.07874078461722
"RSLIL",2.31036132541515
"RSLTF",0.541287686362348
"L-LTL",0.855148140695745
"LSHTL",-0.0947250149270779
"LSLIL",1.23537415448337
"LSLTF",0.752495852112311
"R-HTL",0.345765929815457
"R-LIL",0.708281081636596
"R-LTF",0.109447294412051
"RSHIL",2.20258365731753
"RSHTF",0.173211838422816
"RSLIF",1.20312335972795
"L-HTL",-0.154943128251577
"L-LIL",0.979643715288672
"L-LTF",0.550278381230194
"LSHIL",0.9781662419056
"LSHTF",-0.39685260682144
"LSLIF",1.20128422250895
"R-HIL",0.70360267437169
"R-HTF",-0.337644966630255
"R-LIF",1.10136642754081
"RSHIF",1.15433241285586
"L-HIL",0.66611428817002
"L-HTF",-0.795671444824069
"L-LIF",0.991427210509302
"LSHIF",0.265875447885377
"R-HIF",0.926621371528139
"L-HIF",-0.00160664242219115
