"id","effect","muts","cv","colors","enz"
"00000",0,0,0.0108215892981199,"#FFFFFF","MPH"
"00001",0.66838591669,1,0.0184438818677291,"#FFD8D6","MPH"
"00010",-0.787812395596042,1,0.0588499351447559,"#CEF4FF","MPH"
"00100",0.994317152669637,1,0.0209550614828099,"#FFC2BF","MPH"
"01000",0.271841606536499,1,0.035881704613296,"#FFEDEC","MPH"
"10000",0.930949031167523,1,0.029207379883807,"#FFC6C3","MPH"
"00011",-0.153044674980176,2,0.0111024636992465,"#F3FCFF","MPH"
"00101",0.987666264926275,2,0.0496796795886205,"#FFC2BF","MPH"
"00110",0.551449997972875,2,0.0114548437822151,"#FFDFDD","MPH"
"01001",0.9804578922761,2,0.0175375871539423,"#FFC2BF","MPH"
"01010",-0.39577394691553,2,0.00446412098266884,"#E4F9FF","MPH"
"01100",1.20682587603185,2,0.0295973795394021,"#FFB8B4","MPH"
"10001",0.710963118995276,2,0.045362225633984,"#FFD4D2","MPH"
"10010",-0.33161408331,2,0.0390361619161295,"#E8FAFF","MPH"
"10100",1.10037054511756,2,0.00188553600897992,"#FFBBB8","MPH"
"11000",1.15836249209525,2,0.01962576812516,"#FFB8B4","MPH"
"00111",0.857935264719429,3,0.0195651456701114,"#FFCDCA","MPH"
"01011",-0.0947439512515487,3,0.00124487748850535,"#F7FDFF","MPH"
"01101",1.2405492482826,3,0.0302867939651612,"#FFB4B0","MPH"
"01110",0.755112266395071,3,0.0152702369429055,"#FFD0CE","MPH"
"10011",0.348304863048161,3,0.0165122981099162,"#FFE9E8","MPH"
"10101",0.708420900134713,3,0.000778061894172413,"#FFD4D2","MPH"
"10110",0.110589710299249,3,0.00738239940388165,"#FFF7F7","MPH"
"11001",2.20411998265592,3,0.00202648146270102,"#FF7C75","MPH"
"11010",0.176091259055681,3,0.0161693288611446,"#FFF4F3","MPH"
"11100",1.20682587603185,3,0.0179531610379608,"#FFB8B4","MPH"
"01111",1.10720996964787,4,0.0167861882325543,"#FFBBB8","MPH"
"10111",1.39269695325967,4,0.0050903441643497,"#FFAAA5","MPH"
"11011",2.07918124604762,4,0.00208833573315201,"#FF837C","MPH"
"11101",2.31175386105575,4,0.00391013869687901,"#FF746D","MPH"
"11110",0.544068044350276,4,0.0219752439796731,"#FFDFDD","MPH"
"11111",2.96094619573383,5,0.00294829256096276,"#FF4E45","MPH"
