"indices","effect"
"INTERCEPT",0.803427883138965
"72",0.589871191570844
"193",0.601854051959784
"258",0.642659410901291
"271",-0.471463102312425
"273",0.67698378572816
"72|193",0.357467107351723
"72|258",-0.257735878627134
"72|271",0.0906219825627652
"72|273",0.301806816065682
"193|258",-0.02428278297755
"193|271",0.0423977150251909
"193|273",0.308036479246011
"258|271",0.288262905213944
"258|273",-0.0401462171499192
"271|273",0.309270869671356
"72|193|258",-0.00902697874304264
"72|193|271",0.0592911442265035
"72|193|273",0.33324338743594
"72|258|271",0.0126626074983913
"72|258|273",0.165393721457425
"72|271|273",0.284673440350436
"193|258|271",-0.00718260283296596
"193|258|273",0.0331168379814234
"193|271|273",-0.0497180887330646
"258|271|273",0.143451934772691
"72|193|258|271",-0.0204134468106586
"72|193|258|273",-0.0151839691411775
"72|193|271|273",-0.00190035788736902
"72|258|271|273",0.0095655514153763
"193|258|271|273",0.00432222126388179
"72|193|258|271|273",-0.043652694916958
