"id","effect","muts","cv","colors"
"00000",1,0,0.0108215892981199,"#FFEDEC"
"00001",1,1,0.0184438818677291,"#FFEDEC"
"00010",1,1,0.0588499351447559,"#FFEDEC"
"00100",1,1,0.0209550614828099,"#FFEDEC"
"01000",1,1,0.035881704613296,"#FFEDEC"
"10000",1,1,0.029207379883807,"#FFEDEC"
"00011",0.925511466863267,2,0.0111024636992465,"#FFEDEC"
"00101",0.211330993907928,2,0.0496796795886205,"#FFFBFB"
"00110",2.21281568364195,2,0.0114548437822151,"#FFD8D6"
"01001",1.09705997108168,2,0.0175375871539423,"#FFE9E8"
"01010",1.318854368295,2,0.00446412098266884,"#FFE6E4"
"01100",0.872302499336292,2,0.0295973795394021,"#FFF0F0"
"10001",0.129308826711078,2,0.045362225633984,"#FFFBFB"
"10010",0.33515776149138,2,0.0390361619161295,"#FFF7F7"
"10100",0.149659524581577,2,0.00188553600897992,"#FFFBFB"
"11000",0.902759057369084,2,0.01962576812516,"#FFEDEC"
"00111",0.961711016483727,3,0.0195651456701114,"#FFEDEC"
"01011",0.566031917723178,3,0.00124487748850535,"#FFF4F3"
"01101",0.202304047776124,3,0.0302867939651612,"#FFFBFB"
"01110",1.89132386587795,3,0.0152702369429055,"#FFDBD9"
"10011",0.344177369322412,3,0.0165122981099162,"#FFF7F7"
"10101",0.0130247321106999,3,0.000778061894172413,"#FFFFFF"
"10110",0.0940017463775607,3,0.00738239940388165,"#FFFFFF"
"11001",2.15250132896777,3,0.00202648146270102,"#FFD8D6"
"11010",0.576916575517053,3,0.0161693288611446,"#FFF4F3"
"11100",0.102262895584559,3,0.0179531610379608,"#FFFBFB"
"01111",0.913014530545937,4,0.0167861882325543,"#FFEDEC"
"10111",0.386239999921108,4,0.0050903441643497,"#FFF7F7"
"11011",9.90414721917687,4,0.00208833573315201,"#FF4E45"
"11101",0.279421715069905,4,0.00391013869687901,"#FFFBFB"
"11110",0.136386897285355,4,0.0219752439796731,"#FFFBFB"
"11111",7.64301803303585,5,0.00294829256096276,"#FF746D"
