MAE,Last MAE,Step,Enzyme,Linear MAE,Linear Last MAE
0.28629855726073034,0.7834204586004001,1,MPH,0.25012472499846683,0.8290288692279372
0.31931222824448185,2.537069310338992,2,MPH,0.15541168342947628,0.2628539006115573
0.06705531647628966,0.5442179642050604,3,MPH,0.05809276199346729,0.07064177608830209
0.026828746327748478,0.8585198824879501,4,MPH,0.05033677873827766,0.027832050447170964
3.903127820947816e-17,0,5,MPH,0.04365943662253814,0.01926029639661264
