pos,mutations,idiosync
p72,Order 1,1.0063902725585865
p193,Order 1,0.823818019833137
p258,Order 1,0.5367981931544046
p271,Order 1,0.9336962263482569
p273,Order 1,1.1546733945568286
p72|p193,Order 2,0.9708044001209555
p72|p258,Order 2,0.5805862868128338
p72|p271,Order 2,0.9828517605449938
p72|p273,Order 2,1.294466897012069
p193|p258,Order 2,0.44465523879202623
p193|p271,Order 2,0.4879807805470082
p193|p273,Order 2,0.9895484978789759
p258|p271,Order 2,0.7275551978793191
p258|p273,Order 2,0.7278989929549893
p271|p273,Order 2,1.044050294633881
p72|p193|p258,Order 3,0.6460256927508378
p72|p193|p271,Order 3,0.6416426051372631
p72|p193|p273,Order 3,0.5835222892148911
p72|p258|p271,Order 3,0.6164077044219244
p72|p258|p273,Order 3,0.555654107655077
p72|p271|p273,Order 3,0.5505520178757805
p193|p258|p271,Order 3,0.8601003918047175
p193|p258|p273,Order 3,0.8176586777292111
p193|p271|p273,Order 3,0.8142000677345929
p258|p271|p273,Order 3,0.7944652136137798
p72|p193|p258|p271,Order 4,1.2141304613814152
p72|p193|p258|p273,Order 4,1.2141304613814152
p72|p193|p271|p273,Order 4,1.2141304613814152
p72|p258|p271|p273,Order 4,1.214130461381415
p193|p258|p271|p273,Order 4,1.2141304613814152
