MAE,Last MAE,Step,Enzyme,Linear MAE,Linear Last MAE
0.3976246095921337,0.129638706990709,1,PTE,0.28764168343201546,0.3843500948158622
0.290466830200862,0.771278379323626,2,PTE,0.16073272014506682,0.4531686160713719
0.14327723052804278,0.06412928148460573,3,PTE,0.10231303588576919,0.2280321000353575
0.1097810308975673,2.1945138752543447,4,PTE,0.06668314399067936,0.05880885945041624
0.0042581878783556175,0.2725240242147504,5,PTE,0.04329928027043502,0.0442913945100063
1.487525380650112e-16,4.440892098500626e-16,6,PTE,0.043227110585802545,0.0438783305679021
