"genotype","predicted effect"
"DHLLFI",-0.00308563574999041
"EHLLFI",0.611839280999999
"DRLLFI",0.817149299999999
"DHFLFI",-0.19658453144444
"DHLMFI",0.268605538111116
"DHLLII",1.41757916111112
"DHLLFF",-0.067161403777774
"ERLLFI",2.71172248466666
"EHFLFI",0.56910665111111
"EHLMFI",0.650280811222222
"EHLLII",1.948530937
"EHLLFF",0.476036801555555
"DRFLFI",0.815137082999998
"DRLMFI",1.26637020488889
"DRLLII",2.20729843422222
"DRLLFF",0.950507572444442
"DHFMFI",0.147743450000005
"DHFLII",1.23173637316667
"DHFLFF",-0.197478164111106
"DHLMII",1.36495522866667
"DHLMFF",0.365197061222227
"DHLLIF",0.687842932333336
"ERFLFI",2.3975418641111
"ERLMFI",2.91094024422222
"ERLLII",3.01943325099999
"ERLLFF",2.18462906233332
"EHFMFI",0.566073782833335
"EHFLII",1.668795709
"EHFLFF",0.528901524333332
"EHLMII",1.66172456
"EHLMFF",0.489238166111112
"EHLLIF",1.36608559155555
"DRFMFI",1.37906150233333
"DRFLII",2.10936991499999
"DRFLFF",0.942892310333332
"DRLMII",2.72096629433333
"DRLMFF",1.48509872816666
"DRLLIF",1.789490619
"DHFMII",1.33598169066667
"DHFMFF",0.0637495173333379
"DHFLIF",1.62562796144445
"DHLMIF",1.15309721033334
"ERFMFI",2.79835213744444
"ERFLII",3.23839954755555
"ERFLFF",2.82669703549999
"ERLMII",3.11358224855555
"ERLMFF",2.68346805816666
"ERLLIF",2.81086677949999
"EHFMII",1.68380734366667
"EHFMFF",0.54247517788889
"EHFLIF",2.18872373833333
"EHLMIF",0.467634549666666
"DHFMIF",1.67976486877778
"DRLMIF",2.63356130688888
"DRFMII",2.95008475533333
"DRFMFF",1.59290737233333
"DRFLIF",2.59985730711111
"DRFMIF",3.07036953566666
"EHFMIF",2.00998068133333
"ERLMIF",2.99942183677777
"ERFLIF",3.09782210344444
"ERFMFF",3.10355370422222
"ERFMII",3.19594788533333
"ERFMIF",2.99605645688888
