"indices","effect"
"INTERCEPT",1.620708804773
"233",0.728436765849822
"254",1.4722421992526
"271",0.168735908575521
"272",0.217960634790799
"306",1.01135719130816
"313",-0.0447353593515627
"233|254",0.31895776281684
"233|271",0.037939133903646
"233|272",-0.203747804644964
"233|306",-0.297859914252603
"233|313",-0.0786701075928817
"254|271",0.00686059707725703
"254|272",0.180847340355035
"254|306",-0.155950965530382
"254|313",0.0519755241501737
"271|272",0.0113745798446183
"271|306",0.16378002466059
"271|313",0.218569482584202
"272|306",-0.0911183790338543
"272|313",0.00230389398697937
"306|313",-0.0610140066206596
"233|254|271",-0.0609972933967014
"233|254|272",-0.00578386506336814
"233|254|306",-0.200718121726563
"233|254|313",-0.0139956354626737
"233|271|272",0.0219449645373262
"233|271|306",-0.0339233532022571
"233|271|313",0.0518591719713538
"233|272|306",-0.0744072130078127
"233|272|313",-0.0400084748203125
"233|306|313",-0.0147842445112851
"254|271|272",-0.0278555320529516
"254|271|306",-0.0939656883064238
"254|271|313",-0.0575270054592015
"254|272|306",0.0432419492560763
"254|272|313",0.019097407047743
"254|306|313",-0.0159307064348958
"271|272|306",0.0069907347248262
"271|272|313",-0.0509124213654516
"271|306|313",0.118939812547743
"272|306|313",-0.0236999730425348
"233|254|271|272",-0.0613779094470486
"233|254|271|306",-0.0421988599644096
"233|254|271|313",-0.0290041044366316
"233|254|272|306",-0.0323709761380207
"233|254|272|313",0.0449521371675348
"233|254|306|313",0.0113555968654515
"233|271|272|306",0.0340153000112847
"233|271|272|313",0.0435650323515627
"233|271|306|313",-0.0637566254157982
"233|272|306|313",-0.0348838562699651
"254|271|272|306",-0.0496888878567708
"254|271|272|313",-0.028911324426215
"254|271|306|313",-0.142701916443576
"254|272|306|313",0.00171020843142371
"271|272|306|313",-0.0118639618220484
"233|254|271|272|306",-0.0421335906640626
"233|254|271|272|313",-0.0359031471779516
"233|254|271|306|313",-0.100814312667535
"233|254|272|306|313",0.0393016763463538
"233|271|272|306|313",0.0522325919817708
"254|271|272|306|313",-0.0151029778376738
"233|254|271|272|306|313",0.00846619728211825
