"indices","effect"
"INTERCEPT",1.5403613206959
"233",0.719484827339412
"254",1.49415323623708
"271",0.180081346390831
"272",0.193178020387371
"306",1.026068811922
"313",-0.0355982113782774
"233|254",0.353043993555158
"233|271",0.0230141320119445
"233|272",-0.202791767092564
"233|306",-0.296803015492294
"233|313",-0.0765722048043798
"254|271",-0.0318450252664676
"254|272",0.196260599145062
"254|306",-0.143578655667055
"254|313",0.0545093754907009
"271|272",0.0105708645206763
"271|306",0.159197034569561
"271|313",0.233312178673477
"272|306",-0.0847838880134808
"272|313",0.00712158568897515
"306|313",-0.0602216295830882
"233|254|271",-0.0621198428088966
"233|254|272",-0.0312355008390392
"233|254|306",-0.320711183561465
"233|254|313",-0.00534587533295512
"233|271|272",0.0331717020456693
"233|271|306",-0.0186962258358299
"233|271|313",0.0465372005327262
"233|272|306",-0.0742716118749459
"233|272|313",-0.0440956247181266
"233|306|313",-0.00224146683236852
"254|271|272",-0.0335344937754696
"254|271|306",-0.10832953950123
"254|271|313",-0.0853773216514198
"254|272|306",0.0173001852853006
"254|272|313",0.0221481449567239
"254|306|313",-0.00868933851299414
"271|272|306",0.00831205322202293
"271|272|313",-0.0557068812498868
"271|306|313",0.149819786829133
"272|306|313",-0.0230183710421555
"233|254|271|272",-0.0558573704340873
"233|254|271|306",-0.052499621425827
"233|254|271|313",-0.0370115444515522
"233|254|272|306",0.0119537004556848
"233|254|272|313",0.0399098997721189
"233|254|306|313",0.033654145314322
"233|271|272|306",0.051342748495825
"233|271|272|313",0.0427086947519039
"233|271|306|313",-0.0491167676064831
"233|272|306|313",-0.0341114588843792
"254|271|272|306",-0.0547075840853708
"254|271|272|313",-0.0334293294952502
"254|271|306|313",-0.154840285063269
"254|272|306|313",-0.00213069894764724
"271|272|306|313",-0.0182530726735755
"233|254|271|272|306",-0.0261753340401209
"233|254|271|272|313",-0.0296143898595479
"233|254|271|306|313",-0.0981299304657071
"233|254|272|306|313",0.0421329918741107
"233|271|272|306|313",0.0623925783624146
"254|271|272|306|313",-0.00944260008510127
