"model_order","R2","(Adjusted)","Delta R2"
"order1","0.808048312047675","0.796851130250456","0.808048312047675"
"order2","0.927263829547694","0.906691983359163","0.119215517500019"
"order3","0.969891329946902","0.940253107863384","0.042627500399208"
"order4","0.991482560812898","0.962699490456484","0.0215912308659959"
"order5","0.99682485957857","0.949594645809796","0.00534229876567183"
"order6","0.999371004495133","0.920117570881855","0.00254614491656269"
