MAE,Last MAE,Step,Enzyme,Linear MAE,Linear Last MAE
0.42853069292083174,0.8676987909148892,1,MPH,0.1595916974919919,0.194547115283379
0.20079358925104845,1.5535317686970482,2,MPH,0.07915909431851342,0.1917230969034315
0.04659725678009448,0.3685965457454363,3,MPH,0.042458460441018725,0.030275162595242804
0.011761417525223064,0.3763653608071367,4,MPH,0.03508145291307674,0.025937410325471626
6.418476861114186e-17,6.661338147750939e-16,5,MPH,0.03350289987697511,0.021987677411490953
