"id","effect","muts","cv","colors"
"00000",1,0,0.00395765527227564,"#FF716A"
"00001",1,1,0.0274919597617427,"#FF716A"
"00010",1,1,0.00273568938143689,"#FF716A"
"00100",1,1,0.000511741009075825,"#FF716A"
"01000",1,1,0.00467634841019671,"#FF716A"
"10000",1,1,0.00216613765399474,"#FF716A"
"00011",0.530072062084257,2,0.0024224478605071,"#FFB4B0"
"00101",0.924468922108576,2,0.019189677365011,"#FF7C75"
"00110",0.253848973607038,2,0.0144475064474399,"#FFDBD9"
"01001",1.25078173858662,2,0.00112985157247951,"#FF4E45"
"01010",0.932400932400932,2,0.0228199119322542,"#FF7C75"
"01100",0.940860215053763,2,0.000868053504665206,"#FF7871"
"10001",0.327281228083846,2,0.0629123666256151,"#FFD0CE"
"10010",0.589965146674412,2,0.012268183875835,"#FFAAA5"
"10100",0.217458517984129,2,0.00984622411703912,"#FFDFDD"
"11000",0.661505693454575,2,0.0237438224511057,"#FFA29E"
"00111",1.23757279832844,3,0.0638445431212271,"#FFE9E8"
"01011",0.844243259803921,3,0.0504976475814714,"#FFB4B0"
"01101",0.921378419452888,3,0.0486268329965744,"#FF716A"
"01110",0.86393115007736,3,0.0591229493042285,"#FFE2E1"
"10011",2.1413219564749,3,0.0964085658346067,"#FFDFDD"
"10101",1.63087620704226,3,0.124884014617809,"#FFF0F0"
"10110",2.32398682303889,3,0.0444893372770906,"#FFF4F3"
"11001",0.770136084697036,3,0.0936489018483418,"#FFE2E1"
"11010",1.87073219814241,3,0.0679689317799468,"#FF9F9A"
"11100",1.57421473952514,3,0.0348531761046574,"#FFDFDD"
"01111",1.83015420984683,4,0.293575355662179,"#FFE2E1"
"10111",1.00050873761424,4,0.459477814937703,"#FFF7F7"
"11011",1.78030905021909,4,0.452523101259548,"#FFC9C7"
"11101",2.63350906956328,4,0.423528119834764,"#FFDBD9"
"11110",0.647475169011535,4,0.296699191815553,"#FFF4F3"
"11111",0.420372830705754,5,2.78524260046515,"#FFEDEC"
