pos,mutations,idiosync
p72,Order 1,0.5253276748081709
p193,Order 1,0.3402917498045271
p258,Order 1,0.6487048335135459
p271,Order 1,0.5773902164197188
p273,Order 1,0.4530092944139973
p72|p193,Order 2,0.436495241523626
p72|p258,Order 2,0.5390864905318205
p72|p271,Order 2,0.5455403230543119
p72|p273,Order 2,0.573301700949277
p193|p258,Order 2,0.43637076703763666
p193|p271,Order 2,0.35904225666928863
p193|p273,Order 2,0.3275260006200252
p258|p271,Order 2,0.36670772934435214
p258|p273,Order 2,0.48089438430099
p271|p273,Order 2,0.4482318365775441
p72|p193|p258,Order 3,0.5555762763808754
p72|p193|p271,Order 3,0.4917914302005537
p72|p193|p273,Order 3,0.3526719196680147
p72|p258|p271,Order 3,0.5327173977370916
p72|p258|p273,Order 3,0.40780693711043603
p72|p271|p273,Order 3,0.31543669713091793
p193|p258|p271,Order 3,0.4940073776455201
p193|p258|p273,Order 3,0.35575547960898657
p193|p271|p273,Order 3,0.24444994009671467
p258|p271|p273,Order 3,0.31888052346664236
p72|p193|p258|p271,Order 4,0.5322609976608947
p72|p193|p258|p273,Order 4,0.5322609976608947
p72|p193|p271|p273,Order 4,0.5322609976608945
p72|p258|p271|p273,Order 4,0.5322609976608946
p193|p258|p271|p273,Order 4,0.5322609976608945
