"model_order","R2","(Adjusted)","Delta R2"
"order1","0.778144069009241","0.765818739509755","0.778144069009241"
"order2","0.93907561914841","0.927652297738737","0.160931550139169"
"order3","0.982722714064117","0.976552254801302","0.0436470949157072"
"order4","0.988572485816091","0.98329824850044","0.00584977175197365"
"order5","0.989422999781474","0.984299765300625","0.000850513965382937"
