"indices","sign","effect"
"271|273",0,-0.275665085044249
"258|271",0,-0.595424588247955
"258|271|273",0,-0.812626602172298
"193|271|273",0,-0.282413251944573
"193|258|271",0,-0.715817651339064
"193|258|271|273",0,-0.682444810151626
"72|273",0,-0.485078903868283
"72|271",0,-0.229173644381724
"72|271|273",0,-0.659235663146765
"72|258",0,-0.662623576083028
"72|258|273",0,-0.969389167074849
"72|258|271",0,-1.12098814742889
"72|258|271|273",0,-1.27994521249439
"72|193",0,-0.179466413569807
"72|193|273",0,-0.680796312801025
"72|193|271|273",0,-0.436375750135546
"72|193|258",0,-0.671500910763896
"72|193|258|273",0,-0.609544642772114
"72|193|258|271",0,-1.14054891082634
"72|193|258|271|273",0,-0.867698790914889
