WT,,,,
PALWI,,,,
Positions,,,,
21,26,28,30,94
Genotype,Effect,,,
PALWI,0,,,
PALWL,-0.558727445,,,
PALRI,-0.034429818,,,
PALRL,-0.293766043,,,
PARWI,-0.199275497,,,
PARWL,-0.486971588,,,
PARRI,-0.357677496,,,
PARRL,-0.251542543,,,
PTLWI,-0.588111394,,,
PTLWL,-0.568290943,,,
PTLRI,-0.322042653,,,
PTLRL,-0.434964833,,,
PTRWI,-0.317505692,,,
PTRWL,-0.316543354,,,
PTRRI,0.109152875,,,
PTRRL,-0.293584339,,,
LALWI,-0.380427479,,,
LALWL,-0.194889419,,,
LALRI,-0.40009481,,,
LALRL,-1.053804448,,,
LARWI,-0.622191044,,,
LARWL,-0.956161428,,,
LARRI,-1.377221193,,,
LARRL,-1.712470631,,,
LTLWI,-0.559076373,,,
LTLWL,-0.509625468,,,
LTLRI,-0.527117449,,,
LTLRL,-1.491136785,,,
LTRWI,-0.793433724,,,
LTRWL,-1.579564168,,,
LTRRI,-1.740233795,,,
LTRRL,-2.664656937,,,
