WT,,,,
PALWI,,,,
Positions,,,,
21,26,28,30,94
Genotype,Effect,,,
PALWI,0,,,
PALWL,-0.558727445,,,
PALGI,-0.33817956,,,
PALGL,-0.464582289,,,
PARWI,-0.199275497,,,
PARWL,-0.486971588,,,
PARGI,0.20599757,,,
PARGL,-0.195843979,,,
PTLWI,-0.588111394,,,
PTLWL,-0.568290943,,,
PTLGI,-0.235168579,,,
PTLGL,-0.596087318,,,
PTRWI,-0.317505692,,,
PTRWL,-0.316543354,,,
PTRGI,-0.020794413,,,
PTRGL,-0.738505064,,,
LALWI,-0.380427479,,,
LALWL,-0.194889419,,,
LALGI,-0.797456848,,,
LALGL,-1.762971446,,,
LARWI,-0.622191044,,,
LARWL,-0.956161428,,,
LARGI,-1.282950535,,,
LARGL,-1.986677289,,,
LTLWI,-0.559076373,,,
LTLWL,-0.509625468,,,
LTLGI,-1.220279039,,,
LTLGL,-2.545513101,,,
LTRWI,-0.793433724,,,
LTRWL,-1.579564168,,,
LTRGI,-1.804003407,,,
LTRGL,-3.134248014,,,
