WT,,,
NCSI,IRNL,,
Positions,,,
51,59,108,164
Genotype,Function,,
NCSI,0,,
NCSL,0.602059991,,
NCNI,0,,
NCNL,0.301029996,,
NRSI,0.301029996,,
NRSL,1.204342413,,
NRNI,-0.301029996,,
NRNL,0,,
ICSI,1.806457994,,
ICSL,2.107460195,,
ICNI,-0.301029996,,
ICNL,0,,
IRSI,0.602059991,,
IRSL,1.204342413,,
IRNI,0.602059991,,
IRNL,0.903534733,,
