WT,,,
AFST,,,
Positions,,,
33,72,212,213
Genotype,Function,,
AFST,0.03147964,,
AFST,0.032111801,,
AFST,-0.071562441,,
AFAA,0.279415376,,
AFAA,0.289135496,,
AFAA,0.107857782,,
AFAA,0.344366112,,
AFSA,-0.01876444,,
AFSA,-0.019119691,,
AFSA,-0.08170523,,
AFSA,0.03147964,,
AFAT,0.063483537,,
AFAT,0.059646728,,
AFAT,0.148115435,,
AFAT,0.043028216,,
AFAT,0.055476515,,
ALST,0.247917542,,
ALST,0.394182817,,
ALST,0.446720553,,
ALST,0.306437623,,
ALAT,1.032269698,,
ALAT,1.050933298,,
ALAT,1.035258876,,
ALSA,1.281074318,,
ALSA,1.120073815,,
ALSA,0.965948666,,
ALAA,1.515265819,,
ALAA,1.46361592,,
ALAA,1.471140023,,
VFST,0.222799958,,
VFST,0.069030903,,
VFST,0.025427767,,
VLST,0.397735907,,
VLST,0.426818125,,
VLST,0.449024508,,
VLAT,0.991205253,,
VLAT,1.187127452,,
VLAT,0.984983463,,
VLSA,1.073217254,,
VLSA,1.106049991,,
VLSA,0.931076197,,
VFAA,0.14300746,,
VFAA,0.167735883,,
VFAA,0.261909954,,
VLAA,1.685983591,,
VLAA,1.546306856,,
VLAA,1.566100964,,
VFAT,0.026708873,,
VFAT,0.052774363,,
VFAT,0.050963543,,
VFSA,0.023176699,,
VFSA,0.091640796,,
VFSA,0.064364161,,
