WT,,,,,
gAEMG,,,,,
Positions,,,,,
4205,42,104,182,238,
Genotype,Function,,,,
gAEMG,0,,,,
gAEMG,0,,,,
gAEMG,0,,,,
gAEMS,1.201645364,,,,
gAEMS,1.201645364,,,,
gAEMS,1.201645364,,,,
gAETG,0,,,,
gAETG,-0.145142123,,,,
gAETG,-0.145142123,,,,
gAETS,2.560667306,,,,
gAETS,2.560667306,,,,
gAETS,2.560667306,,,,
gAKMG,0.16946068,,,,
gAKMG,0,,,,
gAKMG,0.310789833,,,,
gAKMS,3.611819829,,,,
gAKMS,3.611819829,,,,
gAKMS,3.611819829,,,,
gAKTG,0.310789833,,,,
gAKTG,0.16946068,,,,
gAKTG,0.310789833,,,,
gAKTS,3.611819829,,,,
gAKTS,3.611819829,,,,
gAKTS,3.611819829,,,,
gGEMG,0,,,,
gGEMG,0,,,,
gGEMG,0,,,,
gGEMS,2.417245164,,,,
gGEMS,2.417245164,,,,
gGEMS,2.417245164,,,,
gGETG,1.201645364,,,,
gGETG,1.201645364,,,,
gGETG,1.201645364,,,,
gGETS,3.611819829,,,,
gGETS,3.611819829,,,,
gGETS,3.611819829,,,,
gGKMG,1.201645364,,,,
gGKMG,1.201645364,,,,
gGKMG,1.201645364,,,,
gGKMS,4.377736623,,,,
gGKMS,4.377736623,,,,
gGKMS,4.377736623,,,,
gGKTG,1.055517328,,,,
gGKTG,0.906775677,,,,
gGKTG,0.906775677,,,,
gGKTS,4.517915326,,,,
gGKTS,4.517915326,,,,
gGKTS,4.517915326,,,,
aAEMG,0,,,,
aAEMG,0,,,,
aAEMG,0,,,,
aAEMS,1.201645364,,,,
aAEMS,1.201645364,,,,
aAEMS,1.201645364,,,,
aAETG,0,,,,
aAETG,0,,,,
aAETG,0,,,,
aAETS,3.611819829,,,,
aAETS,3.611819829,,,,
aAETS,3.611819829,,,,
aAKMG,0.310789833,,,,
aAKMG,0.310789833,,,,
aAKMG,0.310789833,,,,
aAKMS,3.611819829,,,,
aAKMS,3.611819829,,,,
aAKMS,3.611819829,,,,
aAKTG,0.310789833,,,,
aAKTG,0.310789833,,,,
aAKTG,0.310789833,,,,
aAKTS,4.377736623,,,,
aAKTS,4.377736623,,,,
aAKTS,4.377736623,,,,
aGEMG,0,,,,
aGEMG,0,,,,
aGEMG,0,,,,
aGEMS,3.611819829,,,,
aGEMS,3.611819829,,,,
aGEMS,3.611819829,,,,
aGETG,0,,,,
aGETG,0,,,,
aGETG,0,,,,
aGETS,3.611819829,,,,
aGETS,3.611819829,,,,
aGETS,3.611819829,,,,
aGKMG,1.201645364,,,,
aGKMG,1.502675359,,,,
aGKMG,1.356547324,,,,
aGKMS,4.231608587,,,,
aGKMS,4.377736623,,,,
aGKMS,4.231608587,,,,
aGKTG,1.201645364,,,,
aGKTG,1.201645364,,,,
aGKTG,1.201645364,,,,
aGKTS,4.668301185,,,,
aGKTS,4.668301185,,,,
aGKTS,4.668301185,,,,
