"model_order","R2","(Adjusted)","Delta R2"
"order1","0.884276584180505","0.8829738815634","0.884276584180505"
"order2","0.966074623427755","0.964699270323475","0.0817980392472502"
"order3","0.98566551135123","0.984485362687376","0.0195908879234754"
"order4","0.993904158213688","0.993197393948609","0.00823864686245823"
"order5","0.997571150779843","0.997255451300494","0.0036669925661551"
"order6","0.997585383397404","0.997265801788237","1.42326175607277e-05"
