"indices","sign","effect"
"306|313",0,-0.663372707610357
"272|306",0,-0.326757676727419
"272|306|313",0,-0.470249556901756
"271|306|313",0,0.469793701307811
"271|272|306|313",0,0.248255015257957
"254|313",0,0.201292138521936
"254|306|313",0,-0.383621540152908
"254|272|313",0,0.459036426553497
"254|272|306",0,0.210122933888331
"254|272|306|313",0,0.185007231724026
"254|271",0,0.193163496062053
"254|271|313",0,0.384424288910414
"254|271|306|313",0,0.619480732529836
"254|271|272",0,0.480821229887601
"254|271|272|313",0,0.760902831695626
"254|271|272|306",0,0.629699897711522
"254|271|272|306|313",0,0.816231994885533
"233|306|313",0,-0.600940100583376
"233|272",0,-0.236721657141605
"233|272|313",0,-0.329737733356479
"233|272|306",0,-0.643313444073381
"233|272|306|313",0,-1.76823760679682
"233|271|313",0,0.178234131888974
"233|271|306|313",0,0.415855702577009
"233|271|272|306",0,-0.42839365501113
"233|254",0,1.28297069168649
"233|254|313",0,0.818322458277126
"233|254|272",0,1.20336439595297
"233|254|272|313",0,1.04238562677925
"233|254|271",0,1.16052075548189
"233|254|271|313",0,1.65585145732384
"233|254|271|306",0,0.579713714493186
"233|254|271|306|313",0,0.505036560084581
"233|254|271|272",0,1.28430291489025
"233|254|271|272|313",0,1.65767388384096
"233|254|271|272|306",0,0.263663703901329
