MAE,Last MAE,Step,Enzyme,Linear MAE,Linear Last MAE
0.42853069292083174,0.8676987909148892,1,MPH,0.15561552615011096,0.19352442667191405
0.20079358925104845,1.5535317686970482,2,MPH,0.07239361856460305,0.19273481826306038
0.04659725678009448,0.3685965457454363,3,MPH,0.027177739081582324,0.02400838599180366
0.011761417525223064,0.3763653608071367,4,MPH,0.011761417525222953,0.011761417525222528
