"id","effect","muts","cv","colors","enz"
"00000",0,0,NA,"#FFFFFF","MPH"
"00001",0.214843848047698,1,NA,"#FFE6E4","MPH"
"00010",0.24551266781415,1,NA,"#FFE2E1","MPH"
"00100",1.09342168516224,1,NA,"#FF7F79","MPH"
"01000",0.193124598354462,1,NA,"#FFE9E8","MPH"
"10000",0.495544337546448,1,NA,"#FFC6C3","MPH"
"00011",0.184691430817599,2,NA,"#FFE9E8","MPH"
"00101",1.27415784926368,2,NA,"#FF6A62","MPH"
"00110",0.74350976472843,2,NA,"#FFA6A2","MPH"
"01001",0.505149978319906,2,NA,"#FFC2BF","MPH"
"01010",0.40823996531185,2,NA,"#FFCDCA","MPH"
"01100",1.26007138798507,2,NA,"#FF6A62","MPH"
"10001",0.225309281725863,2,NA,"#FFE6E4","MPH"
"10010",0.511883360978874,2,NA,"#FFC2BF","MPH"
"10100",0.926342446625655,2,NA,"#FF918B","MPH"
"11000",0.509202522331103,2,NA,"#FFC2BF","MPH"
"00111",0.741151598851785,3,NA,"#FFA6A2","MPH"
"01011",0.371067862271736,3,NA,"#FFD4D2","MPH"
"01101",1.50242711998443,3,NA,"#FF4E45","MPH"
"01110",0.816241299991783,3,NA,"#FF9F9A","MPH"
"10011",0.296665190261531,3,NA,"#FFDBD9","MPH"
"10101",0.834420703681533,3,NA,"#FF9B96","MPH"
"10110",0.713490543093943,3,NA,"#FFAAA5","MPH"
"11001",0.222716471147583,3,NA,"#FFE6E4","MPH"
"11010",0.76715586608218,3,NA,"#FFA29E","MPH"
"11100",1.11058971029925,3,NA,"#FF7C75","MPH"
"01111",1.06445798922692,4,NA,"#FF837C","MPH"
"10111",0.769377326076139,4,NA,"#FFA29E","MPH"
"11011",0.712649701627211,4,NA,"#FFAAA5","MPH"
"11101",1.38738982633873,4,NA,"#FF5C53","MPH"
"11110",0.887054378050957,4,NA,"#FF948F","MPH"
"11111",1.3747483460101,5,NA,"#FF5C53","MPH"
