"id","effect","muts","cv","colors"
"00000",1,0,NA,"#FF716A"
"00001",1,1,NA,"#FF716A"
"00010",1,1,NA,"#FF716A"
"00100",1,1,NA,"#FF716A"
"01000",1,1,NA,"#FF716A"
"10000",1,1,NA,"#FF716A"
"00011",0.530072062084257,2,NA,"#FFB4B0"
"00101",0.924468922108576,2,NA,"#FF7C75"
"00110",0.253848973607038,2,NA,"#FFDBD9"
"01001",1.25078173858662,2,NA,"#FF4E45"
"01010",0.932400932400932,2,NA,"#FF7C75"
"01100",0.940860215053763,2,NA,"#FF7871"
"10001",0.327281228083846,2,NA,"#FFD0CE"
"10010",0.589965146674412,2,NA,"#FFAAA5"
"10100",0.217458517984129,2,NA,"#FFDFDD"
"11000",0.661505693454575,2,NA,"#FFA29E"
"00111",0.153947768399971,3,NA,"#FFE9E8"
"01011",0.521899340496901,3,NA,"#FFB4B0"
"01101",1.00239060703262,3,NA,"#FF716A"
"01110",0.192389935333484,3,NA,"#FFE2E1"
"10011",0.21916153666329,3,NA,"#FFDFDD"
"10101",0.1073027451907,3,NA,"#FFF0F0"
"10110",0.0756853550448315,3,NA,"#FFF4F3"
"11001",0.208546875343416,3,NA,"#FFE2E1"
"11010",0.680729015393552,3,NA,"#FF9F9A"
"11100",0.213058609946171,3,NA,"#FFDFDD"
"01111",0.207756772469597,4,NA,"#FFE2E1"
"10111",0.0524873670405729,4,NA,"#FFF7F7"
"11011",0.36612067119353,4,NA,"#FFC9C7"
"11101",0.245728402471477,4,NA,"#FFDBD9"
"11110",0.0723520913797117,4,NA,"#FFF4F3"
"11111",0.135612964292427,5,NA,"#FFEDEC"
