MAE,Last MAE,Step,Enzyme,Linear MAE,Linear Last MAE
1.4796731699329708,3.1163873377134057,1,DHFR,0.7609930982343185,0.2333051470588233
1.4859703668888906,6.087532243273275,2,DHFR,0.5746672343411146,0.6221682692307683
1.1381694760149037,6.138905652397511,3,DHFR,0.4135318909836782,0.1786589912280704
0.44458457009408386,10.632138448425856,4,DHFR,0.2378564923608906,0.22829654255319123
0.11233024358077599,7.1891355891696485,5,DHFR,0.11548018799284217,0.11283662714097502
2.8145888397723695e-16,3.1086244689504383e-15,6,DHFR,0.03604394693200667,0.008888888888888946
