"genotype","predicted effect"
"cPALWI",-0.0177247290000013
"cLALWI",0.728525271000003
"cPTLWI",0.307191937666668
"cLTLWI",-3.031474729
"cPARWI",1.85485860433334
"cLARWI",1.16719193766667
"cPTRWI",2.19119193766667
"cLTRWI",0.625191937666668
"cPALRI",0.264858604333332
"cLALRI",0.706525271000001
"cPTLRI",1.023525271
"cLTLRI",1.159525271
"cPARRI",1.82085860433333
"cLARRI",-0.806474729
"cPTRRI",2.07619193766667
"cLTRRI",2.32385860433333
"cPALWL",1.47119193766667
"cLALWL",0.820858604333335
"cPTLWL",1.047525271
"cLTLWL",1.36085860433334
"cPARWL",1.69219193766667
"cLARWL",-0.279808062333332
"cPTRWL",2.048525271
"cLTRWL",-0.438808062333333
"cPALRL",1.964525271
"cPTLRL",1.55585860433333
"cLTLRL",1.97319193766667
"cPARRL",-0.174808062333331
"cLARRL",-3.031474729
"cLTRRL",-0.800808062333332
"cPTRRL",-0.276141395666665
"cLALRL",-0.550141395666666
"tPALWI",0.642191937666664
"tLALWI",1.382525271
"tPTLWI",1.14685860433333
"tLTLWI",1.909525271
"tPARWI",1.93385860433333
"tLARWI",2.07185860433333
"tPTRWI",2.34185860433333
"tLTRWI",2.32485860433333
"tPALRI",1.71019193766666
"tLALRI",1.85519193766667
"tPTLRI",2.08485860433333
"tLTLRI",2.22219193766667
"tPARRI",2.32085860433333
"tLARRI",2.18585860433333
"tPTRRI",2.32185860433333
"tLTRRI",2.103525271
"tPALWL",1.55619193766666
"tLALWL",1.982525271
"tPTLWL",2.04985860433333
"tLTLWL",2.22719193766667
"tPARWL",2.28219193766666
"tLARWL",-3.031474729
"tPTRWL",2.326525271
"tLTRWL",2.294525271
"tPALRL",2.08119193766667
"tPTLRL",2.21719193766666
"tLTLRL",2.31285860433333
"tPARRL",2.31185860433333
"tLARRL",2.27985860433333
"tLTRRL",2.15885860433333
"tPTRRL",2.32485860433333
"tLALRL",1.71119193766667
