pos,mutations,idiosync
p1,Order 1,3.0352280581072346
p21,Order 1,2.8690455233729795
p26,Order 1,2.7978854348361524
p28,Order 1,3.3277839915067933
p30,Order 1,3.0881986139927267
p94,Order 1,3.259876932234916
p1|p21,Order 2,3.520816260552821
p1|p26,Order 2,4.295184415703688
p1|p28,Order 2,4.100722248071597
p1|p30,Order 2,4.947954231244018
p1|p94,Order 2,3.9963683728421775
p21|p26,Order 2,4.138514375364735
p21|p28,Order 2,3.4282905115315145
p21|p30,Order 2,3.8310141374083555
p21|p94,Order 2,3.6848973006069654
p26|p28,Order 2,3.3517232893109186
p26|p30,Order 2,4.29361111119016
p26|p94,Order 2,3.5654199920205243
p28|p30,Order 2,3.769422769190507
p28|p94,Order 2,3.8759995722715166
p30|p94,Order 2,3.6879031881208895
p1|p21|p26,Order 3,6.436462367032373
p1|p21|p28,Order 3,4.945302448076531
p1|p21|p30,Order 3,6.198288184031462
p1|p21|p94,Order 3,4.960465243980505
p1|p26|p28,Order 3,5.674889692151339
p1|p26|p30,Order 3,5.651752525074663
p1|p26|p94,Order 3,5.2958844572949575
p1|p28|p30,Order 3,4.595837954615508
p1|p28|p94,Order 3,5.768473145666447
p1|p30|p94,Order 3,4.392559675069274
p21|p26|p28,Order 3,5.011471161873424
p21|p26|p30,Order 3,5.966361644365285
p21|p26|p94,Order 3,4.949947173753045
p21|p28|p30,Order 3,4.941949612630182
p21|p28|p94,Order 3,5.420040781417439
p21|p30|p94,Order 3,5.112810833334227
p26|p28|p30,Order 3,4.041156042020231
p26|p28|p94,Order 3,5.585836088743128
p26|p30|p94,Order 3,3.7068491785864186
p28|p30|p94,Order 3,4.97665020688998
p1|p21|p26|p28,Order 4,9.740709236925817
p1|p21|p26|p30,Order 4,5.81906795760419
p1|p21|p26|p94,Order 4,9.000939266215473
p1|p21|p28|p30,Order 4,5.724159064027529
p1|p21|p28|p94,Order 4,8.93987431506575
p1|p21|p30|p94,Order 4,4.347584182745192
p1|p26|p28|p30,Order 4,6.718158623917402
p1|p26|p28|p94,Order 4,9.606716976938559
p1|p26|p30|p94,Order 4,5.591882199392562
p1|p28|p30|p94,Order 4,5.493049392364511
p21|p26|p28|p30,Order 4,6.462945669145292
p21|p26|p28|p94,Order 4,9.43000649528979
p21|p26|p30|p94,Order 4,5.282533289823313
p21|p28|p30|p94,Order 4,5.177799054923263
p26|p28|p30|p94,Order 4,6.259174175479659
p1|p21|p26|p28|p30,Order 5,10.166973051942803
p1|p21|p26|p28|p94,Order 5,10.166973051942803
p1|p21|p26|p30|p94,Order 5,10.1669730519428
p1|p21|p28|p30|p94,Order 5,10.166973051942803
p1|p26|p28|p30|p94,Order 5,10.166973051942803
p21|p26|p28|p30|p94,Order 5,10.166973051942804
