"model_order","R2","(Adjusted)","Delta R2"
"order1","0.333099461668587","0.312473671823285","0.333099461668587"
"order2","0.60897723035911","0.563103050680569","0.275877768690523"
"order3","0.826778999845473","0.782111949491161","0.217801769486363"
"order4","0.949169691151508","0.929402348821538","0.122390691306035"
"order5","0.990471702347824","0.98619087296786","0.0413020111963156"
"order6","0.997509361058373","0.99636403074215","0.00703765871054873"
