"indices","effect"
"INTERCEPT",1.25656303141667
"1",1.21459114583333
"21",-0.643263020833332
"26",0.456424479166667
"28",0.0208411458333332
"30",0.201341145833333
"94",-0.1713671875
"1|21",0.4144296875
"1|26",0.111783854166667
"1|28",0.0704088541666667
"1|30",0.3462421875
"1|94",0.0793255208333332
"21|26",0.264346354166667
"21|28",-0.497361979166668
"21|30",0.154263020833333
"21|94",-0.3248203125
"26|28",0.2528671875
"26|30",0.176783854166667
"26|94",0.249575520833333
"28|30",-0.342966145833333
"28|94",-0.901841145833333
"30|94",-0.285841145833333
"1|21|26",0.0569453124999998
"1|21|28",0.00419531250000029
"1|21|30",0.00665364583333335
"1|21|94",-0.0981380208333333
"1|26|28",-0.090825520833333
"1|26|30",-0.5837421875
"1|26|94",0.0245078125000003
"1|28|30",0.478299479166666
"1|28|94",0.411716145833333
"1|30|94",0.452049479166666
"21|26|28",0.2808203125
"21|26|30",0.240278645833333
"21|26|94",0.4279453125
"21|28|30",0.1973203125
"21|28|94",-0.207596354166667
"21|30|94",0.0699453124999999
"26|28|30",-0.2203671875
"26|28|94",-0.0102421875000005
"26|30|94",-0.273575520833333
"28|30|94",0.1647578125
"1|21|26|28",0.0115546874999999
"1|21|26|30",-0.531486979166666
"1|21|26|94",-0.0786953125000003
"1|21|28|30",0.2259296875
"1|21|28|94",-0.0333619791666668
"1|21|30|94",0.302846354166667
"1|26|28|30",-0.1502578125
"1|26|28|94",0.3214921875
"1|26|30|94",-0.00434114583333344
"1|28|30|94",0.287033854166667
"21|26|28|30",-0.161736979166667
"21|26|28|94",-0.1025703125
"21|26|30|94",-0.233111979166667
"21|28|30|94",0.3566796875
"26|28|30|94",-0.1261328125
"1|21|26|28|30",-0.2150546875
"1|21|26|28|94",0.4265703125
"1|21|26|30|94",-0.0633046875
"1|21|28|30|94",-0.0267213541666664
"1|26|28|30|94",-0.187950520833333
"21|26|28|30|94",-0.166471354166667
"1|21|26|28|30|94",-0.223028645833334
