"indices","sign","effect"
"30|94",0,0.224802743333403
"28|94",0,-1.63542868570778
"28|30",0,-0.298565050154265
"28|30|94",1,-3.75283809377746
"26|94",0,-0.731034464560244
"26|30",0,0.450638098948543
"26|30|94",0,-0.489917013727781
"26|28|94",0,-1.58655362022804
"26|28|30",0,-0.351005675936402
"26|28|30|94",1,-4.13135589041998
"21|94",0,-1.37828858603534
"21|30",0,-0.288807728087484
"21|30|94",1,-3.01191592661241
"21|28",0,-1.39635221685257
"21|28|94",1,-4.33399546447243
"21|28|30",1,-3.65514501368281
"21|28|30|94",1,-7.35531816685532
"21|26",1,-4.06736687138051
"21|26|94",0,-1.14499428935951
"21|26|30|94",0,-0.802188374227411
"21|26|28",0,-2.17369847259998
"21|26|28|94",1,-4.78663362508223
"21|26|28|30",0,-0.834258248707563
"21|26|28|30|94",1,-5.42990002900202
"1|94",0,-0.558701923897742
"1|30",0,0.802866138204741
"1|30|94",0,-0.300595483889963
"1|28",0,-0.564978668322745
"1|28|94",0,-1.68842705276765
"1|28|30",0,-0.445997274445947
"1|28|30|94",0,-1.92714614881846
"1|26",0,0.195179321278838
"1|26|94",0,-0.374487141046431
"1|26|30",0,0.868239387872334
"1|26|30|94",0,-0.47339294790572
"1|26|28",0,-0.464045189244994
"1|26|28|94",0,-1.95288845845566
"1|26|28|30",0,-0.751420303736295
"1|26|28|30|94",0,-2.22211359248973
"1|21|94",0,-0.861387835786815
"1|21|30",0,0.217146257331871
"1|21|30|94",0,-1.40077151723237
"1|21|28",0,-1.15544360686909
"1|21|28|94",1,-7.73159911493849
"1|21|28|30",0,-1.30980591176063
"1|21|28|30|94",0,-2.68850019094261
"1|21|26",0,0.231321908468572
"1|21|26|94",0,-0.924172241124168
"1|21|26|30",0,0.276242246323941
"1|21|26|30|94",0,-1.1053634537717
"1|21|26|28",0,-1.21053919679074
"1|21|26|28|94",0,-2.71311187524405
"1|21|26|28|30",0,-1.69818965953549
"1|21|26|28|30|94",0,-3.11638733771341
