MAE,Last MAE,Step,Enzyme,Linear MAE,Linear Last MAE
0.4581343057079512,0.801032344060316,1,MPH,0.32876031371583636,0.6424258588669812
0.3079036009701381,1.6534961243921462,2,MPH,0.14317223174034874,0.262896684847519
0.05374197866449347,0.09913870223499588,3,MPH,0.06394044162232576,0.04835200667644365
0.012654608783376351,0.40494748106804135,4,MPH,0.046177419742159366,0.019940869817606604
5.898059818321144e-17,0,5,MPH,0.045606990840633715,0.015943670534828442
