pos,mutations,idiosync
p72,Order 1,1.1679825089568638
p193,Order 1,0.7608576151329721
p258,Order 1,1.2101435852376508
p271,Order 1,1.086689761557138
p273,Order 1,1.0328992350555963
p72|p193,Order 2,0.992146249623696
p72|p258,Order 2,0.8211592798907175
p72|p271,Order 2,0.7675335442165142
p72|p273,Order 2,1.06129781237498
p193|p258,Order 2,0.6115981812887458
p193|p271,Order 2,0.5701028033184438
p193|p273,Order 2,0.8309727342165432
p258|p271,Order 2,0.7477279153907088
p258|p273,Order 2,0.6959720977360994
p271|p273,Order 2,0.6590959140209914
p72|p193|p258,Order 3,0.9147185376173778
p72|p193|p271,Order 3,0.9128161473006045
p72|p193|p273,Order 3,0.2684091748869578
p72|p258|p271,Order 3,0.9166249435377899
p72|p258|p273,Order 3,0.2810897605862497
p72|p271|p273,Order 3,0.2748358950688208
p193|p258|p271,Order 3,0.9090787405700869
p193|p258|p273,Order 3,0.2554101073710161
p193|p271|p273,Order 3,0.24851084213594915
p258|p271|p273,Order 3,0.2621556922938282
p72|p193|p258|p271,Order 4,0.5726822197752456
p72|p193|p258|p273,Order 4,0.5726822197752456
p72|p193|p271|p273,Order 4,0.5726822197752456
p72|p258|p271|p273,Order 4,0.5726822197752455
p193|p258|p271|p273,Order 4,0.5726822197752457
