"id","effect","muts","cv","colors","enz"
"00000",0,0,0.0214936762114554,"#FFFFFF","MPH"
"00001",0.495544337546448,1,0.0622372520141743,"#FFDFDD","MPH"
"00010",-0.98296666070122,1,0.180056710775048,"#B8EFFF","MPH"
"00100",1,1,0.220489766905667,"#FFBBB8","MPH"
"01000",0.227886704613674,1,0.0345637932126202,"#FFF0F0","MPH"
"10000",1.08278537031645,1,0.0109647484149444,"#FFB4B0","MPH"
"00011",-0.22548303427145,2,0.0985728404958364,"#F0FBFF","MPH"
"00101",0.948412965778601,2,0.0154505243854675,"#FFBFBC","MPH"
"00110",0.852479993636856,2,0.0324675712890692,"#FFC6C3","MPH"
"01001",0.790285164033242,2,0.0148798358335698,"#FFC9C7","MPH"
"01010",-0.460923901207223,2,0.115244126124552,"#DDF7FF","MPH"
"01100",1.41830129131975,2,0.00706298705269723,"#FF9F9A","MPH"
"10001",0.826074802700826,2,0.00693828902342128,"#FFC6C3","MPH"
"10010",0.0718820073061254,2,0.00784602318410401,"#FFFBFB","MPH"
"10100",1.08278537031645,2,0.00457508506656128,"#FFB4B0","MPH"
"11000",1.13672056715641,2,0.0494014302331795,"#FFB1AD","MPH"
"00111",1.61278385671974,3,0.0133445310834877,"#FF918B","MPH"
"01011",0.372912002970107,3,0.00172886067581708,"#FFE6E4","MPH"
"01101",1.42975228000241,3,0.000637586580795865,"#FF9F9A","MPH"
"01110",1.04139268515823,3,0.0200695074387408,"#FFB8B4","MPH"
"10011",0.699837725867246,3,0.0104326071248995,"#FFD0CE","MPH"
"10101",0.950851458888546,3,0.0123583981853392,"#FFBFBC","MPH"
"10110",0.344392273685111,3,0.0273722319247989,"#FFE6E4","MPH"
"11001",1.8733206018154,3,0.00337576743139438,"#FF7F79","MPH"
"11010",0.413299764081252,3,0.00453935330318571,"#FFE2E1","MPH"
"11100",1.39619934709574,3,0.000877767672007372,"#FF9F9A","MPH"
"01111",1.68214507637383,4,0.0029701999227189,"#FF8D87","MPH"
"10111",1.34242268082221,4,0.0106190358964495,"#FFA29E","MPH"
"11011",1.76937732607614,4,0.022736353020877,"#FF8680","MPH"
"11101",1.96284268120124,4,0.00715773530160778,"#FF7C75","MPH"
"11110",0.980003371583746,4,0.0144314559956316,"#FFBBB8","MPH"
"11111",2.62428209583567,5,0.00244857034739371,"#FF4E45","MPH"
