"indices","effect"
"INTERCEPT",0.894402349137619
"72",0.527613568796106
"193",0.538209143303274
"258",0.788028062423071
"271",-0.280946767568316
"273",0.600610601998573
"72|193",0.180711093961491
"72|258",-0.436779830434447
"72|271",0.0227429184125132
"72|273",0.0922067506628063
"193|258",0.0165628097283492
"193|271",0.0531147088527458
"193|273",0.196724580576322
"258|271",0.319535282768947
"258|273",-0.0412238386527844
"271|273",0.355463872162981
"72|193|258",0.0765552230543096
"72|193|271",0.0601274930531668
"72|193|273",0.187122812668924
"72|258|271",-0.087532809354957
"72|258|273",0.118116774610798
"72|271|273",0.107651352012602
"193|258|271",-0.0630007135347794
"193|258|273",-0.0387491887237635
"193|271|273",-0.0296359122573297
"258|271|273",0.0984343248131806
"72|193|258|271",0.0978135686230034
"72|193|258|273",-0.00911099671905944
"72|193|271|273",-0.010933863138538
"72|258|271|273",-0.0088621706379351
"193|258|271|273",0.00381427952874997
"72|193|258|271|273",0.023983195696669
