"id","effect","muts","cv","colors"
"00000",1,0,0.0214936762114554,"#FFF0F0"
"00001",1,1,0.0622372520141743,"#FFF0F0"
"00010",1,1,0.180056710775048,"#FFF0F0"
"00100",1,1,0.220489766905667,"#FFF0F0"
"01000",1,1,0.0345637932126202,"#FFF0F0"
"10000",1,1,0.0109647484149444,"#FFF0F0"
"00011",1.82784467928238,2,0.0985728404958364,"#FFE6E4"
"00101",0.28370607028754,2,0.0154505243854675,"#FFFBFB"
"00110",6.84615384615384,2,0.0324675712890692,"#FF9F9A"
"01001",1.16641775526022,2,0.0148798358335698,"#FFEDEC"
"01010",1.96859353664087,2,0.115244126124552,"#FFE2E1"
"01100",1.55029585798817,2,0.00706298705269723,"#FFE9E8"
"10001",0.176907031394397,2,0.00693828902342128,"#FFFBFB"
"10010",0.937698664971392,2,0.00784602318410401,"#FFF0F0"
"10100",0.1,2,0.00457508506656128,"#FFFFFF"
"11000",0.669959411218153,2,0.0494014302331795,"#FFF4F3"
"00111",12.5952322437945,3,0.0133445310834877,"#FF4E45"
"01011",4.28990447327971,3,0.00172886067581708,"#FFC2BF"
"01101",0.508535455696921,3,0.000637586580795865,"#FFF7F7"
"01110",6.25853436504324,3,0.0200695074387408,"#FFA6A2"
"10011",1.27196358680529,3,0.0104326071248995,"#FFEDEC"
"10101",0.0235788028410741,3,0.0123583981853392,"#FFFFFF"
"10110",0.175619834710744,3,0.0273722319247989,"#FFFBFB"
"11001",1.16708957389044,3,0.00337576743139438,"#FFEDEC"
"11010",1.21785154060571,3,0.00453935330318571,"#FFEDEC"
"11100",0.121766345542569,3,0.000877767672007372,"#FFFFFF"
"01111",8.74340699850653,4,0.0029701999227189,"#FF837C"
"10111",0.558546884425479,4,0.0106190358964495,"#FFF7F7"
"11011",8.83339343846642,4,0.022736353020877,"#FF837C"
"11101",0.143425465707018,4,0.00715773530160778,"#FFFBFB"
"11110",0.449053367288978,4,0.0144314559956316,"#FFF7F7"
"11111",6.32458951971831,5,0.00244857034739371,"#FFA6A2"
