genotype,avg,pos,mutations,likely,enzyme_name,measure_type,cond
x0000,1.08278537031645,p72,1,TRUE,MPH,catact,CaPTM
0x000,0.22788670461367352,p193,1,FALSE,MPH,catact,CaPTM
00x00,1,p258,1,FALSE,MPH,catact,CaPTM
000x0,-0.9829666607012196,p271,1,FALSE,MPH,catact,CaPTM
0000x,0.49554433754644844,p273,1,FALSE,MPH,catact,CaPTM
xx000,-0.17395150777371693,p72|p193,2,TRUE,MPH,catact,CaPTM
x0x00,-1,p72|p258,2,FALSE,MPH,catact,CaPTM
x00x0,-0.027936702309105055,p72|p271,2,FALSE,MPH,catact,CaPTM
x000x,-0.752254905162072,p72|p273,2,FALSE,MPH,catact,CaPTM
0xx00,0.19041458670607195,p193|p258,2,FALSE,MPH,catact,CaPTM
0x0x0,0.2941560548803227,p193|p271,2,FALSE,MPH,catact,CaPTM
0x00x,0.0668541218731197,p193|p273,2,FALSE,MPH,catact,CaPTM
00xx0,0.8354466543380759,p258|p271,2,FALSE,MPH,catact,CaPTM
00x0x,-0.5471313717678474,p258|p273,2,FALSE,MPH,catact,CaPTM
000xx,0.26193928888332074,p271|p273,2,FALSE,MPH,catact,CaPTM
xxx00,0.06906419323325774,p72|p193|p258,3,FALSE,MPH,catact,CaPTM
xx0x0,-0.006673494945152902,p72|p193|p271,3,FALSE,MPH,catact,CaPTM
xx00x,0.9264564804014959,p72|p193|p273,3,TRUE,MPH,catact,CaPTM
x0xx0,-0.5629363879590907,p72|p258|p271,3,FALSE,MPH,catact,CaPTM
x0x0x,0.6719080279555674,p72|p258|p273,3,FALSE,MPH,catact,CaPTM
x00xx,0.6227269972934232,p72|p271|p273,3,FALSE,MPH,catact,CaPTM
0xxx0,-0.5235446546786994,p193|p258|p271,3,FALSE,MPH,catact,CaPTM
0xx0x,-0.0038160989690581293,p193|p258|p273,3,FALSE,MPH,catact,CaPTM
0x0xx,0.009498155874441028,p193|p271|p273,3,FALSE,MPH,catact,CaPTM
00xxx,0.5499516084209575,p258|p271|p273,3,FALSE,MPH,catact,CaPTM
xxxx0,0.558259215862879,p72|p193|p258|p271,4,FALSE,MPH,catact,CaPTM
xxx0x,-0.2909172577721476,p72|p193|p258|p273,4,TRUE,MPH,catact,CaPTM
xx0xx,-0.27468691471529016,p72|p193|p271|p273,4,FALSE,MPH,catact,CaPTM
x0xxx,-0.30465357603270204,p72|p258|p271|p273,4,FALSE,MPH,catact,CaPTM
0xxxx,-0.19208765064577515,p193|p258|p271|p273,4,FALSE,MPH,catact,CaPTM
xxxxx,0.4049474810680409,p72|p193|p258|p271|p273,5,TRUE,MPH,catact,CaPTM
