MAE,Last MAE,Step,Enzyme,Linear MAE,Linear Last MAE
0.304995739631306,0.3093304265255679,1,TEM,0.32085937500000006,0.43612499999999993
0.22646516651929918,1.4463581211480396,2,TEM,0.13212500000000002,0.17762499999999987
0.0011529746869352615,0.01844759499096371,3,TEM,0.00112500000000001,0.0011250000000000981
