MAE,Last MAE,Step,Enzyme,Linear MAE,Linear Last MAE
0.20577069822843463,0.10664110807877566,1,TEM,0.2629292508075602,0.3556271860351781
0.17737580975237374,1.2706204902511926,2,TEM,0.15002921056740798,0.16950149657405864
0.0034881750882550418,0.05581080141208024,3,TEM,0.0037127033274649284,0.0037127033274649973
