"id","effect","muts","cv","colors"
"0000",1,0,NA,"#FF8680"
"0001",1,1,NA,"#FF8680"
"0010",1,1,NA,"#FF8680"
"0100",1,1,NA,"#FF8680"
"1000",1,1,NA,"#FF8680"
"0011",1.25476688399557,2,NA,"#FF665F"
"0101",0.878010878010878,2,NA,"#FF948F"
"0110",0.0588691116431306,2,NA,"#FFF7F7"
"1001",0.866721930551718,2,NA,"#FF948F"
"1010",1.46697322294017,2,NA,"#FF4E45"
"1100",0.831319980256151,2,NA,"#FF9B96"
"0111",0.768431093006774,3,NA,"#FFF7F7"
"1011",0.867168876290473,3,NA,"#FF5850"
"1101",1.6550382701043,3,NA,"#FF7F79"
"1110",14.8693860378835,3,NA,"#FF7F79"
"1111",1.13713179115754,4,NA,"#FF635B"
