"genotype","predicted effect"
"MEGN",-0.0037127033274649
"LEGN",-0.00176934749508584
"MKGN",0.0700970753604517
"MESN",-0.127423813841206
"MEGD",0.0435895248807404
"LKGN",-0.0216306641405525
"LESN",0.026391731067936
"LEGD",-0.0299092553754456
"MKSN",-1.29724174427702
"MKGD",0.0502887609174174
"MESD",0.00289494737251397
"LKSN",-0.036863610162002
"LKGD",0.128802735698279
"LESD",0.0482579265779054
"MKSD",-1.3206302850363
"LKSD",0.0769791337453983
