genotype,avg,pos,mutations
x000,-0.005682847330363273,p69,1
x001,-0.0678030617309682,p69,1
x010,0.16073933929038395,p69,1
x011,0.03672280702473991,p69,1
x100,-0.08591462870659322,p69,1
x101,0.07077319748366613,p69,1
x110,1.2528005946362395,p69,1
x111,1.4034029043735399,p69,1
0x00,0.06818586174616162,p104,1
0x01,0.011685758325194605,p104,1
0x10,-1.161926656058067,p104,1
0x11,-1.3328218300878325,p104,1
1x00,-0.01204591963006833,p104,1
1x01,0.15026201753982893,p104,1
1x10,-0.0698654007122114,p104,1
1x11,0.03385826726096734,p104,1
00x0,-0.13135556160517428,p238,1
00x1,-0.03279251339630751,p238,1
01x0,-1.361468079409403,p238,1
01x1,-1.3773001018093347,p238,1
10x0,0.035066625015572936,p238,1
10x1,0.07173335535940059,p238,1
11x0,-0.022752856066570133,p238,1
11x1,-0.044670394919460996,p238,1
000x,0.04139268515822508,p276,1
001x,0.13995573336709186,p276,1
010x,-0.015107418262741937,p276,1
011x,-0.030939440662673734,p276,1
100x,-0.020727529242379843,p276,1
101x,0.01593920110144781,p276,1
110x,0.14158040792751742,p276,1
111x,0.11966286907462656,p276,1
xx00,-0.08023178137622995,p69|p104,2
xx01,0.13857625921463435,p69|p104,2
xx10,1.0920612553458555,p69|p104,2
xx11,1.3666800973488,p69|p104,2
x0x0,0.16642218662074723,p69|p238,2
x0x1,0.1045258687557081,p69|p238,2
x1x0,1.3387152233428328,p69|p238,2
x1x1,1.3326297068898738,p69|p238,2
x00x,-0.06212021440060493,p69|p276,2
x01x,-0.12401653226564405,p69|p276,2
x10x,0.15668782619025934,p69|p276,2
x11x,0.15060230973730038,p69|p276,2
0xx0,-1.2301125178042287,p104|p238,2
0xx1,-1.344507588413027,p104|p238,2
1xx0,-0.05781948108214306,p104|p238,2
1xx1,-0.11640375027886159,p104|p238,2
0x0x,-0.056500103420967014,p104|p276,2
0x1x,-0.1708951740297655,p104|p276,2
1x0x,0.16230793716989725,p104|p276,2
1x1x,0.10372366797317874,p104|p276,2
00xx,0.09856304820886677,p238|p276,2
01xx,-0.015832022399931756,p238|p276,2
10xx,0.036666730343827655,p238|p276,2
11xx,-0.021917538852890862,p238|p276,2
xxx0,1.1722930367220854,p69|p104|p238,3
xxx1,1.2281038381341656,p69|p104|p238,3
xx0x,0.21880804059086428,p69|p104|p276,3
xx1x,0.2746188420029445,p69|p104|p276,3
x0xx,-0.06189631786503913,p69|p238|p276,3
x1xx,-0.006085516452958961,p69|p238|p276,3
0xxx,-0.11439507060879839,p104|p238|p276,3
1xxx,-0.058584269196718525,p104|p238|p276,3
xxxx,0.05581080141208017,p69|p104|p238|p276,4
