pos,mutations,idiosync
p69,Order 1,1.2253453989969545
p104,Order 1,1.1931879711056175
p238,Order 1,1.2542013248235708
p276,Order 1,0.1480351353393555
p69|p104,Order 2,1.4152137754700007
p69|p238,Order 2,1.386799857245829
p69|p276,Order 2,0.2893708484613603
p104|p238,Order 2,1.3898371432621723
p104|p276,Order 2,0.3035933607201444
p238|p276,Order 2,0.11203902199836586
p69|p104|p238,Order 3,0.07892839228387526
p69|p104|p276,Order 3,0.07892839228387534
p69|p238|p276,Order 3,0.07892839228387526
p104|p238|p276,Order 3,0.07892839228387483
