pos,mutations,idiosync
p69,Order 1,1.396533618199141
p104,Order 1,1.3112697842930368
p238,Order 1,1.4501973060450948
p276,Order 1,0.4755890104092905
p69|p104,Order 2,1.4855444011639696
p69|p238,Order 2,1.1960231410183872
p69|p276,Order 2,0.9145638444587777
p104|p238,Order 2,1.2115260036493318
p104|p276,Order 2,0.9347464518564653
p238|p276,Order 2,0.31205787168428223
p69|p104|p238,Order 3,0.02608883902938654
p69|p104|p276,Order 3,0.02608883902938654
p69|p238|p276,Order 3,0.02608883902938654
p104|p238|p276,Order 3,0.026088839029387093
