"model_order","R2","(Adjusted)","Delta R2"
"order1","0.42758511816884","0.219434252048418","0.42758511816884"
"order2","0.879107507313942","0.637322521941825","0.451522389145102"
"order3","0.999929389379063","0.998940840685946","0.120821882065121"
