"id","effect","muts","cv","colors","enz"
"0000",0,0,NA,"#FFFFFF","TEM"
"0001",0.0413926851582251,1,NA,"#FFF7F7","TEM"
"0010",-0.131355561605174,1,NA,"#ECFBFF","TEM"
"0100",0.0681858617461616,1,NA,"#FFF4F3","TEM"
"1000",-0.00568284733036327,1,NA,"#FFFFFF","TEM"
"0011",0.00860017176191757,2,NA,"#FFFFFF","TEM"
"0101",0.0530784434834197,2,NA,"#FFF7F7","TEM"
"0110",-1.29328221766324,2,NA,"#48D7FF","TEM"
"1001",-0.0264103765727431,2,NA,"#FBFEFF","TEM"
"1010",0.0293837776852097,2,NA,"#FFFBFB","TEM"
"1100",-0.0177287669604316,2,NA,"#FBFEFF","TEM"
"0111",-1.32422165832591,3,NA,"#45D7FF","TEM"
"1011",0.0453229787866575,3,NA,"#FFF7F7","TEM"
"1101",0.123851640967086,3,NA,"#FFEDEC","TEM"
"1110",-0.0404816230270017,3,NA,"#F7FDFF","TEM"
"1111",0.0791812460476248,4,NA,"#FFF4F3","TEM"
