"indices","effect"
"INTERCEPT",-0.149492474252153
"69",0.346549610983414
"104",-0.288564700969279
"238",-0.35792398013389
"276",0.0490533206994315
"69|104",0.314643836060732
"69|238",0.367741908269401
"69|276",0.0154472871445288
"104|238",-0.343404623257492
"104|276",0.00621650143654778
"238|276",0.0116064692685209
"69|104|238",0.300058421134816
"69|104|276",0.0614209625926078
"69|238|276",-0.00825260740379638
"104|238|276",-0.0216491898304401
