"indices","effect"
"INTERCEPT",-0.110875
"69",0.40725
"104",-0.20725
"238",-0.44275
"276",0.17825
"69|104",0.31475
"69|238",0.46875
"69|276",0.05775
"104|238",-0.41025
"104|276",0.04825
"238|276",0.0377500000000002
"69|104|238",0.25625
"69|104|276",0.19475
"69|238|276",-0.03725
"104|238|276",-0.0562500000000001
