"indices","sign","effect"
"238|276",1,0.258128364538489
"104|276",0,-0.184434972114911
"104|238",0,-1.2258972135492
"104|238|276",1,-1.36763858208066
"69|276",1,-0.202611962629955
"69|238",1,0.495644746410251
"69|238|276",1,0.410456495762949
"69|104",1,-0.277856657277146
"69|104|238|276",1,0.309330426525568
