"indices","sign","effect"
"238|276",1,0.0985630482088668
"104|238",0,-1.23011251780423
"104|238|276",0,-1.30244464362513
"69|276",1,-0.0621202144006049
"69|238",1,0.166422186620747
"69|238|276",1,0.14096870256397
"69|104",1,-0.08023178137623
"69|104|238|276",1,0.106641108078776
