p69,x000,1,0,TEM,growth,AMC
p69,x001,2,-0.06212021440060493,TEM,growth,AMC
p69,x010,2,0.16642218662074723,TEM,growth,AMC
p69,x011,3,0.042405654355103184,TEM,growth,AMC
p69,x100,2,-0.08023178137622995,TEM,growth,AMC
p69,x101,3,0.0764560448140294,TEM,growth,AMC
p69,x110,3,1.2584834419666027,TEM,growth,AMC
p69,x111,4,1.409085751703903,TEM,growth,AMC
p104,0x00,1,0,TEM,growth,AMC
p104,0x01,2,-0.056500103420967014,TEM,growth,AMC
p104,0x10,2,-1.2301125178042287,TEM,growth,AMC
p104,0x11,3,-1.4010076918339942,TEM,growth,AMC
p104,1x00,2,-0.08023178137622995,TEM,growth,AMC
p104,1x01,3,0.08207615579366731,TEM,growth,AMC
p104,1x10,3,-0.13805126245837301,TEM,growth,AMC
p104,1x11,4,-0.03432759448519428,TEM,growth,AMC
p238,00x0,1,0,TEM,growth,AMC
p238,00x1,2,0.09856304820886677,TEM,growth,AMC
p238,01x0,2,-1.2301125178042287,TEM,growth,AMC
p238,01x1,3,-1.2459445402041605,TEM,growth,AMC
p238,10x0,2,0.1664221866207472,TEM,growth,AMC
p238,10x1,3,0.20308891696457487,TEM,growth,AMC
p238,11x0,3,0.10860270553860416,TEM,growth,AMC
p238,11x1,4,0.08668516668571329,TEM,growth,AMC
p276,000x,1,0,TEM,growth,AMC
p276,001x,2,0.09856304820886677,TEM,growth,AMC
p276,010x,2,-0.056500103420967014,TEM,growth,AMC
p276,011x,3,-0.07233212582089882,TEM,growth,AMC
p276,100x,2,-0.06212021440060492,TEM,growth,AMC
p276,101x,3,-0.02545348405677727,TEM,growth,AMC
p276,110x,3,0.10018772276929233,TEM,growth,AMC
p276,111x,4,0.07827018391640148,TEM,growth,AMC
