genotype,avg,pos,mutations,likely,enzyme_name,measure_type,cond
x000,-0.005682847330363273,p69,1,FALSE,TEM,growth,AMC
0x00,0.06818586174616162,p104,1,TRUE,TEM,growth,AMC
00x0,-0.13135556160517428,p238,1,FALSE,TEM,growth,AMC
000x,0.04139268515822508,p276,1,FALSE,TEM,growth,AMC
xx00,-0.08023178137622995,p69|p104,2,FALSE,TEM,growth,AMC
x0x0,0.16642218662074723,p69|p238,2,FALSE,TEM,growth,AMC
x00x,-0.06212021440060493,p69|p276,2,FALSE,TEM,growth,AMC
0xx0,-1.2301125178042287,p104|p238,2,FALSE,TEM,growth,AMC
0x0x,-0.056500103420967014,p104|p276,2,TRUE,TEM,growth,AMC
00xx,0.09856304820886677,p238|p276,2,FALSE,TEM,growth,AMC
xxx0,1.1722930367220854,p69|p104|p238,3,FALSE,TEM,growth,AMC
xx0x,0.21880804059086428,p69|p104|p276,3,TRUE,TEM,growth,AMC
x0xx,-0.06189631786503913,p69|p238|p276,3,FALSE,TEM,growth,AMC
0xxx,-0.11439507060879839,p104|p238|p276,3,FALSE,TEM,growth,AMC
xxxx,0.05581080141208017,p69|p104|p238|p276,4,FALSE,TEM,growth,AMC
