genotype,avg,pos,mutations,likely,enzyme_name,measure_type,cond
x000,-0.018181392829336417,p69,1,FALSE,TEM,growth,AMC
0x00,0.2380461031287954,p104,1,TRUE,TEM,growth,AMC
00x0,-0.37365963262495766,p238,1,FALSE,TEM,growth,AMC
000x,0.1367205671564068,p276,1,FALSE,TEM,growth,AMC
xx00,-0.27785665727714576,p69|p104,2,FALSE,TEM,growth,AMC
x0x0,0.4956447464102509,p69|p238,2,FALSE,TEM,growth,AMC
x00x,-0.2026119626299546,p69|p276,2,FALSE,TEM,growth,AMC
0xx0,-1.2258972135492006,p104|p238,2,FALSE,TEM,growth,AMC
0x0x,-0.1844349721149107,p104|p276,2,TRUE,TEM,growth,AMC
00xx,0.258128364538489,p238|p276,2,FALSE,TEM,growth,AMC
xxx0,1.0340603194898867,p69|p104|p238,3,FALSE,TEM,growth,AMC
xx0x,0.7868848101599886,p69|p104|p276,3,TRUE,TEM,growth,AMC
x0xx,-0.1407046525558362,p69|p238|p276,3,FALSE,TEM,growth,AMC
0xxx,-0.21543476095503578,p104|p238|p276,3,FALSE,TEM,growth,AMC
xxxx,-0.01844759499096349,p69|p104|p238|p276,4,FALSE,TEM,growth,AMC
