mean,max,obs,geno,enzyme_name,measure_type,cond
-0.0068649655077877144,0.06818586174616162,0,0000,TEM,growth,AMC
-0.029636605600693703,0.011685758325194605,0.04139268515822508,0001,TEM,growth,AMC
-0.28707719446686375,0.16073933929038395,-0.13135556160517428,0010,TEM,growth,AMC
-0.4874967087929127,-0.015107418262741937,0.06818586174616162,0100,TEM,growth,AMC
7.643920477082544e-4,0.035066625015572936,-0.005682847330363273,1000,TEM,growth,AMC
-0.6480495115315463,0.03672280702473991,0.00860017176191757,0011,TEM,growth,AMC
-0.6532634521628343,0.07077319748366613,0.05307844348341968,0101,TEM,growth,AMC
0.6109305769867829,1.2528005946362395,-1.2932822176632413,0110,TEM,growth,AMC
0.11099768644961476,0.15026201753982893,-0.026410376572743116,1001,TEM,growth,AMC
-0.026963099805381793,0.01593920110144781,0.029383777685209667,1010,TEM,growth,AMC
0.059413775930473645,0.14158040792751742,-0.017728766960431602,1100,TEM,growth,AMC
1.4034029043735399,1.4034029043735399,-1.324221658325915,0111,TEM,growth,AMC
0.03385826726096734,0.03385826726096734,0.045322978786657475,1011,TEM,growth,AMC
-0.044670394919460996,-0.044670394919460996,0.12385164096708581,1101,TEM,growth,AMC
0.11966286907462656,0.11966286907462656,-0.040481623027001735,1110,TEM,growth,AMC
