MAE,Last MAE,Step,Enzyme,Linear MAE,Linear Last MAE
0.6971404232936489,1.7714465600698786,1,TEM,0.612625,0.9633750000000001
0.33848334740104824,2.456583427347069,2,TEM,0.10689062499999999,0.21337499999999987
0.031410418982664653,0.5025667037226342,3,TEM,0.031375000000000076,0.03137500000000015
