"genotype","predicted effect"
"MEGN",0.031375
"LEGN",0.287624999999999
"MKGN",0.545625000000001
"MESN",-1.777375
"MEGD",0.622625
"LKGN",0.656375
"LESN",0.460375
"LEGD",0.722374999999999
"MKSN",-1.764625
"MKGD",0.589375
"MESD",-1.753625
"LKSN",0.617625
"LKGD",1.091625
"LESD",0.975625
"MKSD",-1.816375
"LKSD",1.605375
