pos,mutations,idiosync
p69,Order 1,2.724700376657634
p104,Order 1,0.543031973387702
p238,Order 1,2.66642111666493
p276,Order 1,0.7156102542678154
p69|p104,Order 2,0.7715019910493781
p69|p238,Order 2,0.8671275522712273
p69|p276,Order 2,1.0212064815722812
p104|p238,Order 2,0.7005588301602287
p104|p276,Order 2,0.8841578821753588
p238|p276,Order 2,0.9687259830971559
p69|p104|p238,Order 3,0.7107366484016896
p69|p104|p276,Order 3,0.7107366484016897
p69|p238|p276,Order 3,0.7107366484016904
p104|p238|p276,Order 3,0.7107366484016898
