"model_order","R2","(Adjusted)","Delta R2"
"order1","0.671373520087141","0.55187298193701","0.671373520087141"
"order2","0.986354427867629","0.959063283602888","0.314980907780488"
"order3","0.999211365736766","0.988170486051491","0.0128569378691371"
