"id","effect","muts","cv","colors","enz"
"0000",0,0,NA,"#FFFFFF","TEM"
"0001",0.65417654187796,1,NA,"#FFBFBC","TEM"
"0010",-1.74714696902011,1,NA,"#48D7FF","TEM"
"0100",0.577491799837225,1,NA,"#FFC6C3","TEM"
"1000",0.318063334962762,1,NA,"#FFDFDD","TEM"
"0011",-1.7851561519523,2,NA,"#45D7FF","TEM"
"0101",0.557507201905658,2,NA,"#FFC6C3","TEM"
"0110",-1.79588001734408,2,NA,"#45D7FF","TEM"
"1001",0.691081492122968,2,NA,"#FFBBB8","TEM"
"1010",0.429752280002408,2,NA,"#FFD4D2","TEM"
"1100",0.625312450961674,2,NA,"#FFC2BF","TEM"
"0111",-1.7851561519523,3,NA,"#45D7FF","TEM"
"1011",1.00860017176192,3,NA,"#FF9B96","TEM"
"1101",1.12385164096709,3,NA,"#FF918B","TEM"
"1110",0.649334858712142,3,NA,"#FFBFBC","TEM"
"1111",1.57403126772772,4,NA,"#FF635B","TEM"
