"indices","effect"
"INTERCEPT",0.068375
"69",1.4675
"104",0.2445
"238",-1
"276",0.3725
"69|104",0.13675
"69|238",1.22525
"69|276",0.22075
"104|238",-0.0602500000000001
"104|276",-0.0187500000000001
"238|276",-0.00374999999999987
"69|104|238",0.0725000000000001
"69|104|276",0.137
"69|238|276",0.162
"104|238|276",0.118
