p69,x000,1,0,TEM,growth,SAM
p69,x001,2,-0.2811583847177536,TEM,growth,SAM
p69,x010,2,1.8588359140597532,TEM,growth,SAM
p69,x011,3,2.475692988751458,TEM,growth,SAM
p69,x100,2,-0.270242683838313,TEM,growth,SAM
p69,x101,3,0.24828110409866627,TEM,growth,SAM
p69,x110,3,2.1271515410934554,TEM,growth,SAM
p69,x111,4,3.0411240847172594,TEM,growth,SAM
p104,0x00,1,0,TEM,growth,SAM
p104,0x01,2,-0.6741611398095279,TEM,growth,SAM
p104,0x10,2,-0.6262248481611936,TEM,growth,SAM
p104,0x11,3,-0.5774917998372253,TEM,growth,SAM
p104,1x00,2,-0.270242683838313,TEM,growth,SAM
p104,1x01,3,-0.14472165099310796,TEM,growth,SAM
p104,1x10,3,-0.35790922112749135,TEM,growth,SAM
p104,1x11,4,-0.012060703871423994,TEM,growth,SAM
p238,00x0,1,0,TEM,growth,SAM
p238,00x1,2,-0.6921857248101555,TEM,growth,SAM
p238,01x0,2,-0.6262248481611936,TEM,growth,SAM
p238,01x1,3,-0.5955163848378529,TEM,growth,SAM
p238,10x0,2,1.8588359140597532,TEM,growth,SAM
p238,10x1,3,2.064665648659056,TEM,growth,SAM
p238,11x0,3,1.771169376770575,TEM,growth,SAM
p238,11x1,4,2.1973265957807397,TEM,growth,SAM
p276,000x,1,0,TEM,growth,SAM
p276,001x,2,-0.6921857248101556,TEM,growth,SAM
p276,010x,2,-0.6741611398095279,TEM,growth,SAM
p276,011x,3,-0.6434526764861873,TEM,growth,SAM
p276,100x,2,-0.2811583847177536,TEM,growth,SAM
p276,101x,3,-0.07532865011845091,TEM,growth,SAM
p276,110x,3,-0.15563735187254857,TEM,growth,SAM
p276,111x,4,0.27051986713761644,TEM,growth,SAM
