MAE,Last MAE,Step,Enzyme,Linear MAE,Linear Last MAE
0.21033117482078012,0.471909766279629,1,PTE,0.17396096365537075,0.283030145765812
0.23019710910837635,0.041478988459547006,2,PTE,0.13046547163257669,0.06902113606781746
0.29529654766125446,3.007931274180043,3,PTE,0.08253917417244813,0.08825427731239228
0.15322803672619184,4.1149980429664685,4,PTE,0.055464109616974365,0.06501789195131484
0.024634347883489706,1.576598264543336,5,PTE,0.04954199948304241,0.056365883765369135
9.690056916589196e-17,1.1102230246251565e-15,6,PTE,0.04482463714519492,0.061837204074074593
