"indices","effect"
"INTERCEPT",0.739264836320963
"233",0.217047182189671
"254",1.56024749421311
"271",0.216322838843316
"272",0.209831313601997
"306",-0.427077431472656
"313",-0.0655245146870662
"233|254",0.0675931843198787
"233|271",-0.0474082773953994
"233|272",-0.0845191032617189
"233|306",0.132384147778212
"233|313",-0.10580397728342
"254|271",0.0168922526610246
"254|272",0.0814632545585938
"254|306",0.0568725321644966
"254|313",0.0559046206028643
"271|272",-0.0316268980664065
"271|306",0.0849497435742185
"271|313",0.147599907160156
"272|306",0.0617084494370658
"272|313",0.0356242986167535
"306|313",0.024867148455295
"233|254|271",0.134127199210504
"233|254|272",-0.0629185489752605
"233|254|306",0.088911378592448
"233|254|313",-0.0204981253025173
"233|271|272",-0.028380802032552
"233|271|306",-0.000352173541232502
"233|271|313",-0.0786433518580726
"233|272|306",-0.0241268851506075
"233|272|313",-0.00630383429036457
"233|306|313",-0.000290761621961677
"254|271|272",0.0421080826436633
"254|271|306",0.138766216353733
"254|271|313",0.00304800939800357
"254|272|306",0.0594060939110243
"254|272|313",-0.00515516731206587
"254|306|313",0.00238180465147579
"271|272|306",0.0238631229509548
"271|272|313",-0.0542081772634549
"271|306|313",0.00884352240147572
"272|306|313",0.00498155868446191
"233|254|271|272",-0.0377994537773438
"233|254|271|306",0.0200894679084201
"233|254|271|313",0.0636885728415797
"233|254|272|306",-0.0779498905203992
"233|254|272|313",-0.0106058916323786
"233|254|306|313",-0.0491154849084204
"233|271|272|306",-0.046983311937066
"233|271|272|313",-0.00403251658203131
"233|271|306|313",-0.0534563180733508
"233|272|306|313",0.0109886549735242
"254|271|272|306",0.0438450410603297
"254|271|272|313",-0.00267730341796886
"254|271|306|313",0.0520150953164063
"254|272|306|313",-0.0245000279006078
"271|272|306|313",-0.0365190828780383
"233|254|271|272|306",-0.00417191238671857
"233|254|271|272|313",0.0274433696349827
"233|254|271|306|313",-0.0225202338007812
"233|254|272|306|313",-0.034350337517795
"233|271|272|306|313",0.00313440453081603
"254|271|272|306|313",-0.030180392126302
"233|254|271|272|306|313",0.0497976135360244
