"indices","sign","effect"
"156|243",0,0.342704096339523
"132|156|243",0,0.688523987961615
"124|243",0,0.347662198467791
"124|156",0,0.191842714352154
"124|156|243",0,0.472885888360195
"124|132|243",0,0.815791386888497
"124|132|156",0,0.367858521296317
"124|132|156|243",0,0.776522395360128
"76|243",0,0.192355287757839
"76|156|243",0,0.506431482670192
"76|132|156|243",0,0.615152788190621
"76|124",0,0.322562826203445
"76|124|243",0,1.04306044147564
"76|124|156",0,0.245482878814321
"76|124|156|243",0,0.915307925642665
"76|124|132",0,0.496087212638394
"76|124|132|243",0,1.22408656465217
"76|124|132|156",0,0.589707270912673
"76|124|132|156|243",0,0.952244958115673
"66|156",0,-0.189803149644393
"66|156|243",0,-0.221805317996549
"66|132",1,0.0104018830380637
"66|132|156|243",0,0.336520597294286
"66|124|243",0,-0.296110712711711
"66|124|156",0,-0.320366642811195
"66|124|156|243",0,-0.475638057929303
"66|124|132|243",0,0.327968661748417
"66|124|132|156|243",0,0.378215162969487
"66|76",1,0.0492614542899892
"66|76|156",0,0.186083721817301
"66|76|156|243",0,0.428617070293508
"66|76|132",1,0.0104878904612389
"66|76|132|156",0,0.212891405735941
"66|76|132|156|243",0,0.508841875870647
"66|76|124|243",0,0.525831059053733
"66|76|124|156|243",0,0.727812497865928
"66|76|124|132",0,0.414260525181173
"66|76|124|132|243",0,0.943029635420829
"66|76|124|132|156",0,0.442992482861595
"66|76|124|132|156|243",0,0.901504563588235
