pos,mutations,idiosync
p69,Order 1,1.6015946871571964
p104,Order 1,2.0328244988129285
p238,Order 1,2.078934296961343
p276,Order 1,1.6378215230775583
p69|p104,Order 2,3.062102160486075
p69|p238,Order 2,3.0800620707415494
p69|p276,Order 2,1.3513724468935924
p104|p238,Order 2,4.06264783071343
p104|p276,Order 2,2.973975878685466
p238|p276,Order 2,2.99246474421508
p69|p104|p238,Order 3,1.321933661144124
p69|p104|p276,Order 3,1.321933661144124
p69|p238|p276,Order 3,1.321933661144124
p104|p238|p276,Order 3,1.3219336611441235
