"id","effect","muts","cv","colors"
"0000",1,0,NA,"#FFF4F3"
"0001",1,1,NA,"#FFF4F3"
"0010",1,1,NA,"#FFF4F3"
"0100",1,1,NA,"#FFF4F3"
"1000",1,1,NA,"#FFF4F3"
"0011",19.5695146057544,2,NA,"#FF4E45"
"0101",0.037967592688645,2,NA,"#FFFFFF"
"0110",0.0245422891160283,2,NA,"#FFFFFF"
"1001",3.27204555246335,2,NA,"#FFE2E1"
"1010",7.62781315009771,2,NA,"#FFBBB8"
"1100",0.0616331902172942,2,NA,"#FFFFFF"
"0111",0.0433528914893826,3,NA,"#FFFFFF"
"1011",0.000945395264831948,3,NA,"#FFFBFB"
"1101",11.2943812036964,3,NA,"#FFFFFF"
"1110",3.95983010978262,3,NA,"#FFFFFF"
"1111",17297.082426533,4,NA,"#FFF7F7"
