genotype,avg,pos,mutations
x000,-0.2620126736665692,p69,1
x001,0.2528066674958461,p69,1
x010,0.6203873724174942,p69,1
x011,-1.889179863683263,p69,1
x100,-1.47219802568425,p69,1
x101,0.09548375727002434,p69,1
x110,0.00787857401050962,p69,1
x111,2.789146634685107,p69,1
0x00,1.7881683711411678,p104,1
0x01,0.36758143298517687,p104,1
0x10,0.17808343907146584,p104,1
0x11,-2.605485430351764,p104,1
1x00,0.5779830191234869,p104,1
1x01,0.21025852275935508,p104,1
1x10,-0.43442535933551873,p104,1
1x11,2.0728410680166056,p104,1
00x0,1.462397997898956,p238,1
00x1,2.753978051627641,p238,1
01x0,-0.14768693417074585,p238,1
01x1,-0.21908881170929995,p238,1
10x0,2.3447980439830194,p238,1
10x1,0.6119915204485318,p238,1
11x0,1.3323896655240137,p238,1
11x1,2.4745740657057826,p238,1
000x,-0.8041003475907662,p276,1
001x,0.4874797061379186,p276,1
010x,-2.2246872857467572,p276,1
011x,-2.2960891632853113,p276,1
100x,-0.28928100642835086,p276,1
101x,-2.0220875299628385,p276,1
110x,-0.6570055027924827,p276,1
111x,0.4851788973892859,p276,1
xx00,-1.2101853520176808,p69|p104,2
xx01,-0.1573229102258218,p69|p104,2
xx10,-0.6125087984069846,p69|p104,2
xx11,4.67832649836837,p69|p104,2
x0x0,0.8824000460840634,p69|p238,2
x0x1,-2.1419865311791093,p69|p238,2
x1x0,1.4800765996947596,p69|p238,2
x1x1,2.6936628774150826,p69|p238,2
x00x,0.5148193411624153,p69|p276,2
x01x,-2.5095672361007573,p69|p276,2
x10x,1.5676817829542742,p69|p276,2
x11x,2.781268060674597,p69|p276,2
0xx0,-1.610084932069702,p104|p238,2
0xx1,-2.973066863336941,p104|p238,2
1xx0,-1.0124083784590057,p104|p238,2
1xx1,1.8625825452572506,p104|p238,2
0x0x,-1.4205869381559908,p104|p276,2
0x1x,-2.7835688694232297,p104|p276,2
1x0x,-0.36772449636413185,p104|p276,2
1x1x,2.5072664273521243,p104|p276,2
00xx,1.2915800537286848,p238|p276,2
01xx,-0.07140187753855409,p238|p276,2
10xx,-1.7328065235344876,p238|p276,2
11xx,1.142184400181769,p238|p276,2
xxx0,0.5976765536106963,p69|p104|p238,3
xxx1,4.8356494085941915,p69|p104|p238,3
xx0x,1.052862441791859,p69|p104|p276,3
xx1x,5.290835296775354,p69|p104|p276,3
x0xx,-3.0243865772631726,p69|p238|p276,3
x1xx,1.213586277720323,p69|p238|p276,3
0xxx,-1.3629819312672389,p104|p238|p276,3
1xxx,2.8749909237162563,p104|p238|p276,3
xxxx,4.237972854983495,p69|p104|p238|p276,4
