p69,x000,1,0,TEM,growth,CRO
p69,x001,2,0.5148193411624153,TEM,growth,CRO
p69,x010,2,0.8824000460840634,TEM,growth,CRO
p69,x011,3,-1.627167190016694,TEM,growth,CRO
p69,x100,2,-1.2101853520176808,TEM,growth,CRO
p69,x101,3,0.35749643093659356,TEM,growth,CRO
p69,x110,3,0.26989124767707884,TEM,growth,CRO
p69,x111,4,3.051159308351676,TEM,growth,CRO
p104,0x00,1,0,TEM,growth,CRO
p104,0x01,2,-1.4205869381559908,TEM,growth,CRO
p104,0x10,2,-1.610084932069702,TEM,growth,CRO
p104,0x11,3,-4.393653801492931,TEM,growth,CRO
p104,1x00,2,-1.2101853520176808,TEM,growth,CRO
p104,1x01,3,-1.5779098483818128,TEM,growth,CRO
p104,1x10,3,-2.2225937304766865,TEM,growth,CRO
p104,1x11,4,0.28467269687543784,TEM,growth,CRO
p238,00x0,1,0,TEM,growth,CRO
p238,00x1,2,1.2915800537286848,TEM,growth,CRO
p238,01x0,2,-1.610084932069702,TEM,growth,CRO
p238,01x1,3,-1.681486809608256,TEM,growth,CRO
p238,10x0,2,0.8824000460840633,TEM,growth,CRO
p238,10x1,3,-0.8504064774504243,TEM,growth,CRO
p238,11x0,3,-0.13000833237494236,TEM,growth,CRO
p238,11x1,4,1.0121760678068266,TEM,growth,CRO
p276,000x,1,0,TEM,growth,CRO
p276,001x,2,1.2915800537286848,TEM,growth,CRO
p276,010x,2,-1.420586938155991,TEM,growth,CRO
p276,011x,3,-1.4919888156945451,TEM,growth,CRO
p276,100x,2,0.5148193411624153,TEM,growth,CRO
p276,101x,3,-1.2179871823720723,TEM,growth,CRO
p276,110x,3,0.1470948447982835,TEM,growth,CRO
p276,111x,4,1.289279244980052,TEM,growth,CRO
