pos,mutations,idiosync
p72,Order 1,1.4889937455028373
p193,Order 1,1.2129768771622584
p258,Order 1,0.9332117642780776
p271,Order 1,1.1282266009402069
p273,Order 1,1.4994402544940313
p72|p193,Order 2,1.46350482033602
p72|p258,Order 2,0.7403233192991733
p72|p271,Order 2,1.2628061575682397
p72|p273,Order 2,2.0107973961724794
p193|p258,Order 2,0.26315149831090484
p193|p271,Order 2,0.3906686226888851
p193|p273,Order 2,1.4591706507864655
p258|p271,Order 2,0.6542433462158243
p258|p273,Order 2,0.9658595442621996
p271|p273,Order 2,1.3923691516869865
p72|p193|p258,Order 3,0.4707567971334308
p72|p193|p271,Order 3,0.4509519380497958
p72|p193|p273,Order 3,0.4264528453649215
p72|p258|p271,Order 3,0.4593958666117826
p72|p258|p273,Order 3,0.43537218692626845
p72|p271|p273,Order 3,0.4138775537915802
p193|p258|p271,Order 3,0.451789532750398
p193|p258|p273,Order 3,0.42733846163409384
p193|p271|p273,Order 3,0.40541811648634374
p258|p271|p273,Order 3,0.4147900203771284
p72|p193|p258|p271,Order 4,0.9881684755244257
p72|p193|p258|p273,Order 4,0.9881684755244257
p72|p193|p271|p273,Order 4,0.9881684755244257
p72|p258|p271|p273,Order 4,0.9881684755244253
p193|p258|p271|p273,Order 4,0.9881684755244253
