"model_order","R2","(Adjusted)","Delta R2"
"order1","0.687201917944014","0.627048440625555","0.687201917944014"
"order2","0.90478310473226","0.815517265418753","0.217581186788246"
"order3","0.998965624012802","0.994655724066144","0.094182519280542"
"order4","0.999272346463844","0.977442740379154","0.000306722451041685"
