"id","effect","muts","cv","colors","enz"
"00000",0,0,NA,"#FFFFFF","MPH"
"00001",0.66838591669,1,NA,"#FFD8D6","MPH"
"00010",-0.787812395596042,1,NA,"#CEF4FF","MPH"
"00100",0.994317152669637,1,NA,"#FFC2BF","MPH"
"01000",0.271841606536499,1,NA,"#FFEDEC","MPH"
"10000",0.930949031167523,1,NA,"#FFC6C3","MPH"
"00011",-0.153044674980176,2,NA,"#F3FCFF","MPH"
"00101",0.987666264926275,2,NA,"#FFC2BF","MPH"
"00110",0.551449997972875,2,NA,"#FFDFDD","MPH"
"01001",0.9804578922761,2,NA,"#FFC2BF","MPH"
"01010",-0.39577394691553,2,NA,"#E4F9FF","MPH"
"01100",1.20682587603185,2,NA,"#FFB8B4","MPH"
"10001",0.710963118995276,2,NA,"#FFD4D2","MPH"
"10010",-0.33161408331,2,NA,"#E8FAFF","MPH"
"10100",1.10037054511756,2,NA,"#FFBBB8","MPH"
"11000",1.15836249209525,2,NA,"#FFB8B4","MPH"
"00111",0.857935264719429,3,NA,"#FFCDCA","MPH"
"01011",-0.0947439512515487,3,NA,"#F7FDFF","MPH"
"01101",1.2405492482826,3,NA,"#FFB4B0","MPH"
"01110",0.755112266395071,3,NA,"#FFD0CE","MPH"
"10011",0.348304863048161,3,NA,"#FFE9E8","MPH"
"10101",0.708420900134713,3,NA,"#FFD4D2","MPH"
"10110",0.110589710299249,3,NA,"#FFF7F7","MPH"
"11001",2.20411998265592,3,NA,"#FF7C75","MPH"
"11010",0.176091259055681,3,NA,"#FFF4F3","MPH"
"11100",1.20682587603185,3,NA,"#FFB8B4","MPH"
"01111",1.10720996964787,4,NA,"#FFBBB8","MPH"
"10111",1.39269695325967,4,NA,"#FFAAA5","MPH"
"11011",2.07918124604762,4,NA,"#FF837C","MPH"
"11101",2.31175386105575,4,NA,"#FF746D","MPH"
"11110",0.544068044350276,4,NA,"#FFDFDD","MPH"
"11111",2.96094619573383,5,NA,"#FF4E45","MPH"
