"indices","effect"
"INTERCEPT",0.806325202598226
"72",0.588853344270839
"193",0.601453084557184
"258",0.641941860632111
"271",-0.472575815386898
"273",0.676199976208735
"72|193",0.35738040523207
"72|258",-0.259527588603678
"72|271",0.0911381130407278
"72|273",0.301393054556711
"193|258",-0.0227225160034732
"193|271",0.0414950963990785
"193|273",0.307065145149666
"258|271",0.287985650152903
"258|273",-0.0389975775972634
"271|273",0.308346900537925
"72|193|258",-0.00823200669565253
"72|193|271",0.0597487392842489
"72|193|273",0.333005227574907
"72|258|271",0.0136844825190558
"72|258|273",0.164395480428075
"72|271|273",0.284558650620149
"193|258|271",-0.0065595274838337
"193|258|273",0.0326392592166136
"193|271|273",-0.0483380625732569
"258|271|273",0.143842791936436
"72|193|258|271",-0.0216994870270287
"72|193|258|273",-0.0147974973337167
"72|193|271|273",-0.00224682288708859
"72|258|271|273",0.00975342048122078
"193|258|271|273",0.00372949443932205
