"indices","sign","effect"
"258|273",0,-0.675036804433362
"258|271",0,0.344945240899281
"193|271|273",1,-0.247159078882006
"193|258|273",0,-0.693995427613536
"193|258|271",0,0.276765902784978
"72|273",0,-0.888371828862247
"72|271",1,-0.474750718881481
"72|271|273",0,-0.46321768921332
"72|258",0,-0.824895638719597
"72|258|273",0,-1.88523120039245
"72|258|271",0,-1.02686407794187
"72|258|271|273",0,-0.413142751671452
"72|193|273",0,0.332943428261902
"72|193|271",0,-0.238886983052299
"72|193|271|273",0,0.995817087249645
"72|193|258",0,-0.990281914341809
"72|193|258|273",0,-0.553739846007905
"72|193|258|271",0,-0.865227350427341
"72|193|258|271|273",0,0.883264884266215
