genotype,avg,pos,mutations,likely,enzyme_name,measure_type,cond
x0000,0.930949031167523,p72,1,FALSE,MPH,catact,ZnPTM
0x000,0.27184160653649897,p193,1,FALSE,MPH,catact,ZnPTM
00x00,0.9943171526696367,p258,1,TRUE,MPH,catact,ZnPTM
000x0,-0.7878123955960422,p271,1,FALSE,MPH,catact,ZnPTM
0000x,0.6683859166900001,p273,1,FALSE,MPH,catact,ZnPTM
xx000,-0.044428145608772285,p72|p193,2,FALSE,MPH,catact,ZnPTM
x0x00,-0.8248956387195968,p72|p258,2,FALSE,MPH,catact,ZnPTM
x00x0,-0.4747507188814806,p72|p271,2,FALSE,MPH,catact,ZnPTM
x000x,-0.8883718288622474,p72|p273,2,FALSE,MPH,catact,ZnPTM
0xx00,-0.05933288317428592,p193|p258,2,TRUE,MPH,catact,ZnPTM
0x0x0,0.12019684214401333,p193|p271,2,FALSE,MPH,catact,ZnPTM
0x00x,0.040230369049601034,p193|p273,2,FALSE,MPH,catact,ZnPTM
00xx0,0.3449452408992807,p258|p271,2,FALSE,MPH,catact,ZnPTM
00x0x,-0.6750368044333622,p258|p273,2,FALSE,MPH,catact,ZnPTM
000xx,-0.033618196074133966,p271|p273,2,FALSE,MPH,catact,ZnPTM
xxx00,-0.061625246839153935,p72|p193|p258,3,FALSE,MPH,catact,ZnPTM
xx0x0,0.16009503929394103,p72|p193|p271,3,FALSE,MPH,catact,ZnPTM
xx00x,1.225513033683321,p72|p193|p273,3,FALSE,MPH,catact,ZnPTM
x0xx0,-0.07216296124007182,p72|p258|p271,3,FALSE,MPH,catact,ZnPTM
x0x0x,0.5030730716227593,p72|p258|p273,3,FALSE,MPH,catact,ZnPTM
x00xx,0.9335230546045417,p72|p271|p273,3,FALSE,MPH,catact,ZnPTM
0xxx0,-0.12904329708403034,p193|p258|p271,3,FALSE,MPH,catact,ZnPTM
0xx0x,1.4389094451100481e-4,p193|p258|p273,3,TRUE,MPH,catact,ZnPTM
0x0xx,-0.37396809400148595,p193|p271|p273,3,FALSE,MPH,catact,ZnPTM
00xxx,0.3467543505640499,p258|p271|p273,3,FALSE,MPH,catact,ZnPTM
xxxx0,0.17577441878281586,p72|p193|p258|p271,4,FALSE,MPH,catact,ZnPTM
xxx0x,0.23099033632932164,p72|p193|p258|p273,4,TRUE,MPH,catact,ZnPTM
xx0xx,0.3313957319023469,p72|p193|p271|p273,4,FALSE,MPH,catact,ZnPTM
x0xxx,0.4273976788488094,p72|p258|p271|p273,4,FALSE,MPH,catact,ZnPTM
0xxxx,0.37920627051361716,p193|p258|p271|p273,4,FALSE,MPH,catact,ZnPTM
xxxxx,-0.6987406299980943,p72|p193|p258|p271|p273,5,TRUE,MPH,catact,ZnPTM
