"indices","sign","effect"
"108|164",0,-0.301029995663981
"59|164",0,0.301029995663981
"59|108",1,-0.602059991327962
"59|108|164",0,-0.903089986991944
"51|164",0,-0.301029995663981
"51|108",1,-2.10720996964787
"51|108|164",0,-2.40823996531185
"51|59",0,-1.50514997831991
"51|59|164",0,-1.50514997831991
"51|59|108",0,-1.50514997831991
"51|59|108|164",0,-1.80563744489159
