MAE,Last MAE,Step,Enzyme,Linear MAE,Linear Last MAE
0.38909566678055113,0.7846087431741421,1,TEM,0.23757460558266433,0.19315226114286754
0.22318096307470106,1.0768412869686559,2,TEM,0.10438457340194396,0.1315821833861463
0.08857580220361909,1.4172128352579052,3,TEM,0.08872786129553806,0.08872786129553822
