"genotype","predicted effect"
"MEGN",-0.0887278612955382
"LEGN",-0.781074066033682
"MKGN",0.0695891839579782
"MESN",0.177503088421824
"MEGD",0.183761516903067
"LKGN",0.00203347210576887
"LESN",-0.212717912435844
"LEGD",-0.657499792960777
"MKSN",0.0480550919018338
"MKGD",0.022356936851599
"MESD",0.0115069879977991
"LKSN",0.22088187985507
"LKGD",0.18718181739402
"LESD",-0.101217336221306
"MKSD",-0.840792832311875
"LKSD",-0.00917367019974522
