genotype,avg,pos,mutations
x000,-1.8446639625349381,p69,1
x001,-2.079964464441871,p69,1
x010,-1.014477823368623,p69,1
x011,-1.31084497795758,p69,1
x100,0.5875958159341761,p69,1
x101,-0.07938859600711545,p69,1
x110,-0.03137327163526815,p69,1
x111,2.3124809843466436,p69,1
0x00,-0.09205147838772766,p104,1
0x01,0.0997697894599755,p104,1
0x10,0.30598532468645584,p104,1
0x11,-2.43661173098811,p104,1
1x00,2.3402083000813865,p104,1
1x01,2.1003456578947315,p104,1
1x10,1.2890898764198107,p104,1
1x11,1.1867142313161136,p104,1
00x0,0.48429983934678583,p238,1
00x1,0.03143879313755449,p238,1
01x0,0.8823366424209693,p238,1
01x1,-2.504942727310531,p238,1
10x0,1.3144859785131011,p238,1
10x1,0.8005582796218458,p238,1
11x0,0.2633675548515251,p238,1
11x1,-0.11307314695677195,p238,1
000x,0.5224442335063199,p276,1
001x,0.06958318729708851,p276,1
010x,0.714265501354023,p276,1
011x,-2.6730138683774776,p276,1
100x,0.2871437315993868,p276,1
101x,-0.22678396729186856,p276,1
110x,0.04728108941273146,p276,1
111x,-0.32915961239556557,p276,1
xx00,2.4322597784691142,p69|p104,2
xx01,2.0005758684347557,p69|p104,2
xx10,0.9831045517333548,p69|p104,2
xx11,3.6233259623042233,p69|p104,2
x0x0,0.8301861391663152,p69|p238,2
x0x1,0.7691194864842912,p69|p238,2
x1x0,-0.6189690875694442,p69|p238,2
x1x1,2.391869580353759,p69|p238,2
x00x,-0.23530050190693297,p69|p276,2
x01x,-0.296367154588957,p69|p276,2
x10x,-0.6669844119412915,p69|p276,2
x11x,2.3438542559819115,p69|p276,2
0xx0,0.3980368030741835,p104|p238,2
0xx1,-2.5363815204480855,p104|p238,2
1xx0,-1.0511184236615758,p104|p238,2
1xx1,-0.9136314265786178,p104|p238,2
0x0x,0.19182126784770315,p104|p276,2
0x1x,-2.742597055674566,p104|p276,2
1x0x,-0.23986264218665498,p104|p276,2
1x1x,-0.10237564510369701,p104|p276,2
00xx,-0.45286104620923134,p238|p276,2
01xx,-3.3872793697315005,p238|p276,2
10xx,-0.5139276988912553,p238|p276,2
11xx,-0.37644070180829703,p238|p276,2
xxx0,-1.4491552267357595,p69|p104|p238,3
xxx1,1.6227500938694677,p69|p104|p238,3
xx0x,-0.4316839100343586,p69|p104|p276,3
xx1x,2.6402214105708683,p69|p104|p276,3
x0xx,-0.06106665268202405,p69|p238|p276,3
x1xx,3.0108386679232035,p69|p238|p276,3
0xxx,-2.934418323522269,p104|p238|p276,3
1xxx,0.13748699708295797,p104|p238|p276,3
xxxx,3.071905320605227,p69|p104|p238|p276,4
