genotype,avg,pos,mutations
x000,-0.8696662315049939,p69,1
x001,-0.6620579210032477,p69,1
x010,-0.21368727084775568,p69,1
x011,-0.2901380271224788,p69,1
x100,0.10899317366255439,p69,1
x101,-0.01367969729119256,p69,1
x110,-0.0031816587861892565,p69,1
x111,1.0072992387414994,p69,1
0x00,-0.01908806222315645,p104,1
0x01,0.017168025137013918,p104,1
0x10,0.04681545571700886,p104,1
0x11,-1.0284885378114375,p104,1
1x00,0.9595713429443918,p104,1
1x01,0.6655462488490691,p104,1
1x10,0.2573210677785753,p104,1
1x11,0.2689487280525407,p104,1
00x0,0.08990511143939793,p238,1
00x1,0.006948859955327846,p238,1
01x0,0.15580862937956325,p238,1
01x1,-1.0387077029931235,p238,1
10x0,0.7458840720966361,p238,1
10x1,0.37886875383609675,p238,1
11x0,0.043633796930819604,p238,1
11x1,-0.017728766960431602,p238,1
000x,0.09342168516223506,p276,1
001x,0.010465433678164979,p276,1
010x,0.12967777252240542,p276,1
011x,-1.0648385598502814,p276,1
100x,0.30102999566398125,p276,1
101x,-0.06598532259655814,p276,1
110x,0.007004901568658489,p276,1
111x,-0.05435766232259272,p276,1
xx00,0.9786594051675482,p69|p104,2
xx01,0.6483782237120551,p69|p104,2
xx10,0.21050561206156643,p69|p104,2
xx11,1.2974372658639783,p69|p104,2
x0x0,0.6559789606572382,p69|p238,2
x0x1,0.37191989388076885,p69|p238,2
x1x0,-0.11217483244874364,p69|p238,2
x1x1,1.020978936032692,p69|p238,2
x00x,0.20760831050174622,p69|p276,2
x01x,-0.07645075627472314,p69|p276,2
x10x,-0.12267287095374695,p69|p276,2
x11x,1.0104808975276887,p69|p276,2
0xx0,0.06590351794016532,p104|p238,2
0xx1,-1.0456565629484513,p104|p238,2
1xx0,-0.7022502751658166,p104|p238,2
1xx1,-0.3965975207965284,p104|p238,2
0x0x,0.03625608736017037,p104|p276,2
0x1x,-1.0753039935284463,p104|p276,2
1x0x,-0.29402509409532274,p104|p276,2
1x1x,0.011627660273965446,p104|p276,2
00xx,-0.08295625148407008,p238|p276,2
01xx,-1.1945163323726868,p238|p276,2
10xx,-0.36701531826053935,p238|p276,2
11xx,-0.06136256389125121,p238|p276,2
xxx0,-0.7681537931059819,p69|p104|p238,3
xxx1,0.6490590421519232,p69|p104|p238,3
xx0x,-0.3302811814554931,p69|p104|p276,3
xx1x,1.0869316538024119,p69|p104|p276,3
x0xx,-0.2840590667764693,p69|p238|p276,3
x1xx,1.1331537684814357,p69|p238|p276,3
0xxx,-1.1115600808886166,p104|p238|p276,3
1xxx,0.30565275436928824,p104|p238|p276,3
xxxx,1.4172128352579052,p69|p104|p238|p276,4
