pos,mutations,idiosync
p69,Order 1,1.1317928101276962
p104,Order 1,1.1692361473896813
p238,Order 1,1.0132849630212357
p276,Order 1,0.8300557228688448
p69|p104,Order 2,0.9300888340059019
p69|p238,Order 2,0.9563189134363084
p69|p276,Order 2,1.0491224857289083
p104|p238,Order 2,0.9437800589583165
p104|p276,Order 2,1.0377056063996981
p238|p276,Order 2,1.0612792048310893
p69|p104|p238,Order 3,2.004241612390956
p69|p104|p276,Order 3,2.004241612390956
p69|p238|p276,Order 3,2.004241612390956
p104|p238|p276,Order 3,2.0042416123909557
