"model_order","R2","(Adjusted)","Delta R2"
"order1","0.0912885889431214","-0.239151924168471","0.0912885889431214"
"order2","0.868777168741366","0.606331506224097","0.777488579798244"
"order3","0.933710424938281","0.0056563740742207","0.0649332561969154"
