"id","effect","muts","cv","colors","enz"
"0000",0,0,NA,"#FFFFFF","TEM"
"0001",0.0934216851622351,1,NA,"#FFEDEC","TEM"
"0010",0.0899051114393979,1,NA,"#FFEDEC","TEM"
"0100",-0.0190880622231565,1,NA,"#FBFEFF","TEM"
"1000",-0.869666231504994,1,NA,"#50D9FF","TEM"
"0011",0.100370545117563,2,NA,"#FFEDEC","TEM"
"0101",0.110589710299249,2,NA,"#FFE9E8","TEM"
"0110",0.136720567156407,2,NA,"#FFE6E4","TEM"
"1001",-0.568636235841013,2,NA,"#8BE6FF","TEM"
"1010",-0.123782159408358,2,NA,"#E4F9FF","TEM"
"1100",0.0899051114393979,2,NA,"#FFEDEC","TEM"
"0111",-0.928117992693875,3,NA,"#45D7FF","TEM"
"1011",-0.189767482004916,3,NA,"#D9F7FF","TEM"
"1101",0.0969100130080564,3,NA,"#FFEDEC","TEM"
"1110",0.133538908370218,3,NA,"#FFE6E4","TEM"
"1111",0.0791812460476248,4,NA,"#FFF0F0","TEM"
