"indices","effect"
"INTERCEPT",-0.110520843504363
"69",-0.116854715115398
"104",0.146074656897388
"238",0.0445530112606651
"276",-0.0799274061280787
"69|104",0.392283494804292
"69|238",0.242229871362546
"69|276",0.127469317258298
"104|238",-0.260100746526686
"104|276",-0.165319437893584
"238|276",-0.213422343491424
"69|104|238",-0.0154356760187575
"69|104|276",0.0953239243800827
"69|238|276",0.106602945441066
"104|238|276",-0.100782549621175
