"indices","sign","effect"
"104|238|276",1,-1.09235672707235
"69|276",0,0.207608310501746
"69|238",0,0.655978960657238
"69|238|276",0,0.496571952898445
"69|104",1,0.978659405167548
"69|104|276",1,0.892242621573972
"69|104|238",1,0.93238809065897
"69|104|238|276",1,0.784608743174142
