"id","effect","muts","cv","colors"
"0000",1,0,NA,"#FFEDEC"
"0001",1,1,NA,"#FFEDEC"
"0010",1,1,NA,"#FFEDEC"
"0100",1,1,NA,"#FFEDEC"
"1000",1,1,NA,"#FFEDEC"
"0011",0.826121164437451,2,NA,"#FFF0F0"
"0101",1.08706643745576,2,NA,"#FFE9E8"
"0110",1.16386743804742,2,NA,"#FFE9E8"
"1001",1.61290322580645,2,NA,"#FFE2E1"
"1010",4.5287563986751,2,NA,"#FFAAA5"
"1100",9.52049227911297,2,NA,"#FF4E45"
"0111",0.0808431585175393,3,NA,"#FFFFFF"
"1011",3.13741488669367,3,NA,"#FFC6C3"
"1101",7.80265889646683,3,NA,"#FF6D66"
"1110",8.55831152065149,3,NA,"#FF5F57"
"1111",6.08988011431558,4,NA,"#FF8D87"
