p69,x000,1,0,TEM,growth,CAZ
p69,x001,2,-0.23530050190693297,TEM,growth,CAZ
p69,x010,2,0.8301861391663152,TEM,growth,CAZ
p69,x011,3,0.5338189845773582,TEM,growth,CAZ
p69,x100,2,2.4322597784691142,TEM,growth,CAZ
p69,x101,3,1.7652753665278227,TEM,growth,CAZ
p69,x110,3,1.81329069089967,TEM,growth,CAZ
p69,x111,4,4.157144946881582,TEM,growth,CAZ
p104,0x00,1,0,TEM,growth,CAZ
p104,0x01,2,0.19182126784770315,TEM,growth,CAZ
p104,0x10,2,0.3980368030741835,TEM,growth,CAZ
p104,0x11,3,-2.3445602526003824,TEM,growth,CAZ
p104,1x00,2,2.4322597784691142,TEM,growth,CAZ
p104,1x01,3,2.1923971362824592,TEM,growth,CAZ
p104,1x10,3,1.3811413548075384,TEM,growth,CAZ
p104,1x11,4,1.2787657097038414,TEM,growth,CAZ
p238,00x0,1,0,TEM,growth,CAZ
p238,00x1,2,-0.45286104620923134,TEM,growth,CAZ
p238,01x0,2,0.3980368030741835,TEM,growth,CAZ
p238,01x1,3,-2.989242566657317,TEM,growth,CAZ
p238,10x0,2,0.8301861391663152,TEM,growth,CAZ
p238,10x1,3,0.31625844027505995,TEM,growth,CAZ
p238,11x0,3,-0.22093228449526076,TEM,growth,CAZ
p238,11x1,4,-0.5973729863035577,TEM,growth,CAZ
p276,000x,1,0,TEM,growth,CAZ
p276,001x,2,-0.45286104620923134,TEM,growth,CAZ
p276,010x,2,0.19182126784770315,TEM,growth,CAZ
p276,011x,3,-3.1954581018837973,TEM,growth,CAZ
p276,100x,2,-0.23530050190693308,TEM,growth,CAZ
p276,101x,3,-0.7492282007981884,TEM,growth,CAZ
p276,110x,3,-0.4751631440935884,TEM,growth,CAZ
p276,111x,4,-0.8516038459018854,TEM,growth,CAZ
