genotype,avg,pos,mutations,likely,enzyme_name,measure_type,cond
x000,-0.8696662315049939,p69,1,FALSE,TEM,growth,CAZ
0x00,-0.01908806222315645,p104,1,FALSE,TEM,growth,CAZ
00x0,0.08990511143939793,p238,1,FALSE,TEM,growth,CAZ
000x,0.09342168516223506,p276,1,TRUE,TEM,growth,CAZ
xx00,0.9786594051675482,p69|p104,2,FALSE,TEM,growth,CAZ
x0x0,0.6559789606572382,p69|p238,2,FALSE,TEM,growth,CAZ
x00x,0.20760831050174622,p69|p276,2,FALSE,TEM,growth,CAZ
0xx0,0.06590351794016532,p104|p238,2,FALSE,TEM,growth,CAZ
0x0x,0.03625608736017037,p104|p276,2,TRUE,TEM,growth,CAZ
00xx,-0.08295625148407008,p238|p276,2,FALSE,TEM,growth,CAZ
xxx0,-0.7681537931059819,p69|p104|p238,3,FALSE,TEM,growth,CAZ
xx0x,-0.3302811814554931,p69|p104|p276,3,TRUE,TEM,growth,CAZ
x0xx,-0.2840590667764693,p69|p238|p276,3,FALSE,TEM,growth,CAZ
0xxx,-1.1115600808886166,p104|p238|p276,3,FALSE,TEM,growth,CAZ
xxxx,1.4172128352579052,p69|p104|p238|p276,4,TRUE,TEM,growth,CAZ
