MAE,Last MAE,Step,Enzyme,Linear MAE,Linear Last MAE
2.140748691478757,6.25423220458568,1,AP,0.6371173108513192,0.5826304516576766
0.46614678195641074,3.1425317039845027,2,AP,0.29960970479047994,0.4577701948371473
0.23033623516122248,2.431874969598341,3,AP,0.12828661250301213,0.10868969770717385
0.06517047082676937,2.085455066456607,4,AP,0.06517047082676766,0.06517047082676619
