"id","effect","muts","cv","colors","enz"
"00000",0,0,NA,"#FFFFFF","AP"
"00001",-2.92445303860747,1,NA,"#CAF3FF","AP"
"00010",-4.94309514866353,1,NA,"#A5EBFF","AP"
"00100",-2.35261702988538,1,NA,"#D6F6FF","AP"
"01000",-3.79860287567955,1,NA,"#BCF0FF","AP"
"10000",-1.80410034759077,1,NA,"#DDF7FF","AP"
"00011",-5.62342304294349,2,NA,"#9AE9FF","AP"
"00101",-3.15614457737684,2,NA,"#C7F3FF","AP"
"00110",-5.43770713554353,2,NA,"#9EEAFF","AP"
"01001",-6.41907502432438,2,NA,"#8BE6FF","AP"
"01010",-8.59516628338006,2,NA,"#66DEFF","AP"
"01100",-4.68613277963085,2,NA,"#ADEDFF","AP"
"10001",-4.35261702988538,2,NA,"#B0EEFF","AP"
"10010",-8.30803489723264,2,NA,"#6ADFFF","AP"
"10100",-3.28066871301627,2,NA,"#C3F2FF","AP"
"11000",-4.03574036980315,2,NA,"#B8EFFF","AP"
"00111",-6.29413628771608,3,NA,"#8FE7FF","AP"
"01011",-9.20830935097988,3,NA,"#5BDBFF","AP"
"01101",-5.24336389175415,3,NA,"#A2EBFF","AP"
"01110",-7.51999305704285,3,NA,"#79E2FF","AP"
"10011",-8.75696195131371,3,NA,"#62DDFF","AP"
"10101",-3.72124639904717,3,NA,"#BCF0FF","AP"
"10110",-7.68613277963085,3,NA,"#75E1FF","AP"
"11001",-6.35261702988538,3,NA,"#8FE7FF","AP"
"11010",-8.17587416608345,3,NA,"#6DDFFF","AP"
"11100",-4.49894073778225,3,NA,"#B0EEFF","AP"
"01111",-8.15614457737684,4,NA,"#6DDFFF","AP"
"10111",-8.49894073778225,4,NA,"#6ADFFF","AP"
"11011",-10.4989407377822,4,NA,"#45D7FF","AP"
"11101",-5.05898575629443,4,NA,"#A5EBFF","AP"
"11110",-8.82681373158773,4,NA,"#62DDFF","AP"
"11111",-9.56863623584101,5,NA,"#53DAFF","AP"
