MAE,Last MAE,Step,Enzyme,Linear MAE,Linear Last MAE
0.95953311117894,2.4082399653118496,1,DHFR,0.35516128939843755,0.1316450439375001
0.3574731198509776,2.709269960975831,2,DHFR,0.28221910956249996,0.39516095131249995
0.018814374728998853,0.3010299956639814,3,DHFR,0.018814374812500104,0.018814374812500034
