pos,mutations,idiosync
p51,Order 1,1.7311561782317284
p59,Order 1,1.541270218086149
p108,Order 1,1.6856911806028543
p164,Order 1,0.677914508861627
p51|p59,Order 2,2.664299701486445
p51|p108,Order 2,2.664299701486445
p51|p164,Order 2,0.7575755424377766
p59|p108,Order 2,2.6185572510899093
p59|p164,Order 2,0.576428556192937
p108|p164,Order 2,0.5764285561929369
p51|p59|p108,Order 3,0.42572070254911565
p51|p59|p164,Order 3,0.425720702549116
p51|p108|p164,Order 3,0.425720702549116
p59|p108|p164,Order 3,0.42572070254911604
