"model_order","R2","(Adjusted)","Delta R2"
"order1","0.43422336024615","0.228486400335659","0.43422336024615"
"order2","0.746652479984652","0.239957439953957","0.312429119738502"
"order3","0.998966026815399","0.98449040223098","0.252313546830747"
