"id","effect","muts","cv","colors","enz"
"0000",0,0,NA,"#FFFFFF","DHFR"
"0001",0.301029995663981,1,NA,"#FFE6E4","DHFR"
"0010",0,1,NA,"#FFFFFF","DHFR"
"0100",0.602059991327962,1,NA,"#FFCDCA","DHFR"
"1000",2.10720996964787,1,NA,"#FF4E45","DHFR"
"0011",0.301029995663981,2,NA,"#FFE6E4","DHFR"
"0101",0.903089986991944,2,NA,"#FFB4B0","DHFR"
"0110",0.301029995663981,2,NA,"#FFE6E4","DHFR"
"1001",1.50514997831991,2,NA,"#FF7F79","DHFR"
"1010",0,2,NA,"#FFFFFF","DHFR"
"1100",0.903089986991944,2,NA,"#FFB4B0","DHFR"
"0111",0.301029995663981,3,NA,"#FFE6E4","DHFR"
"1011",-0.301029995663981,3,NA,"#E4F9FF","DHFR"
"1101",0.602059991327962,3,NA,"#FFCDCA","DHFR"
"1110",0.602059991327962,3,NA,"#FFCDCA","DHFR"
"1111",0.602059991327962,4,NA,"#FFCDCA","DHFR"
