"indices","sign","effect"
"59|108",0,-0.301029995663981
"59|108|164",0,-0.602059991327962
"51|164",0,-0.903089986991944
"51|108",0,-2.10720996964787
"51|108|164",1,-2.70926996097583
"51|59",0,-1.80617997398389
"51|59|164",0,-2.40823996531185
"51|59|108",0,-2.10720996964787
"51|59|108|164",0,-2.40823996531185
