MAE,Last MAE,Step,Enzyme,Linear MAE,Linear Last MAE
0.3825720822942294,0.7807214975366247,1,TEM,0.23753639477753766,0.12095084553586766
0.39820021255813615,1.8143495035014459,2,TEM,0.2211730324820407,0.08912671643850523
0.045977738358893946,0.7356438137423024,3,TEM,0.04587341257692375,0.045873412576923456
