MAE,Last MAE,Step,Enzyme,Linear MAE,Linear Last MAE
0.6552838548752613,1.4793506422389517,1,TEM,0.3951640625,0.08781249999999985
0.6196339828729024,2.532052364499311,2,TEM,0.370171875,0.1413124999999995
0.058421766004610624,0.9347482560737692,3,TEM,0.05831249999999999,0.05831250000000043
