"genotype","predicted effect"
"MEGN",0.0458734125769236
"LEGN",-0.0959993439583583
"MKGN",0.0177503622139748
"MESN",-0.0409184873875953
"MEGD",-0.0665397802388247
"LKGN",-0.847119111484908
"LESN",-0.977940030319166
"LEGD",-0.78718400922122
"MKSN",0.114631763217822
"MKGD",0.116329886522685
"MESD",0.0562142459151426
"LKSN",-0.0292523493728585
"LKGD",-0.90877289873878
"LESD",-0.942778526001807
"MKSD",-0.948714306082312
"LKSD",-0.736031486773839
