genotype,avg,pos,mutations
x000,-0.0501222959631252,p69,1
x001,-0.8122310399559189,p69,1
x010,-1.0279713947793692,p69,1
x011,-0.9047964508059606,p69,1
x100,-0.9572480195790501,p69,1
x101,-0.9351614401497186,p69,1
x110,-0.05115252244738125,p69,1
x111,0.1205739312058498,p69,1
0x00,0.06445798922691845,p104,1
0x01,0.09233363260203026,p104,1
0x10,0.06386448796351904,p104,1
0x11,-0.9116901587538611,p104,1
1x00,-0.8426677343890064,p104,1
1x01,-0.030596767591769325,p104,1
1x10,1.0406833602955068,p104,1
1x11,0.11368022325794935,p104,1
00x0,0.004321373782642578,p238,1
00x1,0.029051797057822473,p238,1
01x0,0.0037278725192431694,p238,1
01x1,-0.9749719942980689,p238,1
10x0,-0.9735277250336013,p238,1
10x1,-0.0635136137922192,p238,1
11x0,0.909823369650912,p238,1
11x1,0.08076337705749947,p238,1
000x,-0.020451625295904902,p276,1
001x,0.004278797979274991,p276,1
010x,0.007424018079206909,p276,1
011x,-0.9712758487381051,p276,1
100x,-0.7825603692886987,p276,1
101x,0.12745374195268344,p276,1
110x,0.02951059750853846,p276,1
111x,-0.7995493950848741,p276,1
xx00,-0.9071257236159249,p69|p104,2
xx01,-0.12293040019379964,p69|p104,2
xx10,0.9768188723319879,p69|p104,2
xx11,1.0253703820118103,p69|p104,2
x0x0,-0.9778490988162439,p69|p238,2
x0x1,-0.09256541085004166,p69|p238,2
x1x0,0.9060954971316689,p69|p238,2
x1x1,1.0557353713555684,p69|p238,2
x00x,-0.7621087439927937,p69|p276,2
x01x,0.12317494397340856,p69|p276,2
x10x,0.022086579429331565,p69|p276,2
x11x,0.17172645365323105,p69|p276,2
0xx0,-5.935012633994097e-4,p104|p238,2
0xx1,-1.0040237913558914,p104|p238,2
1xx0,1.8833510946845133,p104|p238,2
1xx1,0.14427699084971868,p104|p238,2
0x0x,0.027875643375111808,p104|p276,2
0x1x,-0.9755546467173801,p104|p276,2
1x0x,0.8120709667972371,p104|p276,2
1x1x,-0.9270031370375574,p104|p276,2
00xx,0.024730423275179894,p238|p276,2
01xx,-0.9786998668173121,p238|p276,2
10xx,0.9100141112413821,p238|p276,2
11xx,-0.8290599925934126,p238|p276,2
xxx0,1.8839445959479129,p69|p104|p238,3
xxx1,1.14830078220561,p69|p104|p238,3
xx0x,0.7841953234221253,p69|p104|p276,3
xx1x,0.04855150967982236,p69|p104|p276,3
x0xx,0.8852836879662023,p69|p238|p276,3
x1xx,0.14963987422389946,p69|p238|p276,3
0xxx,-1.003430290092492,p104|p238|p276,3
1xxx,-1.7390741038347945,p104|p238|p276,3
xxxx,-0.7356438137423029,p69|p104|p238|p276,4
