pos,mutations,idiosync
p69,Order 1,0.9797235895562695
p104,Order 1,1.226819869910689
p238,Order 1,1.222743138223337
p276,Order 1,0.9225921169612441
p69|p104,Order 2,1.864506292299389
p69|p238,Order 2,1.8979594861857096
p69|p276,Order 2,0.8766804602808811
p104|p238,Order 2,2.3984032330379863
p104|p276,Order 2,1.7084075879259724
p238|p276,Order 2,1.7448561498477024
p69|p104|p238,Order 3,1.0403574584702318
p69|p104|p276,Order 3,1.0403574584702318
p69|p238|p276,Order 3,1.0403574584702318
p104|p238|p276,Order 3,1.040357458470231
