"model_order","R2","(Adjusted)","Delta R2"
"order1","0.583856011538975","0.432530924825875","0.583856011538975"
"order2","0.670845063524287","0.0125351905728612","0.086989051985312"
"order3","0.99470577065701","0.920586559855157","0.323860707132724"
