"model_order","R2","(Adjusted)","Delta R2"
"order1","0.541744889237341","0.375106667141828","0.541744889237341"
"order2","0.635160965274648","-0.094517104176056","0.0934160760373071"
"order3","0.989669702389954","0.845045535849303","0.354508737115306"
