"id","effect","muts","cv","colors","enz"
"0000",0,0,NA,"#FFFFFF","TEM"
"0001",-0.0204516252959049,1,NA,"#FBFEFF","TEM"
"0010",0.00432137378264258,1,NA,"#FFFFFF","TEM"
"0100",0.0644579892269184,1,NA,"#FFF4F3","TEM"
"1000",-0.0501222959631252,1,NA,"#F7FDFF","TEM"
"0011",0.00860017176191757,2,NA,"#FFFFFF","TEM"
"0101",0.0718820073061254,2,NA,"#FFF0F0","TEM"
"0110",0.0681858617461616,2,NA,"#FFF4F3","TEM"
"1001",-0.832682665251824,2,NA,"#66DEFF","TEM"
"1010",-1.02365002099673,2,NA,"#45D7FF","TEM"
"1100",-0.892790030352132,2,NA,"#5BDBFF","TEM"
"0111",-0.903089986991944,3,NA,"#5BDBFF","TEM"
"1011",-0.896196279044043,3,NA,"#5BDBFF","TEM"
"1101",-0.863279432843593,3,NA,"#62DDFF","TEM"
"1110",0.0170333392987804,3,NA,"#FFFBFB","TEM"
"1111",-0.782516055786094,4,NA,"#71E0FF","TEM"
