"indices","effect"
"INTERCEPT",-0.37690316619582
"69",-0.577463106576094
"104",-0.0514882027329137
"238",-0.122390961809513
"276",-0.300562886263098
"69|104",0.122169718515455
"69|238",0.110659204543412
"69|276",-0.05555113513699
"104|238",0.128002307428473
"104|276",-0.13273698114847
"238|276",-0.108894856007156
"69|104|238",0.379033536876123
"69|104|276",0.104634540221133
"69|238|276",0.129200060865434
"104|238|276",-0.342867879931833
