"indices","effect"
"INTERCEPT",-0.6156875
"69",-1.065625
"104",-0.0323749999999999
"238",-0.181375
"276",-0.574875
"69|104",0.123875
"69|238",0.234875
"69|276",-0.112125
"104|238",0.138625
"104|276",-0.249875
"238|276",-0.242375
"69|104|238",0.626375
"69|104|276",0.183375
"69|238|276",0.195875
"104|238|276",-0.606375
