"indices","sign","effect"
"238|276",1,0.0247304232751799
"104|238|276",1,-0.9514177247056
"69|276",0,-0.762108743992794
"69|238",0,-0.977849098816244
"69|238|276",0,-0.829943731567656
"69|104",1,-0.907125723615925
"69|104|276",0,-0.857163500811482
"69|104|238|276",0,-0.780721497536625
