"id","effect","muts","cv","colors"
"0000",1,0,NA,"#FF5850"
"0001",1,1,NA,"#FF5850"
"0010",1,1,NA,"#FF5850"
"0100",1,1,NA,"#FF5850"
"1000",1,1,NA,"#FF5850"
"0011",1.0585964256803,2,NA,"#FF4E45"
"0101",1.06629075399407,2,NA,"#FF4E45"
"0110",0.99863434619324,2,NA,"#FF5850"
"1001",0.172938328074596,2,NA,"#FFE2E1"
"1010",0.105232745496772,2,NA,"#FFEDEC"
"1100",0.123843802004722,2,NA,"#FFE9E8"
"0111",0.111836167351283,3,NA,"#FFEDEC"
"1011",0.147930003808673,3,NA,"#FFE6E4"
"1101",0.138942944793688,3,NA,"#FFE6E4"
"1110",0.996268209196399,3,NA,"#FF5850"
"1111",0.16568321089079,4,NA,"#FFE2E1"
