p69,x000,1,0,TEM,growth,CPR
p69,x001,2,-0.7621087439927937,TEM,growth,CPR
p69,x010,2,-0.9778490988162439,TEM,growth,CPR
p69,x011,3,-0.8546741548428354,TEM,growth,CPR
p69,x100,2,-0.9071257236159249,TEM,growth,CPR
p69,x101,3,-0.8850391441865934,TEM,growth,CPR
p69,x110,3,-0.0010302264842560471,TEM,growth,CPR
p69,x111,4,0.170696227168975,TEM,growth,CPR
p104,0x00,1,0,TEM,growth,CPR
p104,0x01,2,0.027875643375111808,TEM,growth,CPR
p104,0x10,2,-5.935012633994097e-4,TEM,growth,CPR
p104,0x11,3,-0.9761481479807795,TEM,growth,CPR
p104,1x00,2,-0.9071257236159249,TEM,growth,CPR
p104,1x01,3,-0.09505475681868777,TEM,growth,CPR
p104,1x10,3,0.9762253710685883,TEM,growth,CPR
p104,1x11,4,0.049222234031030904,TEM,growth,CPR
p238,00x0,1,0,TEM,growth,CPR
p238,00x1,2,0.024730423275179894,TEM,growth,CPR
p238,01x0,2,-5.935012633994088e-4,TEM,growth,CPR
p238,01x1,3,-0.9792933680807114,TEM,growth,CPR
p238,10x0,2,-0.9778490988162438,TEM,growth,CPR
p238,10x1,3,-0.06783498757486178,TEM,growth,CPR
p238,11x0,3,0.9055019958682695,TEM,growth,CPR
p238,11x1,4,0.0764420032748569,TEM,growth,CPR
p276,000x,1,0,TEM,growth,CPR
p276,001x,2,0.024730423275179894,TEM,growth,CPR
p276,010x,2,0.02787564337511181,TEM,growth,CPR
p276,011x,3,-0.9508242234422002,TEM,growth,CPR
p276,100x,2,-0.7621087439927937,TEM,growth,CPR
p276,101x,3,0.14790536724858835,TEM,growth,CPR
p276,110x,3,0.04996222280444336,TEM,growth,CPR
p276,111x,4,-0.7790977697889692,TEM,growth,CPR
