p69,x000,1,0,TEM,growth,CPR
p69,x001,2,-1.216093010303219,TEM,growth,CPR
p69,x010,2,-1.4098178901951912,TEM,growth,CPR
p69,x011,3,-1.373058707559466,TEM,growth,CPR
p69,x100,2,-1.6043834243016133,TEM,growth,CPR
p69,x101,3,-1.6221842183618485,TEM,growth,CPR
p69,x110,3,-0.040899732658629145,TEM,growth,CPR
p69,x111,4,0.2594034101463104,TEM,growth,CPR
p104,0x00,1,0,TEM,growth,CPR
p104,0x01,2,0.11426009627345923,TEM,growth,CPR
p104,0x10,2,0.003505928076088738,TEM,growth,CPR
p104,0x11,3,-1.8398793460974754,TEM,growth,CPR
p104,1x00,2,-1.604383424301613,TEM,growth,CPR
p104,1x01,3,-0.2918311117851702,TEM,growth,CPR
p104,1x10,3,1.3724240856126508,TEM,growth,CPR
p104,1x11,4,-0.20741722839169907,TEM,growth,CPR
p238,00x0,1,0,TEM,growth,CPR
p238,00x1,2,0.10112529371221311,TEM,growth,CPR
p238,01x0,2,0.003505928076088752,TEM,growth,CPR
p238,01x1,3,-1.8530141486587215,TEM,growth,CPR
p238,10x0,2,-1.409817890195191,TEM,growth,CPR
p238,10x1,3,-0.055840403544033676,TEM,growth,CPR
p238,11x0,3,1.566989619719073,TEM,growth,CPR
p238,11x1,4,0.028573479849437436,TEM,growth,CPR
p276,000x,1,0,TEM,growth,CPR
p276,001x,2,0.1011252937122131,TEM,growth,CPR
p276,010x,2,0.1142600962734592,TEM,growth,CPR
p276,011x,3,-1.742259980461351,TEM,growth,CPR
p276,100x,2,-1.2160930103032193,TEM,growth,CPR
p276,101x,3,0.1378844763479384,TEM,growth,CPR
p276,110x,3,0.09645930221322394,TEM,growth,CPR
p276,111x,4,-1.4419568376564116,TEM,growth,CPR
