genotype,avg,pos,mutations,likely,enzyme_name,measure_type,cond
x000,-0.0501222959631252,p69,1,FALSE,TEM,growth,CPR
0x00,0.06445798922691845,p104,1,TRUE,TEM,growth,CPR
00x0,0.004321373782642578,p238,1,FALSE,TEM,growth,CPR
000x,-0.020451625295904902,p276,1,FALSE,TEM,growth,CPR
xx00,-0.9071257236159249,p69|p104,2,FALSE,TEM,growth,CPR
x0x0,-0.9778490988162439,p69|p238,2,FALSE,TEM,growth,CPR
x00x,-0.7621087439927937,p69|p276,2,FALSE,TEM,growth,CPR
0xx0,-5.935012633994097e-4,p104|p238,2,FALSE,TEM,growth,CPR
0x0x,0.027875643375111808,p104|p276,2,TRUE,TEM,growth,CPR
00xx,0.024730423275179894,p238|p276,2,FALSE,TEM,growth,CPR
xxx0,1.8839445959479129,p69|p104|p238,3,FALSE,TEM,growth,CPR
xx0x,0.7841953234221253,p69|p104|p276,3,FALSE,TEM,growth,CPR
x0xx,0.8852836879662023,p69|p238|p276,3,FALSE,TEM,growth,CPR
0xxx,-1.003430290092492,p104|p238|p276,3,FALSE,TEM,growth,CPR
xxxx,-0.7356438137423029,p69|p104|p238|p276,4,FALSE,TEM,growth,CPR
