mean,max,obs,geno,enzyme_name,measure_type,cond
-4.486395623672691e-4,0.06445798922691845,0,0000,TEM,growth,CPR
-0.23028187009868872,0.09233363260203026,-0.020451625295904902,0001,TEM,growth,CPR
-0.31994270294552507,0.06386448796351904,0.004321373782642578,0010,TEM,growth,CPR
-0.3153653763268667,0.007424018079206909,0.06445798922691845,0100,TEM,growth,CPR
-0.8662519429037688,-0.7825603692886987,-0.0501222959631252,1000,TEM,growth,CPR
-0.9082433047799108,-0.9047964508059606,0.00860017176191757,0011,TEM,growth,CPR
-0.9550667172238938,-0.9351614401497186,0.07188200730612536,0101,TEM,growth,CPR
-0.5112141855927432,-0.05115252244738125,0.06818586174616162,0110,TEM,growth,CPR
-0.047055190691994264,-0.030596767591769325,-0.8326826652518239,1001,TEM,growth,CPR
0.5840685511240951,1.0406833602955068,-1.0236500209967265,1010,TEM,growth,CPR
0.46966698357972525,0.909823369650912,-0.8927900303521317,1100,TEM,growth,CPR
0.1205739312058498,0.1205739312058498,-0.9030899869919435,0111,TEM,growth,CPR
0.11368022325794935,0.11368022325794935,-0.8961962790440431,1011,TEM,growth,CPR
0.08076337705749947,0.08076337705749947,-0.8632794328435932,1101,TEM,growth,CPR
-0.7995493950848741,-0.7995493950848741,0.01703333929878037,1110,TEM,growth,CPR
