MAE,Last MAE,Step,Enzyme,Linear MAE,Linear Last MAE
0.6129431092845645,0.750005153964169,1,TEM,0.62209375,1.5975000000000001
0.34901256476737813,1.4512612284726212,2,TEM,0.47495312500000003,1.228875
0.3490125647673781,5.584201036278048,3,TEM,0.34925,0.3492499999999997
