"id","effect","muts","cv","colors"
"0000",1,0,NA,"#FFDFDD"
"0001",1,1,NA,"#FFDFDD"
"0010",1,1,NA,"#FFDFDD"
"0100",1,1,NA,"#FFDFDD"
"1000",1,1,NA,"#FFDFDD"
"0011",1.80235294117647,2,NA,"#FFC6C3"
"0101",0.876431109356494,2,NA,"#FFE2E1"
"0110",0.816107382550336,2,NA,"#FFE6E4"
"1001",2.31252806466098,2,NA,"#FFB4B0"
"1010",0.0241221374045802,2,NA,"#FFFFFF"
"1100",2.76653517085916,2,NA,"#FFA6A2"
"0111",0.00372386093665467,3,NA,"#FFFFFF"
"1011",0.152743680271692,3,NA,"#FFFFFF"
"1101",0.397726237564425,3,NA,"#FFB8B4"
"1110",0.325476206448787,3,NA,"#FFFFFF"
"1111",383884.905896509,4,NA,"#FF4E45"
