pos,mutations,idiosync
p69,Order 1,3.332249696119544
p104,Order 1,2.7695314868291625
p238,Order 1,2.4076253583217255
p276,Order 1,2.557161482026664
p69|p104,Order 2,5.010289885092037
p69|p238,Order 2,4.762621907573956
p69|p276,Order 2,4.81951716976228
p104|p238,Order 2,4.201417981451398
p104|p276,Order 2,4.265804891224302
p238|p276,Order 2,3.9719836444578887
p69|p104|p238,Order 3,7.897252840522308
p69|p104|p276,Order 3,7.897252840522309
p69|p238|p276,Order 3,7.89725284052231
p104|p238|p276,Order 3,7.897252840522309
