"indices","sign","effect"
"238|276",0,0.255839839582292
"104|238|276",1,-2.31870161485383
"69|276",1,0.364087012007153
"69|238",0,-1.61758421303736
"69|238|276",1,-1.8136941109779
"69|104",1,0.44193619575493
"69|104|276",0,0.348325234284664
"69|104|238",0,-1.75138146527526
"69|104|238|276",0,0.750005153964169
