"id","effect","muts","cv","colors"
"0000",1,0,NA,"#FFDFDD"
"0001",1,1,NA,"#FFDFDD"
"0010",1,1,NA,"#FFDFDD"
"0100",1,1,NA,"#FFDFDD"
"1000",1,1,NA,"#FFDFDD"
"0011",1.80235294117647,2,NA,"#FFC6C3"
"0101",0.876431109356494,2,NA,"#FFE2E1"
"0110",0.816107382550336,2,NA,"#FFE6E4"
"1001",2.31252806466098,2,NA,"#FFB4B0"
"1010",0.0241221374045802,2,NA,"#FFFFFF"
"1100",2.76653517085916,2,NA,"#FFA6A2"
"0111",0.0048006316620608,3,NA,"#FFFFFF"
"1011",0.0153569824876516,3,NA,"#FFFFFF"
"1101",2.23010460396055,3,NA,"#FFB8B4"
"1110",0.0177263179466161,3,NA,"#FFFFFF"
"1111",5.62347998782483,4,NA,"#FF4E45"
