genotype,avg,pos,mutations,likely,enzyme_name,measure_type,cond
x000,-0.28066871301627333,p69,1,FALSE,TEM,growth,AMP
0x00,0.17318626841227402,p104,1,FALSE,TEM,growth,AMP
00x0,0.09691001300805642,p238,1,FALSE,TEM,growth,AMP
000x,0.2304489213782739,p276,1,TRUE,TEM,growth,AMP
xx00,0.4419361957549302,p69|p104,2,FALSE,TEM,growth,AMP
x0x0,-1.6175842130373606,p69|p238,2,FALSE,TEM,growth,AMP
x00x,0.3640870120071529,p69|p276,2,FALSE,TEM,growth,AMP
0xx0,-0.0882526934755579,p104|p238,2,FALSE,TEM,growth,AMP
0x0x,-0.057282215339909265,p104|p276,2,FALSE,TEM,growth,AMP
00xx,0.25583983958229245,p238|p276,2,TRUE,TEM,growth,AMP
xxx0,-0.4874807545172735,p69|p104|p238,3,FALSE,TEM,growth,AMP
xx0x,-0.40041575813750985,p69|p104|p276,3,FALSE,TEM,growth,AMP
x0xx,-0.8160367495299878,p69|p238|p276,3,TRUE,TEM,growth,AMP
0xxx,-2.429006545620657,p104|p238|p276,3,FALSE,TEM,growth,AMP
xxxx,5.584201036278048,p69|p104|p238|p276,4,TRUE,TEM,growth,AMP
