pos,mutations,idiosync
p21,Order 1,2.2345946855566456
p26,Order 1,1.1401449477878285
p28,Order 1,1.8117391651758163
p30,Order 1,1.7548023379402289
p94,Order 1,1.3288514177111268
p21|p26,Order 2,1.4393753287037128
p21|p28,Order 2,1.9063179709064524
p21|p30,Order 2,1.8759428369893136
p21|p94,Order 2,1.6117119127847197
p26|p28,Order 2,1.619370529974705
p26|p30,Order 2,1.5826160157752662
p26|p94,Order 2,1.5701878451584839
p28|p30,Order 2,2.2831548306909286
p28|p94,Order 2,1.9086136338606525
p30|p94,Order 2,1.951630958051905
p21|p26|p28,Order 3,2.3383067200980503
p21|p26|p30,Order 3,2.4113956540893198
p21|p26|p94,Order 3,2.166437939492173
p21|p28|p30,Order 3,3.0518686665082733
p21|p28|p94,Order 3,2.8622590209003134
p21|p30|p94,Order 3,2.9222726406053177
p26|p28|p30,Order 3,3.1323336738036667
p26|p28|p94,Order 3,2.9479041010783593
p26|p30|p94,Order 3,3.0062084545918912
p28|p30|p94,Order 3,3.5406726238829105
p21|p26|p28|p30,Order 4,5.085260194190932
p21|p26|p28|p94,Order 4,5.085260194190932
p21|p26|p30|p94,Order 4,5.085260194190932
p21|p28|p30|p94,Order 4,5.085260194190931
p26|p28|p30|p94,Order 4,5.085260194190932
