"model_order","R2","(Adjusted)","Delta R2"
"order1","0.553058801562351","0.467108571093573","0.553058801562351"
"order2","0.887891297125132","0.782789388179944","0.334832495562781"
"order3","0.947617535099289","0.729357264679658","0.0597262379741565"
"order4","0.983924082332292","0.501646552301045","0.0363065472330028"
