"indices","effect"
"INTERCEPT",-0.480849798537717
"21",-0.915143235271238
"26",-0.305476185922792
"28",-0.592900301760483
"30",-0.557978045404258
"94",-0.383526470054104
"21|26",-0.29682590436742
"21|28",-0.609095511030335
"21|30",-0.578589681434889
"21|94",-0.368596326172595
"26|28",-0.108639550452246
"26|30",-0.049259796424469
"26|94",-0.152751717658664
"28|30",-0.270198870623606
"28|94",-0.0754962204868695
"30|94",-0.088835212065539
"21|26|28",-0.126002839765984
"21|26|30",-0.0543702848603226
"21|26|94",-0.161786879926032
"21|28|30",-0.258886752575816
"21|28|94",-0.0806065093120305
"21|30|94",-0.0954461607317164
"26|28|30",0.110944971297519
"26|28|94",0.00791726197854926
"26|30|94",0.0497131371044428
"28|30|94",0.213329120446626
"21|26|28|30",0.115461629574354
"21|26|28|94",0.0147882072309677
"21|26|30|94",0.0654786098228401
"21|28|30|94",0.212978911775238
"26|28|30|94",0.226004805535547
