"indices","sign","effect"
"21|30|94",0,-0.476501915355016
"21|28|94",0,-0.283909697971471
"21|28|30",0,-1.51454699213749
"21|28|30|94",0,-2.39585834319129
"21|26|30|94",0,-1.77698686080311
"21|26|28|94",0,-2.03317371061794
"21|26|28|30",0,-2.4339821024809
"21|26|28|30|94",0,-2.76631700514805
