"genotype","predicted effect"
"AFST",-0.0207305640000023
"AFSA",-0.010034813
"VFST",-0.0125719693333337
"ALAT",-1.871401227
"ALSA",-1.47718745033333
"ALAA",-1.49931135366667
"VLST",-1.591021959
"VFAT",0.0301289816666657
"VFSA",-0.00947372366666693
"VLAT",-1.69289458933333
"VLSA",-1.369839253
"VFAA",-0.225849881666668
"VLAA",-1.63060721333333
"ALST",-1.62092214233333
"AFAT",-2.406197149
"AFAA",-1.98488430833334
