genotype,avg,pos,mutations
x000,-0.0118871597316481,p33,1
x001,-0.02161114901267737,p33,1
x010,2.4368266598604897,p33,1
x011,1.7725473728656451,p33,1
x100,0.026117757350863302,p33,1
x101,0.10712917818974232,p33,1
x110,0.1771466532127468,p33,1
x111,-0.12404050571539948,p33,1
0x00,-1.6161846340195687,p72,1
0x01,-1.4864979473153281,p72,1
0x10,0.5401234715299466,p72,1
0x11,0.49082253239705054,p72,1
1x00,-1.5781797169370573,p72,1
1x01,-1.3577576201129085,p72,1
1x10,-1.7195565351177962,p72,1
1x11,-1.405765346183994,p72,1
00x0,-2.40340290437354,p212,1
00x1,-1.995803885406392,p212,1
01x0,-0.24709479882402463,p212,1
01x1,-0.0184834056940133,p212,1
10x0,0.04531091521859783,p212,1
10x1,-0.2016453635280694,p212,1
11x0,-0.09606590296214113,p212,1
11x1,-0.2496530895991551,p212,1
000x,0.012837224705172217,p213,1
001x,0.42043624367232013,p213,1
010x,0.14252391140941278,p213,1
011x,0.3711353045394241,p213,1
100x,0.003113235424142949,p213,1
101x,-0.24384304332252427,p213,1
110x,0.2235353322482918,p213,1
111x,0.06994814561127782,p213,1
xx00,0.0380049170825114,p33|p72,2
xx01,0.12874032720241968,p33|p72,2
xx10,-2.259680006647743,p33|p72,2
xx11,-1.8965878785810446,p33|p72,2
x0x0,2.448713819592138,p33|p212,2
x0x1,1.7941585218783225,p33|p212,2
x1x0,0.1510288958618835,p33|p212,2
x1x1,-0.2311696839051418,p33|p212,2
x00x,-0.00972398928102927,p33|p213,2
x01x,-0.6642792869948446,p33|p213,2
x10x,0.08101142083887902,p33|p213,2
x11x,-0.3011871589281463,p33|p213,2
0xx0,2.156308105549515,p72|p212,2
0xx1,1.9773204797123787,p72|p212,2
1xx0,-0.14137681818073888,p72|p212,2
1xx1,-0.04800772607108561,p72|p212,2
0x0x,0.12968668670424055,p72|p213,2
0x1x,-0.049300939132896016,p72|p213,2
1x0x,0.22042209682414882,p72|p213,2
1x1x,0.3137911889338021,p72|p213,2
00xx,0.4075990189671479,p212|p213,2
01xx,0.22861139313001133,p212|p213,2
10xx,-0.2469562787466672,p212|p213,2
11xx,-0.15358718663701398,p212|p213,2
xxx0,-2.2976849237302543,p33|p72|p212,3
xxx1,-2.025328205783464,p33|p72|p212,3
xx0x,0.09073541011990828,p33|p72|p213,3
xx1x,0.36309212806669855,p33|p72|p213,3
x0xx,-0.6545552977138154,p33|p212|p213,3
x1xx,-0.3821985797670253,p33|p212|p213,3
0xxx,-0.17898762583713634,p72|p212|p213,3
1xxx,0.09336909210965327,p72|p212|p213,3
xxxx,0.2723567179467903,p33|p72|p212|p213,4
