"model_order","R2","(Adjusted)","Delta R2"
"order1","0.614587767031185","0.5787354662899","0.614587767031185"
"order2","0.883898797689057","0.852520094361775","0.269311030657872"
"order3","0.99082109527824","0.986927014487191","0.106922297589183"
"order4","0.99125586893718","0.987157057501482","0.000434773658939513"
