"id","effect","muts","cv","colors","enz"
"0000",0,0,0.137368471347275,"#FFFFFF","OXA-48"
"0001",0.0128372247051722,1,0.157023854715216,"#FFFFFF","OXA-48"
"0010",-2.40340290437354,1,0.0195217099389146,"#45D7FF","OXA-48"
"0100",-1.61618463401957,1,0.0357651213384106,"#80E3FF","OXA-48"
"1000",-0.0118871597316481,1,0.00608386011383512,"#FFFFFF","OXA-48"
"0011",-1.98296666070122,2,0.00735753253680254,"#66DEFF","OXA-48"
"0101",-1.47366072261016,2,0.0225434629505294,"#8BE6FF","OXA-48"
"0110",-1.86327943284359,2,0.0441994412193606,"#6DDFFF","OXA-48"
"1001",-0.00877392430750515,2,0.00575717894512591,"#FFFFFF","OXA-48"
"1010",0.0334237554869497,2,0.0144631203985486,"#FFFBFB","OXA-48"
"1100",-1.59006687666871,2,0.00903912325312976,"#84E4FF","OXA-48"
"0111",-1.49214412830417,3,0.0508802789765393,"#8BE6FF","OXA-48"
"1011",-0.210419287835575,3,0.096901864427536,"#F0FBFF","OXA-48"
"1101",-1.36653154442041,3,0.0211195155888099,"#96E8FF","OXA-48"
"1110",-1.68613277963085,3,0.0441924402901709,"#7CE3FF","OXA-48"
"1111",-1.61618463401957,4,0.101255358884901,"#80E3FF","OXA-48"
