genotype,avg,pos,mutations,likely,enzyme_name,measure_type,cond
x000,-0.0118871597316481,p33,1,FALSE,OXA-48,ic50,PIPtraj1
0x00,-1.6161846340195687,p72,1,FALSE,OXA-48,ic50,PIPtraj1
00x0,-2.40340290437354,p212,1,FALSE,OXA-48,ic50,PIPtraj1
000x,0.012837224705172217,p213,1,TRUE,OXA-48,ic50,PIPtraj1
xx00,0.0380049170825114,p33|p72,2,FALSE,OXA-48,ic50,PIPtraj1
x0x0,2.448713819592138,p33|p212,2,FALSE,OXA-48,ic50,PIPtraj1
x00x,-0.00972398928102927,p33|p213,2,TRUE,OXA-48,ic50,PIPtraj1
0xx0,2.156308105549515,p72|p212,2,FALSE,OXA-48,ic50,PIPtraj1
0x0x,0.12968668670424055,p72|p213,2,FALSE,OXA-48,ic50,PIPtraj1
00xx,0.4075990189671479,p212|p213,2,FALSE,OXA-48,ic50,PIPtraj1
xxx0,-2.2976849237302543,p33|p72|p212,3,FALSE,OXA-48,ic50,PIPtraj1
xx0x,0.09073541011990828,p33|p72|p213,3,FALSE,OXA-48,ic50,PIPtraj1
x0xx,-0.6545552977138154,p33|p212|p213,3,TRUE,OXA-48,ic50,PIPtraj1
0xxx,-0.17898762583713634,p72|p212|p213,3,FALSE,OXA-48,ic50,PIPtraj1
xxxx,0.2723567179467903,p33|p72|p212|p213,4,TRUE,OXA-48,ic50,PIPtraj1
