mean,max,obs,geno,enzyme_name,measure_type,cond
-1.004659368354896,0.012837224705172217,0,0000,OXA-48,ic50,PIPtraj1
-1.1679709939114657,-0.02161114901267737,0.012837224705172217,0001,OXA-48,ic50,PIPtraj1
1.1324621250209188,2.4368266598604897,-2.40340290437354,0010,OXA-48,ic50,PIPtraj1
-0.026151043354582848,0.14252391140941278,-1.6161846340195687,0100,OXA-48,ic50,PIPtraj1
-0.5099185220981055,0.04531091521859783,-0.0118871597316481,1000,OXA-48,ic50,PIPtraj1
1.131684952631348,1.7725473728656451,-1.9829666607012197,0011,OXA-48,ic50,PIPtraj1
0.04432288624786451,0.10712917818974232,-1.473660722610156,0101,OXA-48,ic50,PIPtraj1
0.27414097887608546,0.3711353045394241,-1.8632794328435933,0110,OXA-48,ic50,PIPtraj1
-0.779701491820489,-0.2016453635280694,-0.00877392430750515,1001,OXA-48,ic50,PIPtraj1
-0.9816997892201602,-0.24384304332252427,0.03342375548694973,1010,OXA-48,ic50,PIPtraj1
0.06373471464307534,0.2235353322482918,-1.5900668766687054,1100,OXA-48,ic50,PIPtraj1
-0.12404050571539948,-0.12404050571539948,-1.4921441283041692,0111,OXA-48,ic50,PIPtraj1
-1.405765346183994,-1.405765346183994,-0.21041928783557454,1011,OXA-48,ic50,PIPtraj1
-0.2496530895991551,-0.2496530895991551,-1.3665315444204136,1101,OXA-48,ic50,PIPtraj1
0.06994814561127782,0.06994814561127782,-1.6861327796308465,1110,OXA-48,ic50,PIPtraj1
