"genotype","predicted effect"
"DHLLFI",-0.024634347883489
"DHLLFF",-0.396726442148441
"DHLLII",-0.438807209544988
"DHLLIF",-0.825977260929068
"DHLMFI",0.21775894623795
"DHLMFF",-0.0246343478834912
"DHLMII",-0.328277959150159
"DHLMIF",-0.604297789844775
"DHFLFI",0.186002350118464
"DHFLFF",0.437763650015466
"DHFLII",-0.334438267854977
"DHFLIF",-0.110261677475383
"DHFMFI",0.240183475126045
"DHFMFF",0.572409053271312
"DHFMII",-0.287836690901877
"DHFMIF",-0.0826262948611775
"DRLLFI",1.60097569808928
"DRLLFF",1.55629062779213
"DRLLII",0.835104218313658
"DRLLIF",0.520178685429939
"DRLMFI",1.80079176988433
"DRLMFF",1.8678671259815
"DRLMII",1.10018130927602
"DRLMIF",1.18755325652047
"DRFLFI",1.54239201827557
"DRFLFF",1.57730256399568
"DRFLII",0.533836870214594
"DRFLIF",1.13372814421176
"DRFMFI",1.68455054795334
"DRFMFF",1.78290068018536
"DRFMII",1.4899134047768
"DRFMIF",1.88616875874253
"EHLLFI",0.386362183901082
"EHLLFF",-0.0160341761215729
"EHLLII",-0.164895781686343
"EHLLIF",-0.436289553323734
"EHLMFI",0.388665416197762
"EHLMFF",0.0853321882371007
"EHLMII",-0.0843860551268217
"EHLMIF",0.0652707635559078
"EHFLFI",0.323670515164671
"EHFLFF",0.234149362426121
"EHFLII",-0.111448275158651
"EHFLIF",-0.350692349249402
"EHFMFI",0.485532190640037
"EHFMFF",0.174022739070933
"EHFMII",-0.107654300563108
"EHFMIF",-0.277265106493121
"ERLLFI",1.75206683610492
"ERLLFF",1.46554342994871
"ERLLII",1.37874278703089
"ERLLIF",1.03227050345298
"ERLMFI",1.92281083138117
"ERLMFF",1.68463561309234
"ERLMII",1.52190831559464
"ERLMIF",1.30109615205673
"ERFLFI",1.78050920355598
"ERFLFF",1.72664475609985
"ERFLII",1.76494636428094
"ERFLIF",1.85522301656863
"ERFMFI",1.7402886367664
"ERFMFF",1.86599381833835
"ERFMII",2.01497320267109
"ERFMIF",1.85503485774856
