"indices","effect"
"INTERCEPT",0.743005671126523
"233",0.217552913132146
"254",1.5616401580179
"271",0.215608483850755
"272",0.21016768952709
"306",-0.427825339860385
"313",-0.0646004204772821
"233|254",0.0676316271834307
"233|271",-0.0474316602525351
"233|272",-0.084199537016284
"233|306",0.131365402145093
"233|313",-0.10584683298186
"254|271",0.0160408714264781
"254|272",0.0805143453231674
"254|306",0.0565313204507171
"254|313",0.0542529189770258
"271|272",-0.032213894071955
"271|306",0.0851557208387365
"271|313",0.148042590947916
"272|306",0.062865786080464
"272|313",0.0358540721619639
"306|313",0.0250536813484783
"233|254|271",0.13384972839623
"233|254|272",-0.0626331815081762
"233|254|306",0.0881413765291672
"233|254|313",-0.0200311692778684
"233|271|272",-0.0277638278774758
"233|271|306",0.000342490344379841
"233|271|313",-0.078558642844704
"233|272|306",-0.0236937989001993
"233|272|313",-0.00640897019711774
"233|306|313",-0.000548674480096678
"254|271|272",0.0421869804691257
"254|271|306",0.140293597826478
"254|271|313",0.00375320397684084
"254|272|306",0.0593020125547099
"254|272|313",-0.00602754011645136
"254|306|313",0.00174968297339908
"271|272|306",0.0229071691621741
"271|272|313",-0.0547102376908459
"271|306|313",0.00988127839683559
"272|306|313",0.00520683832290739
"233|254|271|272",-0.0388167810907423
"233|254|271|306",0.0201806883529735
"233|254|271|313",0.0635331120501768
"233|254|272|306",-0.0768658518763771
"233|254|272|313",-0.0104971943827398
"233|254|306|313",-0.0492657210194607
"233|271|272|306",-0.0463046126733381
"233|271|272|313",-0.00260991413049472
"233|271|306|313",-0.0530521230731884
"233|272|306|313",0.0111141823760764
"254|271|272|306",0.043858868120988
"254|271|272|313",-0.00147150706737509
"254|271|306|313",0.0534882976888004
"254|272|306|313",-0.025770035002606
"271|272|306|313",-0.036748653221502
"233|254|271|272|306",-0.00439202643813141
"233|254|271|272|313",0.0282099493775257
"233|254|271|306|313",-0.0226820285224326
"233|254|272|306|313",-0.0346100724545877
"233|271|272|306|313",0.00315725011664261
"254|271|272|306|313",-0.0297956666965053
