MAE,Last MAE,Step,Enzyme,Linear MAE,Linear Last MAE
0.32067900005091793,1.0787065106082334,1,OXA-48,0.15378729831288668,0.2365160345897944
0.06953943703474225,0.3217269123033908,2,OXA-48,0.0701737172118536,0.054950261429452585
0.017026465553886063,0.2724234488621766,3,OXA-48,0.052995790556540245,0.051627018974934526
3.7730235602495554e-17,2.220446049250313e-16,4,OXA-48,0.04862410599559751,0.05767985822222251
