genotype,avg,pos,mutations
x000,0.11394335230683679,p33,1
x001,0.08069446876986533,p33,1
x010,-0.030223982605873265,p33,1
x011,-0.07169322465507488,p33,1
x100,0.06885577943794424,p33,1
x101,-0.09848640124301133,p33,1
x110,0.023065304068693226,p33,1
x111,0.1199262137376842,p33,1
0x00,0.35602585719312274,p72,1
0x01,1.15987571481749,p72,1
0x10,0.9658457237656944,p72,1
0x11,1.2194820163372495,p72,1
1x00,0.3109382843242302,p72,1
1x01,0.9806948448046134,p72,1
1x10,1.019135010440261,p72,1
1x11,1.4111014547300085,p72,1
00x0,0.07554696139253074,p212,1
00x1,0.28481445142579015,p212,1
01x0,0.6853668279651024,p212,1
01x1,0.3444207529455494,p212,1
10x0,-0.06862037352017931,p212,1
10x1,0.13242675800084996,p212,1
11x0,0.6395763525958513,p212,1
11x1,0.5628333679262449,p212,1
000x,-0.019996628416253676,p213,1
001x,0.18927086161700574,p213,1
010x,0.7838532292081137,p213,1
011x,0.44290715418856075,p213,1
100x,-0.05324551195322514,p213,1
101x,0.14780161956780413,p213,1
110x,0.6165110485271581,p213,1
111x,0.5397680638575517,p213,1
xx00,-0.04508757286889255,p33|p72,2
xx01,-0.17918087001287666,p33|p72,2
xx10,0.05328928667456649,p33|p72,2
xx11,0.19161943839275908,p33|p72,2
x0x0,-0.14416733491271005,p33|p212,2
x0x1,-0.1523876934249402,p33|p212,2
x1x0,-0.045790475369251016,p33|p212,2
x1x1,0.21841261498069553,p33|p212,2
x00x,-0.03324888353697146,p33|p213,2
x01x,-0.04146924204920162,p33|p213,2
x10x,-0.16734218068095558,p33|p213,2
x11x,0.09686090966899097,p33|p213,2
0xx0,0.6098198665725717,p72|p212,2
0xx1,0.05960630151975943,p72|p212,2
1xx0,0.7081967261160308,p72|p212,2
1xx1,0.43040660992539503,p72|p212,2
0x0x,0.8038498576243673,p72|p213,2
0x1x,0.25363629257155507,p72|p213,2
1x0x,0.6697565604803832,p72|p213,2
1x1x,0.3919664442897475,p72|p213,2
00xx,0.2092674900332594,p212|p213,2
01xx,-0.340946075019553,p212|p213,2
10xx,0.20104713152102927,p212|p213,2
11xx,-0.07674298466960638,p212|p213,2
xxx0,0.09837685954345904,p33|p72|p212,3
xxx1,0.3708003084056357,p33|p72|p212,3
xx0x,-0.1340932971439841,p33|p72|p213,3
xx1x,0.13833015171819257,p33|p72|p213,3
x0xx,-0.008220358512230158,p33|p212|p213,3
x1xx,0.26420309034994655,p33|p212|p213,3
0xxx,-0.5502135650528123,p72|p212|p213,3
1xxx,-0.27779011619063576,p72|p212|p213,3
xxxx,0.2724234488621767,p33|p72|p212|p213,4
