p33,x000,1,0,OXA-48,ic50,CAZtraj1
p33,x001,2,-0.03324888353697146,OXA-48,ic50,CAZtraj1
p33,x010,2,-0.14416733491271005,OXA-48,ic50,CAZtraj1
p33,x011,3,-0.18563657696191166,OXA-48,ic50,CAZtraj1
p33,x100,2,-0.04508757286889255,OXA-48,ic50,CAZtraj1
p33,x101,3,-0.2124297535498481,OXA-48,ic50,CAZtraj1
p33,x110,3,-0.09087804823814356,OXA-48,ic50,CAZtraj1
p33,x111,4,0.005982861430847405,OXA-48,ic50,CAZtraj1
p72,0x00,1,0,OXA-48,ic50,CAZtraj1
p72,0x01,2,0.8038498576243673,OXA-48,ic50,CAZtraj1
p72,0x10,2,0.6098198665725717,OXA-48,ic50,CAZtraj1
p72,0x11,3,0.8634561591441268,OXA-48,ic50,CAZtraj1
p72,1x00,2,-0.045087572868892534,OXA-48,ic50,CAZtraj1
p72,1x01,3,0.6246689876114907,OXA-48,ic50,CAZtraj1
p72,1x10,3,0.6631091532471383,OXA-48,ic50,CAZtraj1
p72,1x11,4,1.0550755975368857,OXA-48,ic50,CAZtraj1
p212,00x0,1,0,OXA-48,ic50,CAZtraj1
p212,00x1,2,0.2092674900332594,OXA-48,ic50,CAZtraj1
p212,01x0,2,0.6098198665725717,OXA-48,ic50,CAZtraj1
p212,01x1,3,0.26887379155301866,OXA-48,ic50,CAZtraj1
p212,10x0,2,-0.14416733491271005,OXA-48,ic50,CAZtraj1
p212,10x1,3,0.056879796608319225,OXA-48,ic50,CAZtraj1
p212,11x0,3,0.5640293912033206,OXA-48,ic50,CAZtraj1
p212,11x1,4,0.4872864065337142,OXA-48,ic50,CAZtraj1
p213,000x,1,0,OXA-48,ic50,CAZtraj1
p213,001x,2,0.20926749003325942,OXA-48,ic50,CAZtraj1
p213,010x,2,0.8038498576243674,OXA-48,ic50,CAZtraj1
p213,011x,3,0.4629037826048144,OXA-48,ic50,CAZtraj1
p213,100x,2,-0.03324888353697146,OXA-48,ic50,CAZtraj1
p213,101x,3,0.16779824798405782,OXA-48,ic50,CAZtraj1
p213,110x,3,0.6365076769434118,OXA-48,ic50,CAZtraj1
p213,111x,4,0.5597646922738054,OXA-48,ic50,CAZtraj1
