"indices","effect"
"INTERCEPT",0.5508452562
"33",0.0270736476833331
"72",0.925613978870834
"212",0.333369706108333
"213",0.3297417501625
"33|72",0.00322678787916683
"33|212",-0.0179992570249999
"33|213",-0.0150776092458333
"72|212",0.2276910047875
"72|213",0.263929327566667
"212|213",-0.00036071125416654
"33|72|212",0.0532361456291666
"33|72|213",4.65556833333291e-05
"33|212|213",0.0319101971708333
"72|212|213",-0.0988711776416666
"33|72|212|213",0.0337067485583334
