"indices","sign","effect"
"212|213",0,0.209267490033259
"72|213",0,0.803849857624367
"72|212",0,0.609819866572572
"72|212|213",0,1.07272364917739
"33|72|213",0,0.591420104074519
"33|72|212",0,0.518941818334428
"33|72|212|213",0,1.07870651060823
