mean,max,obs,geno,enzyme_name,measure_type,cond
0.13137988561905914,0.35602585719312274,0,0000,OXA-48,ic50,CAZtraj1
0.5084615450043819,1.15987571481749,-0.019996628416253676,0001,OXA-48,ic50,CAZtraj1
0.37496420092560895,0.9658457237656944,0.07554696139253074,0010,OXA-48,ic50,CAZtraj1
0.5126919455370534,0.7838532292081137,0.35602585719312274,0100,OXA-48,ic50,CAZtraj1
0.06302413295027526,0.3109382843242302,0.11394335230683679,1000,OXA-48,ic50,CAZtraj1
0.5738943958410874,1.2194820163372495,0.2648178230095365,0011,OXA-48,ic50,CAZtraj1
0.12296717585126904,0.3444207529455494,1.1398790864012365,0101,OXA-48,ic50,CAZtraj1
0.232986229128627,0.44290715418856075,1.0413926851582251,0110,OXA-48,ic50,CAZtraj1
0.5565608014027317,0.9806948448046134,0.06069784035361165,1001,OXA-48,ic50,CAZtraj1
0.5834683150040325,1.019135010440261,0.045322978786657475,1010,OXA-48,ic50,CAZtraj1
0.6280437005615047,0.6395763525958513,0.424881636631067,1100,OXA-48,ic50,CAZtraj1
0.1199262137376842,0.1199262137376842,1.4842998393467859,0111,OXA-48,ic50,CAZtraj1
1.4111014547300085,1.4111014547300085,0.1931245983544616,1011,OXA-48,ic50,CAZtraj1
0.5628333679262449,0.5628333679262449,1.0413926851582251,1101,OXA-48,ic50,CAZtraj1
0.5397680638575517,0.5397680638575517,1.0644579892269184,1110,OXA-48,ic50,CAZtraj1
