"id","effect","muts","cv","colors"
"00000",1,0,NA,"#FFFFFF"
"00001",1,1,NA,"#FFFFFF"
"00010",1,1,NA,"#FFFFFF"
"00100",1,1,NA,"#FFFFFF"
"01000",1,1,NA,"#FFFFFF"
"10000",1,1,NA,"#FFFFFF"
"00011",38.044098545085,2,NA,"#FFFFFF"
"00101",962.30406988648,2,NA,"#FFEDEC"
"00110",1.13192014817864,2,NA,"#FFFFFF"
"01001",22.4421593830334,2,NA,"#FFFFFF"
"01010",4.11205073995772,2,NA,"#FFFFFF"
"01100",3.44247787610619,2,NA,"#FFFFFF"
"10001",1,2,NA,"#FFFFFF"
"10010",1.05708245243129,2,NA,"#FFFFFF"
"10100",1.11504424778761,2,NA,"#FFFFFF"
"11000",1,2,NA,"#FFFFFF"
"00111",0.0245474155844156,3,NA,"#FFEDEC"
"01011",0.32740795287187,3,NA,"#FFE9E8"
"01101",0.0786424356651745,3,NA,"#FF9893"
"01110",0.154130622980287,3,NA,"#FFFFFF"
"10011",28.5827142857143,3,NA,"#FFE9E8"
"10101",0.896825396825397,3,NA,"#FFEDEC"
"10110",0.883454545454545,3,NA,"#FFFFFF"
"11001",48.4536082474227,3,NA,"#FFEDEC"
"11010",0.24318766066838,3,NA,"#FFFFFF"
"11100",1.23342310360305,3,NA,"#FFFFFF"
"01111",6.16916166905437,4,NA,"#FF716A"
"10111",0.227612555435214,4,NA,"#FF918B"
"11011",0.00280879478138051,4,NA,"#FFE9E8"
"11101",0.0140631440431216,4,NA,"#FFA6A2"
"11110",4.71744543478108,4,NA,"#FFFFFF"
"11111",76.8450006755356,5,NA,"#FF4E45"
