"genotype","predicted effect"
"gAEMG",0.0588858699424897
"gAEMS",0.530748287838799
"gAETG",-0.0828389427068151
"gAETS",2.20609428461697
"gAKMG",-0.00530756908299189
"gAKMS",3.68488769806837
"gAKTG",0.143164558335373
"gAKTS",3.56711595818339
"gGEMG",-0.0588858699424928
"gGEMS",1.99999676953513
"gGETG",0.648520027723785
"gGETS",3.56711595818339
"gGKMG",0.648520027723785
"gGKMS",4.35132567794892
"gGKTG",0.362525863391825
"gGKTS",4.57557065087616
"aAEMG",-0.0588858699424928
"aAEMS",0.648520027723783
"aAETG",0.0588858699424918
"aAETS",3.56711595818339
"aAKMG",0.158385557958174
"aAKMS",3.56711595818339
"aAKTG",0.0406138180731886
"aAKTS",4.4690974178339
"aGEMG",0.0588858699424921
"aGEMS",3.56711595818339
"aGETG",-0.0588858699424934
"aGETS",3.68488769806837
"aGKMG",0.669328276060631
"aGKMS",4.39244169438297
"aGKTG",0.648520027723784
"aGKTS",4.55994645778503
