pos,mutations,idiosync
p4205,Order 1,1.173764069433045
p42,Order 1,1.5447582947575171
p104,Order 1,2.0590228767294767
p182,Order 1,1.7768049809615514
p238,Order 1,2.3287790358346934
p4205|p42,Order 2,1.821000864666775
p4205|p104,Order 2,1.500701315944487
p4205|p182,Order 2,1.8551410001680655
p4205|p238,Order 2,1.468605242695051
p42|p104,Order 2,1.9540900574398836
p42|p182,Order 2,2.241326164314483
p42|p238,Order 2,2.1334191499679824
p104|p182,Order 2,1.8893471809261766
p104|p238,Order 2,2.2343539900784655
p182|p238,Order 2,2.0522084644965557
p4205|p42|p104,Order 3,2.40235631273806
p4205|p42|p182,Order 3,2.849522184591918
p4205|p42|p238,Order 3,2.3953269275409417
p4205|p104|p182,Order 3,2.188457215689149
p4205|p104|p238,Order 3,1.5515023023583097
p4205|p182|p238,Order 3,2.180738457805571
p42|p104|p182,Order 3,2.945145844451436
p42|p104|p238,Order 3,2.5083258270031017
p42|p182|p238,Order 3,2.939414785555091
p104|p182|p238,Order 3,2.3042846147905185
p4205|p42|p104|p182,Order 4,2.666663181458581
p4205|p42|p104|p238,Order 4,2.6666631814585804
p4205|p42|p182|p238,Order 4,2.666663181458581
p4205|p104|p182|p238,Order 4,2.666663181458581
p42|p104|p182|p238,Order 4,2.666663181458581
