"model_order","R2","(Adjusted)","Delta R2"
"order1","0.876155055449455","0.852338719958966","0.876155055449455"
"order2","0.961002218487472","0.924441798319478","0.0848471630380174"
"order3","0.987929529396179","0.937635901880256","0.0269273109087065"
"order4","0.998930039696376","0.966831230587661","0.0110005103001972"
