"indices","effect"
"INTERCEPT",1.75532900314988
"4205",0.235978099970244
"42",0.691458145905829
"104",0.968498502880982
"182",0.484023210734212
"238",3.10672905064966
"4205|42",-0.0575342241247856
"4205|104",-0.0887723071507144
"4205|182",0.0118860274127036
"4205|238",0.260695135666392
"42|104",-0.11856998611329
"42|182",-0.189089159487334
"42|238",0.365755013385592
"104|182",-0.371541031864286
"104|238",0.705989818485132
"182|238",0.447825828249019
"4205|42|104",-0.00659800969181329
"4205|42|182",-0.27014594989328
"4205|42|238",-0.0115433235428112
"4205|104|182",0.108358352425055
"4205|104|238",-0.205475542708809
"4205|182|238",0.0827284069533551
"42|104|182",0.0978438115325316
"42|104|238",-0.290876310997123
"42|182|238",-0.223599713280262
"104|182|238",-0.266318143095236
"4205|42|104|182",0.202012996673002
"4205|42|104|238",-0.114003916746243
"4205|42|182|238",-0.200990399044894
"4205|104|182|238",0.037780460711463
"42|104|182|238",0.216730065376006
