"genotype","predicted effect"
"PALWI",-0.0124266297812549
"PALWL",0.632332048781249
"PALGI",0.35868713378125
"PALGL",2.72631104821875
"PARWI",1.14215979778125
"PARWL",2.34809707921875
"PARGI",1.81576337121875
"PARGL",3.11053157578125
"PTLWI",0.354099795781249
"PTLWL",1.27199109121875
"PTLGI",1.31109611121875
"PTLGL",3.68843257378125
"PTRWI",1.81540519621875
"PTRWL",3.36648609878125
"PTRGI",3.03003338778125
"PTRGL",4.56910097821875
"LALWI",0.364645157781249
"LALWL",1.79175583621875
"LALGI",1.47213435921875
"LALGL",3.06227214378125
"LARWI",1.68821467321875
"LARWL",2.78703652578125
"LARGI",2.88333982778125
"LARGL",4.18562553121875
"LTLWI",1.01082839021875
"LTLWL",2.81178518478125
"LTLGI",2.61903690378125
"LTLGL",4.64633820721875
"LTRWI",3.09677199678125
"LTRWL",4.26956983221875
"LTRGI",4.37612581521875
"LTRGL",5.97828073778125
