"indices","effect"
"INTERCEPT",2.45537068065625
"21",0.9697287790625
"26",1.1161814263125
"28",1.3970764418125
"30",1.3183973519375
"94",1.4950019503125
"21|26",0.2055327003125
"21|28",0.0386946528125
"21|30",0.1069208891875
"21|94",0.00769390906249974
"26|28",0.2014442813125
"26|30",0.2092910391875
"26|94",0.1285714380625
"28|30",-0.1390148488125
"28|94",-0.1491376636875
"30|94",0.267582535437499
"21|26|28",0.0209745480625003
"21|26|30",-0.0269027153124999
"21|26|94",0.0195354165625003
"21|28|30",0.1091413286875
"21|28|94",-0.0595431171874998
"21|30|94",-0.1398084663125
"26|28|30",-0.0373465935624997
"26|28|94",-0.0081604119374997
"26|30|94",-0.00469085406249964
"28|30|94",-0.1788777168125
"21|26|28|30",-0.0464540893125002
"21|26|28|94",-0.0464851421875002
"21|26|30|94",0.0408421839374997
"21|28|30|94",0.2093088821875
"26|28|30|94",0.0203219791874996
