"id","effect","muts","cv","colors"
"00000",1,0,NA,"#FFFFFF"
"00001",1,1,NA,"#FFFFFF"
"00010",1,1,NA,"#FFFFFF"
"00100",1,1,NA,"#FFFFFF"
"01000",1,1,NA,"#FFFFFF"
"10000",1,1,NA,"#FFFFFF"
"00011",59.195886534016,2,NA,"#FFF7F7"
"00101",4.06785682565059,2,NA,"#FFFFFF"
"00110",2.24557891224558,2,NA,"#FFFFFF"
"01001",2.09287115761936,2,NA,"#FFFFFF"
"01010",4.32022932022932,2,NA,"#FFFFFF"
"01100",2.26599326599327,2,NA,"#FFFFFF"
"10001",6.78923527844391,2,NA,"#FFFFFF"
"10010",6.10610610610611,2,NA,"#FFFFFF"
"10100",1.65267489711934,2,NA,"#FFFFFF"
"11000",2.14141414141414,2,NA,"#FFFFFF"
"00111",10.0020084032874,3,NA,"#FFFFFF"
"01011",232.737642809585,3,NA,"#FFE2E1"
"01101",18.248027840354,3,NA,"#FFFBFB"
"01110",15.7733491066824,3,NA,"#FFFBFB"
"10011",53.7707971760729,3,NA,"#FFF7F7"
"10101",4.69747658663193,3,NA,"#FFFFFF"
"10110",11.0184258332407,3,NA,"#FFFFFF"
"11001",30.5210377152823,3,NA,"#FFFBFB"
"11010",36.7640367640368,3,NA,"#FFFBFB"
"11100",18.1069958847737,3,NA,"#FFFBFB"
"01111",138.936989456574,4,NA,"#FFEDEC"
"10111",56.1890605411344,4,NA,"#FFF7F7"
"11011",995.108908777974,4,NA,"#FF8A84"
"11101",68.5422481319096,4,NA,"#FFF7F7"
"11110",165.148313296461,4,NA,"#FFE9E8"
"11111",1493.63325489091,5,NA,"#FF4E45"
