genotype,avg,pos,mutations,likely,enzyme_name,measure_type,cond
x0000,0.3521825181113625,p21,1,FALSE,DHFR,ki,trajg
0x000,0.3424226808222063,p26,1,FALSE,DHFR,ki,trajg
00x00,1.130333768495006,p28,1,TRUE,DHFR,ki,trajg
000x0,0.3463529744506387,p30,1,FALSE,DHFR,ki,trajg
0000x,0.6201360549737575,p94,1,FALSE,DHFR,ki,trajg
xx000,0.33070066633120143,p21|p26,2,FALSE,DHFR,ki,trajg
x0x00,0.21818743053865086,p21|p28,2,FALSE,DHFR,ki,trajg
x00x0,0.7857643467847848,p21|p30,2,FALSE,DHFR,ki,trajg
x000x,0.8318208592502303,p21|p94,2,FALSE,DHFR,ki,trajg
0xx00,0.35525861490676436,p26|p28,2,FALSE,DHFR,ki,trajg
0x0x0,0.6355068000248477,p26|p30,2,FALSE,DHFR,ki,trajg
0x00x,0.32074249290758594,p26|p94,2,FALSE,DHFR,ki,trajg
00xx0,0.351328321278332,p28|p30,2,FALSE,DHFR,ki,trajg
00x0x,0.6093656588711243,p28|p94,2,TRUE,DHFR,ki,trajg
000xx,1.772291529059973,p30|p94,2,FALSE,DHFR,ki,trajg
xxx00,0.35369969111125876,p21|p26|p28,3,FALSE,DHFR,ki,trajg
xx0x0,-0.18654862141443618,p21|p26|p30,3,FALSE,DHFR,ki,trajg
xx00x,0.0013352770572377937,p21|p26|p94,3,FALSE,DHFR,ki,trajg
x0xx0,-0.3131605458981994,p21|p28|p30,3,FALSE,DHFR,ki,trajg
x0x0x,-0.9875093245115818,p21|p28|p94,3,FALSE,DHFR,ki,trajg
x00xx,-1.6593302599605653,p21|p30|p94,3,FALSE,DHFR,ki,trajg
0xxx0,-0.14416982067901485,p26|p28|p30,3,FALSE,DHFR,ki,trajg
0xx0x,-0.024150831829043762,p26|p28|p94,3,TRUE,DHFR,ki,trajg
0x0xx,-0.3616741905649239,p26|p30|p94,3,FALSE,DHFR,ki,trajg
00xxx,-1.7328982941207753,p28|p30|p94,3,FALSE,DHFR,ki,trajg
xxxx0,-0.1686927404988704,p21|p26|p28|p30,4,FALSE,DHFR,ki,trajg
xxx0x,-0.17349218978803338,p21|p26|p28|p94,4,FALSE,DHFR,ki,trajg
xx0xx,0.5272617148305346,p21|p26|p30|p94,4,FALSE,DHFR,ki,trajg
x0xxx,1.873792049631684,p21|p28|p30|p94,4,FALSE,DHFR,ki,trajg
0xxxx,0.3612176043152304,p26|p28|p30|p94,4,TRUE,DHFR,ki,trajg
xxxxx,-0.40240226326686057,p21|p26|p28|p30|p94,5,TRUE,DHFR,ki,trajg
