MAE,Last MAE,Step,Enzyme,Linear MAE,Linear Last MAE
0.30706056636006135,1.1631271377077534,1,OXA-48,0.2660501743642029,0.27884639770355757
0.04421976652037798,0.06272999742073981,2,OXA-48,0.03578772222205103,0.016746866176725828
0.08422469479438326,0.8070210327372995,3,OXA-48,0.020559344878388532,0.023007963040027946
0.05317735395275193,1.3824192241006217,4,OXA-48,0.015596178369420071,0.0066233370935375735
0.009976753199607516,0.6385122047748788,5,OXA-48,0.009837734765016664,0.009837734765016481
