"genotype","predicted effect"
"LFDLKI",0.00983773476501708
"LFDLKT",-0.00711244758855498
"LFDLQI",-0.00825804952390619
"LFDLQT",0.0119808071066334
"LFDPKI",0.115989864744199
"LFDPKT",0.0839497206979457
"LFDPQI",0.113853412231799
"LFDPQT",0.159445289605398
"LFGLKI",-0.00681420342175256
"LFGLKT",0.0250924226487978
"LFGLQI",0.016465103395428
"LFGLQT",0.00782938852802247
"LFGPKI",0.205969129301563
"LFGPKT",0.145252159707832
"LFGPQI",0.413601054989007
"LFGPQT",0.143369136744603
"LLDLKI",-0.00958577744730367
"LLDLKT",0.00819692816361355
"LLDLQI",0.0100896920827297
"LLDLQT",-0.000597194985022005
"LLDPKI",0.270843597668723
"LLDPKT",0.0733408976223359
"LLDPQI",0.251168128138689
"LLDPQT",0.159402646406089
"LLGLKI",0.024626940223793
"LLGLKT",0.0339830759315837
"LLGLQI",-0.0028526180448573
"LLGLQT",0.0430745453478246
"LLGPKI",0.35247092831944
"LLGPKT",0.0972127757158433
"LLGPQI",0.355683806569104
"LLGPQT",0.180188983700612
"IFDLKI",-0.00589056268735903
"IFDLKT",0.0134721787311421
"IFDLQI",0.0106070993805096
"IFDLQT",-0.00425303112342649
"IFDPKI",1.11866140523007
"IFDPKT",1.25820839941995
"IFDPQI",1.19354148472755
"IFDPQT",1.31640227782977
"IFGLKI",0.0219511927162264
"IFGLKT",0.0214511062105613
"IFGLQI",0.00142787386128941
"IFGLQT",0.0430745453478242
"IFGPKI",1.2397799279725
"IFGPKT",1.07846714518922
"IFGPQI",1.23385981655601
"IFGPQT",1.22911593462484
"ILDLKI",0.0144250541357586
"ILDLKT",0.0136459640829175
"ILDLQI",-0.010207328551119
"ILDLQT",0.013472178731142
"ILDPKI",1.33615943568391
"ILDPKT",1.3699001036919
"ILDPQI",1.35491344730906
"ILDPQT",1.31975693202465
"ILGLKI",-0.0103283181527487
"ILGLKT",0.0506974343684649
"ILGLQI",0.0198722176381651
"ILGLQT",0.0159385627199969
"ILGPKI",1.29136089979481
"ILGPKT",1.30357880400043
"ILGPQI",1.24472861413733
"ILGPQT",1.31391788350747
