"model_order","R2","(Adjusted)","Delta R2"
"order1","0.729761995237855","0.701315889473419","0.729761995237855"
"order2","0.992738003275625","0.989107004913437","0.26297600803777"
"order3","0.997253834092819","0.992135979447617","0.00451583081719353"
"order4","0.998676950071289","0.988092550641601","0.00142311597847"
"order5","0.999648694721662","0.977867767464696","0.000971744650372863"
