"indices","effect"
"INTERCEPT",0.370146977475845
"67",0.535437837492612
"142",0.0402734975817696
"154",0.0180839369326383
"158",0.717461922789727
"180",0.0191193351116372
"215",-0.0202029827822882
"67|142",0.0142236956141966
"67|154",-0.0314540243153904
"67|158",0.532100348728406
"67|180",-0.00783006396580531
"67|215",0.0390769927575939
"142|154",-0.00938207249393894
"142|158",0.0362991102131142
"142|180",-0.0161179755536126
"142|215",-0.0109006546224388
"154|158",0.00272981042977282
"154|180",0.00491462920686952
"154|215",-0.021644421065298
"158|180",0.0209933932846948
"158|215",-0.0336142586480164
"180|215",0.00480455348351568
"67|142|154",-3.53012600963873e-05
"67|142|158",0.0174886626658758
"67|142|180",-0.00730215435331264
"67|142|215",0.0120246247886089
"67|154|158",-0.0309515305638018
"67|154|180",-0.00308174331601859
"67|154|215",0.00446906002064554
"67|158|180",-0.0060176307137903
"67|158|215",0.0367830547823345
"67|180|215",0.00115669386661262
"142|154|158",-0.0109744864685117
"142|154|180",-0.00454730684314045
"142|154|215",0.0231267578209238
"142|158|180",-0.0133831279307678
"142|158|215",-0.0152858328162235
"142|180|215",0.00401890619291899
"154|158|180",0.00501932500021589
"154|158|215",-0.0303322568105114
"154|180|215",-0.00124176070846465
"158|180|215",0.00654385291989937
"67|142|154|158",0.00519773842195836
"67|142|154|180",0.0046323942113844
"67|142|154|215",0.00867544087695442
"67|142|158|180",-0.00638236742717821
"67|142|158|215",0.0121168881152648
"67|142|180|215",-0.0165334820720672
"67|154|158|180",-0.0060083766406306
"67|154|158|215",0.00430243896086766
"67|154|180|215",0.0191214654295174
"67|158|180|215",0.00348950993454356
"142|154|158|180",-0.00352430225489832
"142|154|158|215",0.0215171984497706
"142|154|180|215",0.00596159042517027
"142|158|180|215",0.00632952864379249
"154|158|180|215",0.000366935192682481
"67|142|154|158|180",0.00136936910913312
"67|142|154|158|215",0.0105915369596925
"67|142|154|180|215",-0.0192849771859218
"67|142|158|180|215",-0.0127910175011854
"67|154|158|180|215",0.0191438163858511
"142|154|158|180|215",0.00740006757538858
