"indices","sign","effect"
"154|158|180",0,0.291819701789358
"142|215",1,-0.00606203535894382
"142|154|158",0,0.230301663870143
"142|154|158|180",0,0.214926802303188
"67|158",0,0.975783797500418
"67|158|215",0,1.13142418247292
"67|158|180",0,1.07269381050847
"67|158|180|215",0,1.17174849198312
"67|154|158",0,1.1146724563788
"67|154|158|215",0,0.928116942033426
"67|154|158|180",0,1.08956173579577
"67|154|158|180|215",0,1.09797718341606
"67|142|180",1,-0.0047558855566603
"67|142|158",0,1.21492680230319
"67|142|158|215",0,1.2240879364098
"67|142|158|180",0,1.21296610153766
"67|142|158|180|215",0,1.1946662274191
"67|142|154",1,-0.00907725933930282
"67|142|154|158",0,1.14528582131763
"67|142|154|158|215",0,1.17379830065642
"67|142|154|158|180",0,1.11952495917321
"67|142|154|158|180|215",0,1.16312713770775
