"genotype","predicted effect"
"NCSI",-0.1504993659375
"NCSL",0.4519741079375
"NCNI",-0.1505306300625
"NCNL",-0.150499365937501
"NRSI",-0.1505306300625
"NRSL",0.4517830550625
"NRNI",-0.4515293619375
"NRNL",-0.7525906210625
"ICSI",1.3548973679375
"ICSL",1.3549008380625
"ICNI",-0.4515293619375
"ICNL",-0.7525906210625
"IRSI",0.1509753760625
"IRSL",0.4519741079375
"IRNI",0.1504993659375
"IRNL",-0.1504993659375
