pos,mutations,idiosync
p51,Order 1,1.5008433887254116
p59,Order 1,1.4659352780514163
p108,Order 1,1.7255385663022513
p164,Order 1,1.0048657725983399
p51|p59,Order 2,2.823911671683832
p51|p108,Order 2,2.823911671683832
p51|p164,Order 2,1.474739773297973
p59|p108,Order 2,2.823911671683832
p59|p164,Order 2,1.474739773297973
p108|p164,Order 2,1.474739773297973
p51|p59|p108,Order 3,3.405765620392929
p51|p59|p164,Order 3,3.4057656203929296
p51|p108|p164,Order 3,3.4057656203929296
p59|p108|p164,Order 3,3.4057656203929296
