"model_order","R2","(Adjusted)","Delta R2"
"order1","0.565344163961544","0.407287496311196","0.565344163961544"
"order2","0.753761227572933","0.261283682718798","0.188417063611389"
"order3","0.942061232148104","0.130918482221555","0.188300004575171"
