"id","effect","muts","cv","colors","enz"
"0000",0,0,NA,"#FFFFFF","DHFR"
"0001",0.301029995663981,1,NA,"#FFDBD9","DHFR"
"0010",-0.301029995663981,1,NA,"#D9F7FF","DHFR"
"0100",-0.301029995663981,1,NA,"#D9F7FF","DHFR"
"1000",1.20411998265592,1,NA,"#FF716A","DHFR"
"0011",0,2,NA,"#FFFFFF","DHFR"
"0101",0.602059991327962,2,NA,"#FFB8B4","DHFR"
"0110",-0.301029995663981,2,NA,"#D9F7FF","DHFR"
"1001",1.50514997831991,2,NA,"#FF4E45","DHFR"
"1010",-0.301029995663981,2,NA,"#D9F7FF","DHFR"
"1100",0.301029995663981,2,NA,"#FFDBD9","DHFR"
"0111",-0.903089986991944,3,NA,"#8FE7FF","DHFR"
"1011",-0.903089986991944,3,NA,"#8FE7FF","DHFR"
"1101",0.301029995663981,3,NA,"#FFDBD9","DHFR"
"1110",0,3,NA,"#FFFFFF","DHFR"
"1111",0,4,NA,"#FFFFFF","DHFR"
