"indices","effect"
"INTERCEPT",0.0753878059375
"51",0.376381314875
"59",-0.225755130375
"108",-0.828093102375
"164",0.0753374218749999
"51|59",7.29456249999737e-05
"51|108",-0.301123815875
"51|164",-0.150601869125
"59|108",0.301012629375
"59|164",-2.43153749997765e-05
"108|164",-0.301109918375
"51|59|108",0.526729546875
"51|59|164",0.0752887626249999
"51|108|164",0.075344370125
"59|108|164",-0.0752331836249999
