p51,p59,p108,p164,numbers,genotype,observed effect,epistatic effect,average effect,WT effect,cv,mutations,2 step,3 step,final step
-1,-1,-1,-1,0000,NCSI,0,-0.15049936593749974,0.3764525539375003,0,NA,0,0,0,0
-1,-1,-1,1,0001,NCSL,0.3010299956639812,0.4519741079375001,0.45178997581250013,0.3010299956639812,NA,1,0.3010299956639812,0.3010299956639812,0.3010299956639812
-1,-1,1,-1,0010,NCNI,-0.3010299956639812,-0.15053063006249986,-0.4516405484375001,-0.3010299956639812,NA,1,-0.3010299956639812,-0.3010299956639812,-0.3010299956639812
-1,-1,1,1,0011,NCNL,0,-0.15049936593750082,-0.3763031265625003,0,NA,2,0,0,0
-1,1,-1,-1,0100,NRSI,-0.3010299956639812,-0.15053063006250014,0.15069742356250024,-0.3010299956639812,NA,1,-0.3010299956639812,-0.3010299956639812,-0.3010299956639812
-1,1,-1,1,0101,NRSL,0.6020599913279624,0.4517830550625001,0.22603484543750005,0,NA,2,0.6020599913279624,0.6020599913279624,0.6020599913279624
-1,1,1,-1,0110,NRNI,-0.3010299956639812,-0.4515293619374999,-0.6773956788125002,-0.6020599913279624,NA,2,-0.3010299956639812,-0.3010299956639812,-0.3010299956639812
-1,1,1,1,0111,NRNL,-0.9030899869919435,-0.7525906210625002,-0.6020582569375004,-0.3010299956639812,NA,3,0.6020599913279624,-0.9030899869919436,-0.9030899869919436
1,-1,-1,-1,1000,ICSI,1.2041199826559248,1.3548973679375003,0.7528338688125004,1.2041199826559248,NA,1,1.2041199826559248,1.2041199826559248,1.2041199826559248
1,-1,-1,1,1001,ICSL,1.505149978319906,1.3549008380625003,0.8281712906875002,1.505149978319906,NA,2,1.505149978319906,1.505149978319906,1.505149978319906
1,-1,1,-1,1010,ICNI,-0.3010299956639812,-0.45152936193749976,-0.07525923356250003,0.9030899869919435,NA,2,-0.30102999566398125,-0.30102999566398125,-0.30102999566398125
1,-1,1,1,1011,ICNL,-0.9030899869919435,-0.7525906210625002,7.818831249978286e-5,1.2041199826559248,NA,3,0,-0.9030899869919436,-0.9030899869919436
1,1,-1,-1,1100,IRSI,0.3010299956639812,0.15097537606250014,0.5270787384375003,0.9030899869919435,NA,2,0.30102999566398125,0.30102999566398125,0.30102999566398125
1,1,-1,1,1101,IRSL,0.3010299956639812,0.4519741079375004,0.6024161603125001,1.2041199826559248,NA,3,1.204119982655925,0.30102999566398136,0.30102999566398136
1,1,1,-1,1110,IRNI,0,0.15049936593749977,-0.3010143639375001,0.6020599913279623,NA,3,-0.9030899869919435,0,0
1,1,1,1,1111,IRNL,0,-0.15049936593750027,-0.22567694206250027,0.9030899869919435,NA,4,1.1102230246251565e-16,-2.4082399653118496,0
