genotype,avg,pos,mutations,likely,enzyme_name,measure_type,cond
x000,1.2041199826559248,p51,1,TRUE,DHFR,ic50,c59
0x00,-0.3010299956639812,p59,1,FALSE,DHFR,ic50,c59
00x0,-0.3010299956639812,p108,1,FALSE,DHFR,ic50,c59
000x,0.3010299956639812,p164,1,FALSE,DHFR,ic50,c59
xx00,-0.6020599913279624,p51|p59,2,FALSE,DHFR,ic50,c59
x0x0,-1.2041199826559248,p51|p108,2,FALSE,DHFR,ic50,c59
x00x,0,p51|p164,2,TRUE,DHFR,ic50,c59
0xx0,0.3010299956639812,p59|p108,2,FALSE,DHFR,ic50,c59
0x0x,0.6020599913279624,p59|p164,2,FALSE,DHFR,ic50,c59
00xx,0,p108|p164,2,FALSE,DHFR,ic50,c59
xxx0,0.9030899869919435,p51|p59|p108,3,FALSE,DHFR,ic50,c59
xx0x,-0.9030899869919436,p51|p59|p164,3,FALSE,DHFR,ic50,c59
x0xx,-0.9030899869919435,p51|p108|p164,3,FALSE,DHFR,ic50,c59
0xxx,-1.505149978319906,p59|p108|p164,3,FALSE,DHFR,ic50,c59
xxxx,2.408239965311849,p51|p59|p108|p164,4,FALSE,DHFR,ic50,c59
