"id","effect","muts","cv","colors"
"00000",1,0,NA,"#FFE9E8"
"00001",1,1,NA,"#FFE9E8"
"00010",1,1,NA,"#FFE9E8"
"00100",1,1,NA,"#FFE9E8"
"01000",1,1,NA,"#FFE9E8"
"10000",1,1,NA,"#FFE9E8"
"00011",1.20458943122666,2,NA,"#FFE2E1"
"00101",0.43932468986102,2,NA,"#FFF4F3"
"00110",0.796962847041094,2,NA,"#FFEDEC"
"01001",1.13024282560706,2,NA,"#FFE6E4"
"01010",0.850480109739369,2,NA,"#FFEDEC"
"01100",0.826291079812207,2,NA,"#FFEDEC"
"10001",0.327319783816701,2,NA,"#FFF7F7"
"10010",0.468284376330353,2,NA,"#FFF4F3"
"10100",0.092277804759592,2,NA,"#FFFBFB"
"11000",0.822477650063857,2,NA,"#FFEDEC"
"00111",3.55399435109664,3,NA,"#FFDFDD"
"01011",0.910077851317326,3,NA,"#FFE6E4"
"01101",1.18216368250579,3,NA,"#FFF4F3"
"01110",1.23498547054119,3,NA,"#FFF0F0"
"10011",4.73913759291324,3,NA,"#FFEDEC"
"10101",2.30268849059399,3,NA,"#FFFFFF"
"10110",5.7712901261418,3,NA,"#FFFBFB"
"11001",6.67120693702152,3,NA,"#FFD0CE"
"11010",2.72119633522158,3,NA,"#FFE9E8"
"11100",2.04223379595233,3,NA,"#FFFBFB"
"01111",0.938271890092872,4,NA,"#FFDFDD"
"10111",0.471957277339162,4,NA,"#FFF0F0"
"11011",0.700421876978551,4,NA,"#FF4E45"
"11101",0.542031672495595,4,NA,"#FFFBFB"
"11110",0.446903902816988,4,NA,"#FFF7F7"
"11111",1.48662881512975,5,NA,"#FF948F"
