"genotype","predicted effect"
"L-HIF",0.00538132957565607
"L-HIL",0.173595617717512
"L-HTF",-0.619775055977345
"L-HTL",-0.349196401075252
"L-LIF",1.1469070148074
"L-LIL",0.979432232368534
"L-LTF",0.444714023405921
"L-LTL",0.887269704301643
"LSHIF",0.170709929480024
"LSHIL",0.413621294887506
"LSHTF",-0.50325697659007
"LSHTL",-0.24195333601272
"LSLIF",1.25089399738981
"LSLIL",1.1877432687788
"LSLTF",0.548501697068217
"LSLTL",1.06983931880258
"R-HIF",0.411259177762624
"R-HIL",0.115971039874906
"R-HTF",-0.521862221107132
"R-HTL",-0.0821373109453806
"R-LIF",0.539407435631792
"R-LIL",0.227614780816497
"R-LTF",0.247471701404236
"R-LTL",0.938362151498855
"RSHIF",0.513237201271488
"RSHIL",1.07379991647196
"RSHTF",-0.0769854773189434
"RSHTL",1.06607916992927
"RSLIF",0.847098664061199
"RSLIL",1.24090977648321
"RSLTF",0.68298828229615
"RSLTL",1.98540136222748
