"id","effect","muts","cv","colors","enz"
"00000",0,0,NA,"#FFFFFF","MPH"
"00001",0.178976947293169,1,NA,"#FFF0F0","MPH"
"00010",-0.614393726401688,1,NA,"#C7F3FF","MPH"
"00100",1.15228834438306,1,NA,"#FF9893","MPH"
"01000",0.176091259055681,1,NA,"#FFF0F0","MPH"
"10000",0.416640507338281,1,NA,"#FFDBD9","MPH"
"00011",-0.354577730650908,2,NA,"#DDF7FF","MPH"
"00101",0.974050902792877,2,NA,"#FFAAA5","MPH"
"00110",0.439332693830263,2,NA,"#FFD8D6","MPH"
"01001",0.40823996531185,2,NA,"#FFDBD9","MPH"
"01010",-0.508638306165727,2,NA,"#CEF4FF","MPH"
"01100",1.24551266781415,2,NA,"#FF918B","MPH"
"10001",0.110589710299249,2,NA,"#FFF4F3","MPH"
"10010",-0.527243550682788,2,NA,"#CEF4FF","MPH"
"10100",0.534026106056135,2,NA,"#FFD0CE","MPH"
"11000",0.507855871695831,2,NA,"#FFD0CE","MPH"
"00111",0.8926510338773,3,NA,"#FFB1AD","MPH"
"01011",-0.236572006437063,3,NA,"#E8FAFF","MPH"
"01101",1.19312459835446,3,NA,"#FF948F","MPH"
"01110",0.553883026643874,3,NA,"#FFCDCA","MPH"
"10011",-0.0767559813697235,3,NA,"#F7FDFF","MPH"
"10101",0.232996110392154,3,NA,"#FFE9E8","MPH"
"10110",0.252853030979893,3,NA,"#FFE9E8","MPH"
"11001",1.07918124604762,3,NA,"#FF9F9A","MPH"
"11010",-0.0716041477432862,3,NA,"#F7FDFF","MPH"
"11100",0.852479993636856,3,NA,"#FFB4B0","MPH"
"01111",1.06445798922692,4,NA,"#FF9F9A","MPH"
"10111",0.932980821923198,4,NA,"#FFADA9","MPH"
"11011",1.06069784035361,4,NA,"#FF9F9A","MPH"
"11101",1.23552844690755,4,NA,"#FF918B","MPH"
"11110",0.677606952720493,4,NA,"#FFC2BF","MPH"
"11111",1.99078269180314,5,NA,"#FF4E45","MPH"
