"id","effect","muts","cv","colors"
"00000",1,0,NA,"#FFE9E8"
"00001",1,1,NA,"#FFE9E8"
"00010",1,1,NA,"#FFE9E8"
"00100",1,1,NA,"#FFE9E8"
"01000",1,1,NA,"#FFE9E8"
"10000",1,1,NA,"#FFE9E8"
"00011",1.20458943122666,2,NA,"#FFE2E1"
"00101",0.43932468986102,2,NA,"#FFF4F3"
"00110",0.796962847041094,2,NA,"#FFEDEC"
"01001",1.13024282560706,2,NA,"#FFE6E4"
"01010",0.850480109739369,2,NA,"#FFEDEC"
"01100",0.826291079812207,2,NA,"#FFEDEC"
"10001",0.327319783816701,2,NA,"#FFF7F7"
"10010",0.468284376330353,2,NA,"#FFF4F3"
"10100",0.092277804759592,2,NA,"#FFFBFB"
"11000",0.822477650063857,2,NA,"#FFEDEC"
"00111",1.49892350039517,3,NA,"#FFDFDD"
"01011",1.05378864270206,3,NA,"#FFE6E4"
"01101",0.485029381587538,3,NA,"#FFF4F3"
"01110",0.691667149674453,3,NA,"#FFF0F0"
"10011",0.875024655751413,3,NA,"#FFEDEC"
"10101",0.0305555644899311,3,NA,"#FFFFFF"
"10110",0.198754928067371,3,NA,"#FFFBFB"
"11001",2.02989013219659,3,NA,"#FFD0CE"
"11010",0.891369587268552,3,NA,"#FFE9E8"
"11100",0.128073678340798,3,NA,"#FFFBFB"
"01111",1.48420935591839,4,NA,"#FFDFDD"
"10111",0.630185997830986,4,NA,"#FFF0F0"
"11011",8.00539661188643,4,NA,"#FF4E45"
"11101",0.204895013343788,4,NA,"#FFFBFB"
"11110",0.352355105251653,4,NA,"#FFF7F7"
"11111",4.79931615617686,5,NA,"#FF948F"
