"id","effect","muts","cv","colors"
"00000",1,0,0.0214936762114554,"#FFF0F0"
"00001",1,1,0.0622372520141743,"#FFF0F0"
"00010",1,1,0.180056710775048,"#FFF0F0"
"00100",1,1,0.220489766905667,"#FFF0F0"
"01000",1,1,0.0345637932126202,"#FFF0F0"
"10000",1,1,0.0109647484149444,"#FFF0F0"
"00011",1.82784467928238,2,0.0985728404958364,"#FFE6E4"
"00101",0.28370607028754,2,0.0154505243854675,"#FFFBFB"
"00110",6.84615384615384,2,0.0324675712890692,"#FF9F9A"
"01001",1.16641775526022,2,0.0148798358335698,"#FFEDEC"
"01010",1.96859353664087,2,0.115244126124552,"#FFE2E1"
"01100",1.55029585798817,2,0.00706298705269723,"#FFE9E8"
"10001",0.176907031394397,2,0.00693828902342128,"#FFFBFB"
"10010",0.937698664971392,2,0.00784602318410401,"#FFF0F0"
"10100",0.1,2,0.00457508506656128,"#FFFFFF"
"11000",0.669959411218153,2,0.0494014302331795,"#FFF4F3"
"00111",3.54773856095733,3,0.159835467253861,"#FF4E45"
"01011",1.02211122044493,3,0.230425663129776,"#FFC2BF"
"01101",0.991251599317283,3,0.0380309338525304,"#FFF7F7"
"01110",0.299540358560977,3,0.17484419190506,"#FFA6A2"
"10011",4.19495201389435,3,0.123789759828261,"#FFEDEC"
"10101",4.69794608040877,3,0.0393222966607893,"#FFFFFF"
"10110",0.273566939630547,3,0.0722609114645334,"#FFFBFB"
"11001",8.44221640263705,3,0.074595322521565,"#FFEDEC"
"11010",0.984751169048864,3,0.177030932845022,"#FFEDEC"
"11100",1.17236864099849,3,0.0619172700244454,"#FFFFFF"
"01111",0.642558021196907,4,0.889784341245138,"#FF837C"
"10111",0.495845554551018,4,0.571677804548354,"#FFF7F7"
"11011",0.531267299736434,4,0.921460576240164,"#FF837C"
"11101",0.511779330972912,4,0.319331709955834,"#FFFBFB"
"11110",3.61625640497822,4,0.717081985184855,"#FFF7F7"
"11111",2.54066544605244,5,4.92627644969604,"#FFA6A2"
