"genotype","predicted effect"
"RSLTL",2.62358551248095
"LSLTL",1.6821604312135
"R-LTL",1.34027727780742
"RSHTL",1.7660015392916
"RSLIL",1.96181675304825
"RSLTF",0.977972937878758
"L-LTL",1.6113892509399
"LSHTL",0.372942367700913
"LSLIL",1.43037104111385
"LSLTF",1.03689556692384
"R-HTL",0.698429659925026
"R-LIL",0.949074032022091
"R-LTF",0.341094518469174
"RSHIL",1.87260269566466
"RSHTF",0.413193724521117
"RSLIF",1.39603433480681
"L-HTL",-0.239056419885421
"L-LIL",0.946203797550417
"L-LTF",0.848309607882206
"LSHIL",0.787915756099894
"LSHTF",-0.476024948558928
"LSLIF",1.41758227745375
"R-HIL",0.825155008690883
"R-HTF",0.0723025012881059
"R-LIF",1.0808106297264
"RSHIF",1.13014651965227
"L-HIL",0.486453698526539
"L-HTF",-1.0066100822228
"L-LIF",0.971084116269132
"LSHIF",0.222914223336834
"R-HIF",1.08284849129721
"L-HIF",-0.00300164851057303
