"model_order","R2","(Adjusted)","Delta R2"
"order1","0.723116030146249","0.707733587376597","0.723116030146249"
"order2","0.947064014116626","0.937138516763494","0.223947983970377"
"order3","0.988679337845778","0.98463624421927","0.0416153237291518"
"order4","0.993058416708203","0.989854609035067","0.00437907886242539"
"order5","0.993313793627447","0.990075162415741","0.000255376919243711"
