MAE,Last MAE,Step,Enzyme,Linear MAE,Linear Last MAE
0.8277985800076799,1.8056374448915933,1,DHFR,0.36694937482812506,0.22602438931250035
0.3763214026482449,2.7098124900681246,2,DHFR,0.33871955718749996,0.33880293981249987
3.3908068268421326e-5,5.425290922943526e-4,3,DHFR,2.6059437499979105e-5,2.6059437500114413e-5
