"model_order","R2","(Adjusted)","Delta R2"
"order1","0.644303178400374","0.514958879636874","0.644303178400374"
"order2","0.758000487111754","0.274001461335261","0.11369730871138"
"order3","0.999999998602133","0.999999979031988","0.241999511490378"
