"indices","effect"
"INTERCEPT",0.5645198575625
"51",0.602181615125
"59",4.51701249999957e-05
"108",-0.827898533125
"164",0.451652720125
"51|59",-0.075267936375
"51|108",-0.301040433125
"51|164",-0.0752053798749998
"59|108",0.301096011875
"59|164",0.0753721741250001
"108|164",-0.150511537625
"51|59|108",0.677439114375
"51|59|164",5.90676249999199e-05
"51|108|164",0.075316566375
"59|108|164",-0.0752609876250001
