genotype,avg,pos,mutations,likely,enzyme_name,measure_type,cond
x000,1.806179973983887,p51,1,TRUE,DHFR,ic50,c57
0x00,0.3010299956639812,p59,1,FALSE,DHFR,ic50,c57
00x0,0,p108,1,FALSE,DHFR,ic50,c57
000x,0.6020599913279624,p164,1,FALSE,DHFR,ic50,c57
xx00,-1.5051499783199058,p51|p59,2,FALSE,DHFR,ic50,c57
x0x0,-2.1072099696478683,p51|p108,2,FALSE,DHFR,ic50,c57
x00x,-0.30102999566398125,p51|p164,2,TRUE,DHFR,ic50,c57
0xx0,-0.6020599913279624,p59|p108,2,FALSE,DHFR,ic50,c57
0x0x,0.3010299956639812,p59|p164,2,FALSE,DHFR,ic50,c57
00xx,-0.3010299956639812,p108|p164,2,FALSE,DHFR,ic50,c57
xxx0,2.7092699609758304,p51|p59|p108,3,FALSE,DHFR,ic50,c57
xx0x,0,p51|p59|p164,3,FALSE,DHFR,ic50,c57
x0xx,0.30102999566398125,p51|p108|p164,3,FALSE,DHFR,ic50,c57
0xxx,-0.30102999566398114,p59|p108|p164,3,FALSE,DHFR,ic50,c57
xxxx,5.425290922942416e-4,p51|p59|p108|p164,4,FALSE,DHFR,ic50,c57
