"WT",,,
"XXXX",,,
"Positions",,,
"1","2",3,4
"Genotype","Effect",,
"XXXX","1",,
"XXXY","1",,
"XXYX","0.698970004336019",,
"XXYY","0.698970004336019",,
"XYXX","1.60205999132796",,
"XYXY","1.30102999566398",,
"XYYX","1.30102999566398",,
"XYYY","1",,
"YXXX","1.30102999566398",,
"YXXY","2",,
"YXYX","1",,
"YXYY","1.69897000433602",,
"YYXX","1.90308998699194",,
"YYXY","2.77815125038364",,
"YYYX","1.60205999132796",,
"YYYY","2.47712125471966",,
