MAE,Last MAE,Step,Enzyme,Linear MAE,Linear Last MAE
1.4459884041869064,4.000174149415822,1,TEM,0.49620178438913864,0.12015981950717691
0.5537481105715105,3.1906364919104835,2,TEM,0.28819425628779666,0.3631627377220372
0.25646209633049766,1.6966526948811742,3,TEM,0.16107888891447708,0.1296504734271604
0.05892548808593306,1.8856156187498545,4,TEM,0.05888586994249225,0.05888586994249234
