"indices","sign","effect"
"182|238",0,1.58028729795074
"104|238",0,2.98331232256592
"104|182|238",0,3.00742118616412
"42|238",0,1.35106464237986
"42|182",1,0.614058464923915
"42|182|238",0,3.06049962964754
"42|104",0,0.536871157842288
"42|104|238",0,3.76690507852217
"42|104|182",0,0.392634346984619
"42|104|182|238",0,3.89827671673905
"4205|182|238",0,3.06049962964754
"4205|104|238",0,2.98331232256592
"4205|104|182|238",0,3.79101394212037
"4205|42|238",0,3.03639076604933
"4205|42|182|238",0,3.06049962964754
"4205|42|104",0,0.675275338537809
"4205|42|104|238",0,3.6914257063418
"4205|42|104|182",0,0.560980021440495
"4205|42|104|182|238",0,4.00017414941582
