MAE,Last MAE,Step,Enzyme,Linear MAE,Linear Last MAE
2.9054935153431365,6.071533088226044,1,DHFR,2.211891232849216,0.6529211908438631
1.9473608647657963,4.478004971833365,2,DHFR,1.5165017935221226,1.4247360531385989
0.6614850314533782,10.58376050325405,3,DHFR,0.6616077002077764,0.6616077002077768
