"indices","sign","effect"
"59|164",0,0.637372404467583
"59|108|164",1,-0.173548812955405
"51|164",0,9.56871235440784
"51|108",1,-6.02118929906994
"51|108|164",1,-6.27566001964927
"51|59",0,-5.72807978704205
"51|59|164",0,-5.94026739144601
"51|59|108",0,-5.85934548382209
"51|59|108|164",0,-6.07153308822604
