"id","effect","muts","cv","colors"
"0000",1,0,NA,"#FFFFFF"
"0001",1,1,NA,"#FFFFFF"
"0010",1,1,NA,"#FFFFFF"
"0100",1,1,NA,"#FFFFFF"
"1000",1,1,NA,"#FFFFFF"
"0011",0.739152930741371,2,NA,"#FFFFFF"
"0101",4.33882770345184,2,NA,"#FFFFFF"
"0110",1.20481927710843,2,NA,"#FFFFFF"
"1001",3704352906.80689,2,NA,"#FF4E45"
"1010",9.52380952380952e-07,2,NA,"#FFFFFF"
"1100",1.87033849684452e-06,2,NA,"#FFFFFF"
"0111",0.670580911865364,3,NA,"#FFFFFF"
"1011",5.30078244617382e-07,3,NA,"#FFFFFF"
"1101",1.14744693057946e-06,3,NA,"#FFFFFF"
"1110",1.38246618142104e-06,3,NA,"#FFFFFF"
"1111",8.48138761607998e-07,4,NA,"#FFFFFF"
