genotype,avg,pos,mutations,likely,enzyme_name,measure_type,cond
x000,6.021189299069938,p51,1,TRUE,DHFR,ic50,c59
0x00,-0.08092190762392612,p59,1,FALSE,DHFR,ic50,c59
00x0,-0.08092190762392612,p108,1,FALSE,DHFR,ic50,c59
000x,0.21218760440395779,p164,1,FALSE,DHFR,ic50,c59
xx00,-5.728079787042054,p51|p59,2,FALSE,DHFR,ic50,c59
x0x0,-6.021189299069938,p51|p108,2,FALSE,DHFR,ic50,c59
x00x,9.568712354407836,p51|p164,2,TRUE,DHFR,ic50,c59
0xx0,0.08092190762392612,p59|p108,2,FALSE,DHFR,ic50,c59
0x0x,0.6373724044675828,p59|p164,2,FALSE,DHFR,ic50,c59
00xx,-0.13126569678003167,p108|p164,2,FALSE,DHFR,ic50,c59
xxx0,5.80900169466598,p51|p59|p108,3,FALSE,DHFR,ic50,c59
xx0x,-10.418272363279376,p51|p59|p164,3,FALSE,DHFR,ic50,c59
x0xx,-9.691917378207135,p51|p108|p164,3,FALSE,DHFR,ic50,c59
0xxx,-0.7605774282668822,p59|p108|p164,3,FALSE,DHFR,ic50,c59
xxxx,10.583760503254048,p51|p59|p108|p164,4,FALSE,DHFR,ic50,c59
