MAE,Last MAE,Step,Enzyme,Linear MAE,Linear Last MAE
0.6426447677889178,0.9234512696396517,1,DHFR,0.4593121162968751,0.22529800212500017
0.33906961179397305,0.03382885734751506,2,DHFR,0.33912606412499996,0.4520123126250003
0.1492424176665089,2.387878682664142,3,DHFR,0.14922402887499994,0.14922402887500008
