"positions","effects","identity","mut","condition"
"p51",2.10720996964787,"x000","1","c58_DHFR_ic50_c58"
"p51",2.10720996964787,"x001","2","c58_DHFR_ic50_c58"
"p51",0.588592416628155,"x010","2","c58_DHFR_ic50_c58"
"p51",0,"x011","3","c58_DHFR_ic50_c58"
"p51",0.602059991327962,"x100","2","c58_DHFR_ic50_c58"
"p51",-0.602059991327963,"x101","3","c58_DHFR_ic50_c58"
"p51",0.602059991327962,"x110","3","c58_DHFR_ic50_c58"
"p51",1.19722627470802,"x111","4","c58_DHFR_ic50_c58"
"p59",0.301029995663981,"0x00","1","c58_DHFR_ic50_c58"
"p59",1.20411998265592,"0x01","2","c58_DHFR_ic50_c58"
"p59",0.882728704344236,"0x10","2","c58_DHFR_ic50_c58"
"p59",-0.294136287716081,"0x11","3","c58_DHFR_ic50_c58"
"p59",-1.20411998265592,"1x00","2","c58_DHFR_ic50_c58"
"p59",-1.50514997831991,"1x01","3","c58_DHFR_ic50_c58"
"p59",0.896196279044043,"1x10","3","c58_DHFR_ic50_c58"
"p59",0.903089986991944,"1x11","4","c58_DHFR_ic50_c58"
"p108",-0.882728704344236,"00x0","1","c58_DHFR_ic50_c58"
"p108",-0.301029995663981,"00x1","2","c58_DHFR_ic50_c58"
"p108",-0.301029995663981,"01x0","2","c58_DHFR_ic50_c58"
"p108",-1.79928626603599,"01x1","3","c58_DHFR_ic50_c58"
"p108",-2.40134625736395,"10x0","2","c58_DHFR_ic50_c58"
"p108",-2.40823996531185,"10x1","3","c58_DHFR_ic50_c58"
"p108",-0.301029995663981,"11x0","3","c58_DHFR_ic50_c58"
"p108",0,"11x1","4","c58_DHFR_ic50_c58"
"p164",0.301029995663981,"000x","1","c58_DHFR_ic50_c58"
"p164",0.882728704344236,"001x","2","c58_DHFR_ic50_c58"
"p164",1.20411998265592,"010x","2","c58_DHFR_ic50_c58"
"p164",-0.294136287716081,"011x","3","c58_DHFR_ic50_c58"
"p164",0.301029995663981,"100x","2","c58_DHFR_ic50_c58"
"p164",0.294136287716081,"101x","3","c58_DHFR_ic50_c58"
"p164",0,"110x","3","c58_DHFR_ic50_c58"
"p164",0.301029995663981,"111x","4","c58_DHFR_ic50_c58"
