"id","effect","muts","cv","colors"
"0000",1,0,NA,"#FFE9E8"
"0001",1,1,NA,"#FFE9E8"
"0010",1,1,NA,"#FFE9E8"
"0100",1,1,NA,"#FFE9E8"
"1000",1,1,NA,"#FFE9E8"
"0011",3.81679389312977,2,NA,"#FFAAA5"
"0101",8,2,NA,"#FF4E45"
"0110",3.81679389312977,2,NA,"#FFAAA5"
"1001",1,2,NA,"#FFE9E8"
"1010",0.0302958015267175,2,NA,"#FFFFFF"
"1100",0.03125,2,NA,"#FFFFFF"
"0111",0.0083185,3,NA,"#FFE9E8"
"1011",0.257874015748031,3,NA,"#FFFFFF"
"1101",0.0625,3,NA,"#FFFFFF"
"1110",33.007874015748,3,NA,"#FFFBFB"
"1111",244.274809160305,4,NA,"#FFFBFB"
