"genotype","predicted effect"
"NCSI",-0.149224028875
"NCSL",0.450254024875001
"NCNI",-0.733015819125
"NCNL",-0.149224028875001
"NRSI",0.450254024875
"NRSL",1.356148379125
"NRNI",-0.149224028875
"NRNL",-0.144744112125
"ICSI",2.256712017875
"ICSL",2.259266162125
"ICNI",-0.443192169875
"ICNL",0.149224028875
"IRSI",0.753865958125
"IRSL",1.052314015875
"IRNI",0.751284019875
"IRNL",0.753865958125
