"model_order","R2","(Adjusted)","Delta R2"
"order1","0.649403517912441","0.52191388806242","0.649403517912441"
"order2","0.792498316661108","0.377494949983323","0.143094798748667"
"order3","0.970240230868997","0.553603463034949","0.177741914207889"
