MAE,Last MAE,Step,Enzyme,Linear MAE,Linear Last MAE
0.8013447611434616,0.050914439412571344,1,TEM,0.5246794291118195,1.1571771359201748
0.4711906778617879,1.5011433418556388,2,TEM,0.5004686423673622,0.982262828041361
0.26487330343646853,4.237972854983496,3,TEM,0.26487330343646787,0.26487330343646764
