"genotype","predicted effect"
"MEGN",-0.264873303436469
"MEGD",-0.539227044154298
"MESN",1.72727130133543
"MESD",1.6850044006004
"MKGN",2.05304167457764
"MKGD",-0.701392218042058
"MKSN",1.37560813353395
"MKSD",-0.390734422878421
"LEGN",0.00286062976989819
"LEGD",-0.816166983531388
"LESN",1.81791206687998
"LESD",0.325571143790079
"LKGN",0.0510970420204502
"LKGD",-0.0761618538990971
"LKSN",1.9132333144174
"LKSD",1.86866560493375
