"indices","effect"
"INTERCEPT",0.626981842869828
"69",0.0177890553556124
"104",0.269375632926248
"238",1.32666919991349
"276",-0.915074029034913
"69|104",0.337288679714736
"69|238",0.36426912400185
"69|276",0.294275243586318
"104|238",-0.46662220357605
"104|276",-0.258076734573903
"238|276",0.0786945066046766
"69|104|238",0.679165745275612
"69|104|276",0.792962217320901
"69|238|276",-0.226350037442855
"104|238|276",0.189001124056129
