"indices","sign","effect"
"238|276",0,1.29158005372868
"104|276",1,-1.42058693815599
"104|238",0,-1.6100849320697
"104|238|276",1,-3.10207374776425
"69|276",0,0.514819341162415
"69|238",0,0.882400046084063
"69|238|276",0,-0.335587136288009
"69|104",0,-1.21018535201768
"69|104|276",1,-1.0630905072194
"69|104|238",0,-1.34019368439262
