MAE,Last MAE,Step,Enzyme,Linear MAE,Linear Last MAE
0.4891737429539694,0.9030899869919435,1,DHFR,0.36687641123437503,0.22567694206250027
0.26340124620598354,1.1102230246251565e-16,2,DHFR,0.26337324227343756,0.4515641139375002
0.15051499783199063,2.4082399653118496,3,DHFR,0.15049936593750002,0.15049936593750027
