"positions","effects","identity","mut","condition"
"p51",1.20411998265592,"x000","1","c59_DHFR_ic50_c59"
"p51",1.20411998265592,"x001","2","c59_DHFR_ic50_c59"
"p51",0,"x010","2","c59_DHFR_ic50_c59"
"p51",-0.903089986991944,"x011","3","c59_DHFR_ic50_c59"
"p51",0.602059991327962,"x100","2","c59_DHFR_ic50_c59"
"p51",-0.301029995663981,"x101","3","c59_DHFR_ic50_c59"
"p51",0.301029995663981,"x110","3","c59_DHFR_ic50_c59"
"p51",0.903089986991944,"x111","4","c59_DHFR_ic50_c59"
"p59",-0.301029995663981,"0x00","1","c59_DHFR_ic50_c59"
"p59",0.301029995663981,"0x01","2","c59_DHFR_ic50_c59"
"p59",0,"0x10","2","c59_DHFR_ic50_c59"
"p59",-0.903089986991944,"0x11","3","c59_DHFR_ic50_c59"
"p59",-0.903089986991944,"1x00","2","c59_DHFR_ic50_c59"
"p59",-1.20411998265592,"1x01","3","c59_DHFR_ic50_c59"
"p59",0.301029995663981,"1x10","3","c59_DHFR_ic50_c59"
"p59",0.903089986991944,"1x11","4","c59_DHFR_ic50_c59"
"p108",-0.301029995663981,"00x0","1","c59_DHFR_ic50_c59"
"p108",-0.301029995663981,"00x1","2","c59_DHFR_ic50_c59"
"p108",0,"01x0","2","c59_DHFR_ic50_c59"
"p108",-1.50514997831991,"01x1","3","c59_DHFR_ic50_c59"
"p108",-1.50514997831991,"10x0","2","c59_DHFR_ic50_c59"
"p108",-2.40823996531185,"10x1","3","c59_DHFR_ic50_c59"
"p108",-0.301029995663981,"11x0","3","c59_DHFR_ic50_c59"
"p108",-0.301029995663981,"11x1","4","c59_DHFR_ic50_c59"
"p164",0.301029995663981,"000x","1","c59_DHFR_ic50_c59"
"p164",0.301029995663981,"001x","2","c59_DHFR_ic50_c59"
"p164",0.903089986991944,"010x","2","c59_DHFR_ic50_c59"
"p164",-0.602059991327962,"011x","3","c59_DHFR_ic50_c59"
"p164",0.301029995663981,"100x","2","c59_DHFR_ic50_c59"
"p164",-0.602059991327962,"101x","3","c59_DHFR_ic50_c59"
"p164",0,"110x","3","c59_DHFR_ic50_c59"
"p164",0,"111x","4","c59_DHFR_ic50_c59"
