genotype,avg,pos,mutations
x000,1.2041199826559248,p51,1
x001,1.2041199826559248,p51,1
x010,0,p51,1
x011,-0.9030899869919435,p51,1
x100,0.6020599913279624,p51,1
x101,-0.3010299956639812,p51,1
x110,0.3010299956639812,p51,1
x111,0.9030899869919435,p51,1
0x00,-0.3010299956639812,p59,1
0x01,0.3010299956639812,p59,1
0x10,0,p59,1
0x11,-0.9030899869919435,p59,1
1x00,-0.9030899869919435,p59,1
1x01,-1.2041199826559248,p59,1
1x10,0.3010299956639812,p59,1
1x11,0.9030899869919435,p59,1
00x0,-0.3010299956639812,p108,1
00x1,-0.3010299956639812,p108,1
01x0,0,p108,1
01x1,-1.5051499783199058,p108,1
10x0,-1.505149978319906,p108,1
10x1,-2.4082399653118496,p108,1
11x0,-0.3010299956639812,p108,1
11x1,-0.3010299956639812,p108,1
000x,0.3010299956639812,p164,1
001x,0.3010299956639812,p164,1
010x,0.9030899869919435,p164,1
011x,-0.6020599913279623,p164,1
100x,0.30102999566398125,p164,1
101x,-0.6020599913279623,p164,1
110x,0,p164,1
111x,0,p164,1
xx00,-0.6020599913279624,p51|p59,2
xx01,-1.505149978319906,p51|p59,2
xx10,0.3010299956639812,p51|p59,2
xx11,1.806179973983887,p51|p59,2
x0x0,-1.2041199826559248,p51|p108,2
x0x1,-2.1072099696478683,p51|p108,2
x1x0,-0.3010299956639812,p51|p108,2
x1x1,1.2041199826559248,p51|p108,2
x00x,0,p51|p164,2
x01x,-0.9030899869919435,p51|p164,2
x10x,-0.9030899869919435,p51|p164,2
x11x,0.6020599913279623,p51|p164,2
0xx0,0.3010299956639812,p59|p108,2
0xx1,-1.2041199826559248,p59|p108,2
1xx0,1.2041199826559248,p59|p108,2
1xx1,2.1072099696478683,p59|p108,2
0x0x,0.6020599913279624,p59|p164,2
0x1x,-0.9030899869919435,p59|p164,2
1x0x,-0.30102999566398125,p59|p164,2
1x1x,0.6020599913279623,p59|p164,2
00xx,0,p108|p164,2
01xx,-1.5051499783199058,p108|p164,2
10xx,-0.9030899869919435,p108|p164,2
11xx,0,p108|p164,2
xxx0,0.9030899869919435,p51|p59|p108,3
xxx1,3.311329952303793,p51|p59|p108,3
xx0x,-0.9030899869919436,p51|p59|p164,3
xx1x,1.5051499783199058,p51|p59|p164,3
x0xx,-0.9030899869919435,p51|p108|p164,3
x1xx,1.505149978319906,p51|p108|p164,3
0xxx,-1.505149978319906,p59|p108|p164,3
1xxx,0.9030899869919435,p59|p108|p164,3
xxxx,2.408239965311849,p51|p59|p108|p164,4
