mean,max,obs,geno,enzyme_name,measure_type,cond
0.22577249674798588,1.2041199826559248,0,0000,DHFR,ic50,c59
0.4013733275519749,1.2041199826559248,0.3010299956639812,0001,DHFR,ic50,c59
0.10034333188799373,0.3010299956639812,-0.3010299956639812,0010,DHFR,ic50,c59
0.5017166594399687,0.9030899869919435,-0.3010299956639812,0100,DHFR,ic50,c59
-0.7024033232159561,0.30102999566398125,1.2041199826559248,1000,DHFR,ic50,c59
-0.9030899869919435,-0.9030899869919435,0,0011,DHFR,ic50,c59
-0.9030899869919435,-0.3010299956639812,0.6020599913279624,0101,DHFR,ic50,c59
-0.15051499783199054,0.3010299956639812,-0.3010299956639812,0110,DHFR,ic50,c59
-1.806179973983887,-1.2041199826559248,1.505149978319906,1001,DHFR,ic50,c59
-0.15051499783199054,0.3010299956639812,-0.3010299956639812,1010,DHFR,ic50,c59
-0.1505149978319906,0,0.3010299956639812,1100,DHFR,ic50,c59
0.9030899869919435,0.9030899869919435,-0.9030899869919435,0111,DHFR,ic50,c59
0.9030899869919435,0.9030899869919435,-0.9030899869919435,1011,DHFR,ic50,c59
-0.3010299956639812,-0.3010299956639812,0.3010299956639812,1101,DHFR,ic50,c59
0,0,0,1110,DHFR,ic50,c59
