"model_order","R2","(Adjusted)","Delta R2"
"order1","0.609459869772382","0.534355998574763","0.609459869772382"
"order2","0.910872844158131","0.827316135556378","0.301412974385749"
"order3","0.98593224068133","0.927316576853538","0.075059396523199"
"order4","0.999564304987408","0.986493454609634","0.0136320643060776"
