"indices","effect"
"INTERCEPT",-0.6711370598125
"21",-0.72798902425
"26",-0.232317759375
"28",-0.352710949625
"30",-0.263424742625
"94",-0.328563426875
"21|26",-0.1636302715
"21|28",-0.4385091365
"21|30",-0.4079961255
"21|94",-0.14175075025
"26|28",0.0282105451249999
"26|30",-0.00312935737499999
"26|94",-0.061436400875
"28|30",-0.113648702875
"28|94",-0.0418252508749998
"30|94",-0.114719350625
"21|26|28",-0.15972359625
"21|26|30",-0.0708110827499999
"21|26|94",-0.12452992625
"21|28|30",-0.100738477
"21|28|94",-0.0828039240000001
"21|30|94",-0.13431686075
"26|28|30",-0.015366011625
"26|28|94",-0.096257036875
"26|30|94",-0.0963062896249999
"28|30|94",0.0960393181249999
"21|26|28|30",-0.04083192025
"21|26|28|94",0.021889923
"21|26|30|94",0.05740176625
"21|28|30|94",0.11810395525
"26|28|30|94",-0.0205117403749999
