"indices","sign","effect"
"30|94",0,0.299282658998595
"28|94",0,0.271591439720336
"28|30|94",0,0.540889895438491
"26|94",0,0.57883497613054
"26|30",0,0.300315275537156
"26|30|94",0,0.746465305003535
"26|28",0,0.469808292128217
"26|28|94",0,1.02980117192802
"26|28|30",1,0.932580954833527
"26|28|30|94",0,1.08779994480582
"21|94",0,0.744818266029202
"21|28|94",0,0.184603487812312
"21|28|30",0,-0.762233089731334
"21|28|30|94",0,-0.538589732264226
"21|26",0,0.410196045475245
"21|26|94",0,1.01833636076964
"21|26|30",0,0.476371441507133
"21|26|28",0,0.375395761159492
"21|26|28|30",0,-0.53703069810739
"21|26|28|30|94",0,-0.903557417006751
