genotype,avg,pos,mutations,likely,enzyme_name,measure_type,cond
x0000,-0.3809066693732573,p21,1,FALSE,DHFR,kcat,trajr
0x000,-0.5883802940367698,p26,1,FALSE,DHFR,kcat,trajr
00x00,-0.19928292171761497,p28,1,FALSE,DHFR,kcat,trajr
000x0,-0.03432802877989328,p30,1,TRUE,DHFR,kcat,trajr
0000x,-0.5590909179347823,p94,1,FALSE,DHFR,kcat,trajr
xx000,0.41019604547524485,p21|p26,2,FALSE,DHFR,kcat,trajr
x0x00,-0.04141250796099011,p21|p28,2,FALSE,DHFR,kcat,trajr
x00x0,0.015117770226838412,p21|p30,2,FALSE,DHFR,kcat,trajr
x000x,0.744818266029202,p21|p94,2,FALSE,DHFR,kcat,trajr
0xx00,0.46980829212821656,p26|p28,2,FALSE,DHFR,kcat,trajr
0x0x0,0.30031527553715626,p26|p30,2,FALSE,DHFR,kcat,trajr
0x00x,0.5788349761305395,p26|p94,2,FALSE,DHFR,kcat,trajr
00xx0,-0.1239245292603704,p28|p30,2,FALSE,DHFR,kcat,trajr
00x0x,0.2715914397203363,p28|p94,2,FALSE,DHFR,kcat,trajr
000xx,0.2992826589985948,p30|p94,2,TRUE,DHFR,kcat,trajr
xxx00,-0.46319606848297945,p21|p26|p28,3,FALSE,DHFR,kcat,trajr
xx0x0,-0.24925764973210685,p21|p26|p30,3,FALSE,DHFR,kcat,trajr
xx00x,-0.7155129268653422,p21|p26|p94,3,FALSE,DHFR,kcat,trajr
x0xx0,-0.6120138227368117,p21|p28|p30,3,FALSE,DHFR,kcat,trajr
x0x0x,-0.7903937099762361,p21|p28|p94,3,FALSE,DHFR,kcat,trajr
x00xx,-1.1389323755891336,p21|p30|p94,3,FALSE,DHFR,kcat,trajr
0xxx0,0.28638191642852456,p26|p28|p30,3,FALSE,DHFR,kcat,trajr
0xx0x,-0.2904335360510757,p26|p28|p94,3,FALSE,DHFR,kcat,trajr
0x0xx,-0.4319676056627558,p26|p30|p94,3,FALSE,DHFR,kcat,trajr
00xxx,0.0939403259799303,p28|p30|p94,3,TRUE,DHFR,kcat,trajr
xxxx0,-0.529045419730112,p21|p26|p28|p30,4,FALSE,DHFR,kcat,trajr
xxx0x,-0.026683718594733397,p21|p26|p28|p94,4,FALSE,DHFR,kcat,trajr
xx0xx,0.2590139979075686,p21|p26|p30|p94,4,FALSE,DHFR,kcat,trajr
x0xxx,0.7433367523044142,p21|p28|p30|p94,4,FALSE,DHFR,kcat,trajr
0xxxx,-0.3660292691432772,p26|p28|p30|p94,4,TRUE,DHFR,kcat,trajr
xxxxx,0.40260800591260726,p21|p26|p28|p30|p94,5,TRUE,DHFR,kcat,trajr
