p69,x000,1,0,TEM,growth,CXM
p69,x001,2,1.2032625198879123,TEM,growth,CXM
p69,x010,2,1.1672724203127063,TEM,growth,CXM
p69,x011,3,2.1391285348745397,TEM,growth,CXM
p69,x100,2,0.4084760650809709,TEM,growth,CXM
p69,x101,3,0.8301867827157093,TEM,growth,CXM
p69,x110,3,-0.0018900780347597124,TEM,growth,CXM
p69,x111,4,0.9774836515063052,TEM,growth,CXM
p104,0x00,1,0,TEM,growth,CXM
p104,0x01,2,-0.7200659970393066,TEM,growth,CXM
p104,0x10,2,-0.3450821776934234,TEM,growth,CXM
p104,0x11,3,0.14029017028681157,TEM,growth,CXM
p104,1x00,2,0.4084760650809709,TEM,growth,CXM
p104,1x01,3,-1.0931417342115097,TEM,growth,CXM
p104,1x10,3,-1.5142446760408892,TEM,growth,CXM
p104,1x11,4,-1.021354713081423,TEM,growth,CXM
p238,00x0,1,0,TEM,growth,CXM
p238,00x1,2,-0.08371063187953978,TEM,growth,CXM
p238,01x0,2,-0.3450821776934234,TEM,growth,CXM
p238,01x1,3,0.7766455354465782,TEM,growth,CXM
p238,10x0,2,1.1672724203127063,TEM,growth,CXM
p238,10x1,3,0.8521553831070874,TEM,growth,CXM
p238,11x0,3,-0.755448320809154,TEM,growth,CXM
p238,11x1,4,0.9239424042371742,TEM,growth,CXM
p276,000x,1,0,TEM,growth,CXM
p276,001x,2,-0.08371063187953978,TEM,growth,CXM
p276,010x,2,-0.7200659970393065,TEM,growth,CXM
p276,011x,3,0.40166171610069507,TEM,growth,CXM
p276,100x,2,1.2032625198879123,TEM,growth,CXM
p276,101x,3,0.8881454826822935,TEM,growth,CXM
p276,110x,3,-0.29835527940456824,TEM,growth,CXM
p276,111x,4,1.38103544564176,TEM,growth,CXM
