genotype,avg,pos,mutations,likely,enzyme_name,measure_type,cond
x000,-1.3251388592621884,p69,1,FALSE,TEM,growth,CXM
0x00,1.1931245983544616,p104,1,TRUE,TEM,growth,CXM
00x0,0.3222192947339193,p238,1,FALSE,TEM,growth,CXM
000x,-0.04817696468408802,p276,1,FALSE,TEM,growth,CXM
xx00,0.4084760650809709,p69|p104,2,FALSE,TEM,growth,CXM
x0x0,1.1672724203127063,p69|p238,2,FALSE,TEM,growth,CXM
x00x,1.2032625198879123,p69|p276,2,FALSE,TEM,growth,CXM
0xx0,-0.3450821776934234,p104|p238,2,TRUE,TEM,growth,CXM
0x0x,-0.7200659970393066,p104|p276,2,FALSE,TEM,growth,CXM
00xx,-0.08371063187953978,p238|p276,2,FALSE,TEM,growth,CXM
xxx0,-1.577638563428437,p69|p104|p238,3,FALSE,TEM,growth,CXM
xx0x,-0.781551802253174,p69|p104|p276,3,FALSE,TEM,growth,CXM
x0xx,-0.23140640532607915,p69|p238|p276,3,FALSE,TEM,growth,CXM
0xxx,1.2054383450195416,p104|p238|p276,3,TRUE,TEM,growth,CXM
xxxx,0.7890694172324055,p69|p104|p238|p276,4,FALSE,TEM,growth,CXM
