pos,mutations,idiosync
p69,Order 1,1.1539401285030808
p104,Order 1,1.1539401285030808
p238,Order 1,1.1502783956744231
p276,Order 1,0.009140101041357363
p69|p104,Order 2,1.4346424841813414
p69|p238,Order 2,1.4346700287090017
p69|p276,Order 2,0.013771855225170174
p104|p238,Order 2,1.4346700287090017
p104|p276,Order 2,0.013771855225170174
p238|p276,Order 2,0.01639200580222444
p69|p104|p238,Order 3,0.02318179692000427
p69|p104|p276,Order 3,0.023181796920004195
p69|p238|p276,Order 3,0.02318179692000427
p104|p238|p276,Order 3,0.02318179692000427
