"model_order","R2","(Adjusted)","Delta R2"
"order1","0.430503147276783","0.223413382650159","0.430503147276783"
"order2","0.858275785454726","0.574827356364179","0.427772638177943"
"order3","0.999993512110828","0.99990268166242","0.141717726656102"
