p69,x000,1,0,TEM,growth,AM
p69,x001,2,0,TEM,growth,AM
p69,x010,2,0,TEM,growth,AM
p69,x011,3,0,TEM,growth,AM
p69,x100,2,0.011441043121384482,TEM,growth,AM
p69,x101,3,4.345117740176917e-4,TEM,growth,AM
p69,x110,3,1.245651664288981,TEM,growth,AM
p69,x111,4,1.2510371387438386,TEM,growth,AM
p104,0x00,1,0,TEM,growth,AM
p104,0x01,2,0.01100653134736679,TEM,growth,AM
p104,0x10,2,-1.2342106211675965,TEM,growth,AM
p104,0x11,3,-1.239596095622454,TEM,growth,AM
p104,1x00,2,0.011441043121384482,TEM,growth,AM
p104,1x01,3,0.011441043121384482,TEM,growth,AM
p104,1x10,3,0.011441043121384482,TEM,growth,AM
p104,1x11,4,0.011441043121384482,TEM,growth,AM
p238,00x0,1,0,TEM,growth,AM
p238,00x1,2,0,TEM,growth,AM
p238,01x0,2,-1.2342106211675965,TEM,growth,AM
p238,01x1,3,-1.250602626969821,TEM,growth,AM
p238,10x0,2,0,TEM,growth,AM
p238,10x1,3,0,TEM,growth,AM
p238,11x0,3,0,TEM,growth,AM
p238,11x1,4,0,TEM,growth,AM
p276,000x,1,0,TEM,growth,AM
p276,001x,2,0,TEM,growth,AM
p276,010x,2,0.01100653134736679,TEM,growth,AM
p276,011x,3,-0.005385474454857597,TEM,growth,AM
p276,100x,2,0,TEM,growth,AM
p276,101x,3,0,TEM,growth,AM
p276,110x,3,0,TEM,growth,AM
p276,111x,4,0,TEM,growth,AM
