MAE,Last MAE,Step,Enzyme,Linear MAE,Linear Last MAE
0.3179184694071602,0.9015045635882352,1,OXA-48,0.15169323573452045,0.15801386252815508
0.16310871623038353,0.5079616511198763,2,OXA-48,0.08473142757905583,0.031702494566833606
0.09928693619287846,0.5933879581108987,3,OXA-48,0.04286784722085857,0.018007982521587307
0.022045642639837517,0.3882488348659614,4,OXA-48,0.012827483656020891,0.015393278187668669
6.921223574419723e-4,0.044295830876281306,5,OXA-48,7.047934875324252e-4,7.047934875323847e-4
