"genotype","predicted effect"
"FNQEFT",0.000704793487530547
"FNQEFP",0.0796195272202762
"FNQEDT",0.270357710665855
"FNQEDP",0.69413825325999
"FNQKFT",-0.00690199592961349
"FNQKFP",0.0374896106649396
"FNQKDT",0.396866521360891
"FNQKDP",1.03127241347597
"FNHEFT",0.268726557047462
"FNHEFP",0.696861401549507
"FNHEDT",0.73377785739042
"FNHEDP",1.09442666036733
"FNHKFT",0.300591609471529
"FNHKFP",1.15671779461433
"FNHKDT",0.902496238721875
"FNHKDP",1.39200731536111
"FTQEFT",-0.0051272766754102
"FTQEFP",0.26686422896236
"FTQEDT",0.424254862150525
"FTQEDP",0.852273803915375
"FTQKFT",-0.00660327673565741
"FTQKFP",0.181073299868929
"FTQKDT",0.359797827728514
"FTQKDP",0.9565866204625
"FTHEFT",0.588587020092528
"FTHEFP",1.38699243383957
"FTHEDT",0.781473882455171
"FTHEDP",1.53267522739256
"FTHKFT",0.7541472789377
"FTHKFP",1.5633211196106
"FTHKDT",1.12031263695338
"FTHKDP",1.56191153263554
"VNQEFT",0.00369735862439189
"VNQEFP",0.0931023565712518
"VNQEDT",0.0870855508200873
"VNQEDP",0.132733535808271
"VNQKFT",0.00948891373127574
"VNQKFP",0.0836615749322337
"VNQKDT",0.260522606140633
"VNQKDP",0.686818109293772
"VNHEFT",0.11872683823947
"VNHEFP",0.0549892849996287
"VNHEDT",0.223443951041231
"VNHEDP",0.14929915784887
"VNHKFT",0.343580251898774
"VNHKFP",0.675675865175096
"VNHKDT",0.598146709365872
"VNHKDP",0.996051255039607
"VTQEFT",0.0480418118370537
"VTQEFP",0.252237465160623
"VTQEDT",0.457030458249066
"VTQEDP",0.780522856419304
"VTQKFT",0.00369735862439237
"VTQKFP",0.177038325250607
"VTQKDT",0.479971204455492
"VTQKDP",0.852966001191867
"VTHEFT",0.353938843218582
"VTHEFP",0.875407339283787
"VTHEDT",0.624007579409511
"VTHEDP",1.3481997032033
"VTHKFT",0.678479883399953
"VTHKFP",1.28391827947823
"VTHKDT",0.977404319042426
"VTHKDP",1.51708163300599
