"genotype","predicted effect"
"FNQEFT",-0.00265700000000093
"VNQEFT",0.00860091200000118
"FNQEDT",0.383949297000001
"FNQEFP",0.130685280500001
"FTQEFT",-0.010404180666666
"FNHEFT",0.360027773
"FNQKFT",-0.0137030433333333
"VNQEDT",0.143374312
"FTQEDT",0.534787664000002
"FNHEDT",0.79695891
"FNQKDT",0.510515957666666
"FNQEDP",0.764649445166668
"VTQEFT",0.0801508021666676
"VNQKFT",0.0175180350000002
"VNQEFP",0.156999467666667
"FTHEFT",0.670483463800001
"FTQKFT",-0.0165004328333325
"FTQEFP",0.375667410000001
"FNHKFT",0.415586627333332
"FNHEFP",0.76517728
"FNQKFP",0.0654785846666667
"VNQEDP",0.215704059000001
"FTQEDP",0.890828848000001
"VTHEFT",0.461230050000001
"VTQKFT",0.00514740233333419
"VTQEDT",0.556259407333335
"VTQEFP",0.359596010333334
"VNQKFP",0.141829719666667
"FTHEDT",0.836758519000002
"VNHEFT",0.177879759666666
"FTHEFP",1.36142292633333
"FTQKFP",0.275661081333334
"FNHKDT",0.935178005333333
"FNHKFP",1.14684580133333
"FNHEDP",1.09160595766667
"FNQKDP",1.0382310545
"FTQKDT",0.477747107000001
"VTHEDT",0.708530786333334
"VTHEFP",0.912756494666668
"VTQEDP",0.813203864333334
"FTHEDP",1.52560199533333
"FTQKDP",0.972243834500001
"FNHKDP",1.362149806
"VTQKFP",0.265440513666667
"VNHEDT",0.320861788333333
"VNHEFP",0.0988996559999999
"VNQKDT",0.374308786333333
"VTQKDT",0.578076988000001
"VNHEDP",0.235393891666667
"VTHEDP",1.30451955766667
"VTHKDT",0.993569200000001
"VNHKFT",0.461020981999999
"FTHKFT",0.812984267
"VTHKFT",0.745760599666667
"VNQKDP",0.742921985666667
"VTHKFP",1.25831091666667
"VTQKDP",0.897035678333334
"VTHKDP",1.504621509
"VNHKDT",0.660647570666666
"VNHKFP",0.731447000333333
"FTHKDT",1.11118820066667
"FTHKFP",1.54334108666667
"VNHKDP",0.987375685333333
"FTHKDP",1.56724242266667
