"indices","effect"
"INTERCEPT",0.618730114710417
"66",-0.18002314243125
"76",0.285868770160417
"124",0.5041259262125
"132",0.173116203902083
"156",0.377292401485417
"243",0.356470322120833
"66|76",0.0872203654124999
"66|124",-0.116209832202083
"66|132",0.0650757806916666
"66|156",-0.0551788547250001
"66|243",-0.0856504078604166
"76|124",0.137335323639584
"76|132",-0.0724614066499999
"76|156",0.00840554670416669
"76|243",0.0986374469854164
"124|132",0.114956350547917
"124|156",-0.126103081410417
"124|243",0.0765325206625
"132|156",0.05126288915
"132|243",0.0454753295979167
"156|243",0.0179432463270833
"66|76|124",0.0165471382875
"66|76|132",-0.0342660985895833
"66|76|156",0.0779089317229167
"66|76|243",0.0288875523583335
"66|124|132",0.0371868497750001
"66|124|156",0.0375163509000001
"66|124|243",-0.0343744380895833
"66|132|156",0.0156338433395834
"66|132|243",0.020321436725
"66|156|243",0.00688026341250012
"76|124|132",0.00385315334999995
"76|124|156",-0.0363770685458334
"76|124|243",0.0480236880479167
"76|132|156",-0.03551339913125
"76|132|243",-0.0535926348291666
"76|156|243",-0.0132535357458333
"124|132|156",-0.0516178193916666
"124|132|243",0.0171966745354167
"124|156|243",-0.0490938584854166
"132|156|243",0.00893487199583342
"66|76|124|132",-0.0086544988604167
"66|76|124|156",-0.00016847813125002
"66|76|124|243",0.029252776275
"66|76|132|156",-0.0151503727958334
"66|76|132|243",-0.00983543818125006
"66|76|156|243",0.0108211693187499
"66|124|132|156",-0.0113871127645834
"66|124|132|243",0.00921775205833322
"66|124|156|243",0.0483676764958333
"66|132|156|243",0.0109630160145832
"76|124|132|156",0.0167066467229166
"76|124|132|243",-0.0362399302041667
"76|124|156|243",0.0277248647541667
"76|132|156|243",-0.01547455924375
"124|132|156|243",-0.0432574951708334
"66|76|124|132|156",-0.00617082679583325
"66|76|124|132|243",0.00147866279791673
"66|76|124|156|243",-0.0136487464104166
"66|76|132|156|243",-0.0125225793291666
"66|124|132|156|243",0.0129633014937501
"76|124|132|156|243",-0.00247368584791662
"66|76|124|132|156|243",0.0043770464208332
