"model_order","R2","(Adjusted)","Delta R2"
"order1","0.781942848170391","0.740008780510851","0.781942848170391"
"order2","0.976114654960958","0.953722143986855","0.194171806790567"
"order3","0.99796812936684","0.989502001728675","0.0218534744058824"
"order4","0.999519323284466","0.985099021818433","0.00155119391762559"
