"indices","effect"
"INTERCEPT",0.263431465117486
"72",-0.120866765915
"193",0.377906117039738
"258",0.85306588000235
"271",-0.200471738699355
"273",0.261535802397086
"72|193",0.19034421236869
"72|258",-0.246865130943929
"72|271",0.177673126514814
"72|273",0.0963386882879583
"193|258",-0.00905966749286618
"193|271",0.0317540770476746
"193|273",0.144476874195779
"258|271",0.181430438373789
"258|273",0.0450667790807279
"271|273",0.227660529655545
"72|193|258",-0.0282664243908997
"72|193|271",0.00720859377443812
"72|193|273",0.118547473995786
"72|258|271",0.0101179278711007
"72|258|273",-0.00994912304978982
"72|271|273",0.057028936944662
"193|258|271",-0.0442558753696844
"193|258|273",0.00178515233554718
"193|271|273",-0.00631132164585336
"258|271|273",0.086097615165468
"72|193|258|271",-0.0377074334620421
"72|193|258|273",0.0183472877392399
"72|193|271|273",-0.00345633720451316
"72|258|271|273",0.00757241956026863
"193|258|271|273",-0.0119823003515096
