"id","effect","muts","cv","colors"
"00000",1,0,NA,"#FFF7F7"
"00001",1,1,NA,"#FFF7F7"
"00010",1,1,NA,"#FFF7F7"
"00100",1,1,NA,"#FFF7F7"
"01000",1,1,NA,"#FFF7F7"
"10000",1,1,NA,"#FFF7F7"
"00011",1.64206247325631,2,NA,"#FFF4F3"
"00101",1.02700509194406,2,NA,"#FFF7F7"
"00110",1.67547683081394,2,NA,"#FFF4F3"
"01001",1.30665204678363,2,NA,"#FFF4F3"
"01010",1.23983739837398,2,NA,"#FFF4F3"
"01100",1.28855090832277,2,NA,"#FFF4F3"
"10001",0.903194022497742,2,NA,"#FFF7F7"
"10010",1.54484228149614,2,NA,"#FFF4F3"
"10100",0.387544018871021,2,NA,"#FFFBFB"
"11000",1.5470618824753,2,NA,"#FFF4F3"
"00111",5.17925931710788,3,NA,"#FFD8D6"
"01011",2.30441449151334,3,NA,"#FFEDEC"
"01101",1.32023658639628,3,NA,"#FFF4F3"
"01110",2.24118210763857,3,NA,"#FFEDEC"
"10011",2.97059379165924,3,NA,"#FFE9E8"
"10101",0.205748340666733,3,NA,"#FFFFFF"
"10110",1.15742365018722,3,NA,"#FFF7F7"
"11001",3.77756338323708,3,NA,"#FFE2E1"
"11010",3.68453762540746,3,NA,"#FFE2E1"
"11100",0.566816082022242,3,NA,"#FFFBFB"
"01111",7.5700343421952,4,NA,"#FFC9C7"
"10111",4.34668421260003,4,NA,"#FFDFDD"
"11011",24.5463391492442,4,NA,"#FF4E45"
"11101",1.37310097389109,4,NA,"#FFF4F3"
"11110",1.72006014680601,4,NA,"#FFF0F0"
"11111",19.2128377604787,5,NA,"#FF746D"
