"indices","effect"
"INTERCEPT",-0.7654375
"69",-0.949625000000001
"104",0.036625
"238",0.198375
"276",-1.090125
"69|104",0.628375
"69|238",0.511625
"69|276",-0.507375
"104|238",-0.420125
"104|276",-0.596125
"238|276",-0.357875
"69|104|238",0.165625
"69|104|276",0.104125
"69|238|276",-0.181125
"104|238|276",-0.0258749999999999
