genotype,avg,pos,mutations
x000,-0.1897674820049159,p69,1
x001,-1.405860492308135,p69,1
x010,-1.599585372200107,p69,1
x011,-1.5628261895643818,p69,1
x100,-1.794150906306529,p69,1
x101,-1.8119517003667642,p69,1
x110,-0.23066721466354503,p69,1
x111,0.06963592814139452,p69,1
0x00,0.2741578492636798,p104,1
0x01,0.38841794553713904,p104,1
0x10,0.27766377733976855,p104,1
0x11,-1.5657214968337956,p104,1
1x00,-1.3302255750379333,p104,1
1x01,-0.017673262521490374,p104,1
1x10,1.6465819348763306,p104,1
1x11,0.06674062087198074,p104,1
00x0,0.021189299069938092,p238,1
00x1,0.1223145927821512,p238,1
01x0,0.024695227146026844,p238,1
01x1,-1.8318248495887834,p238,1
10x0,-1.388628591125253,p238,1
10x1,-0.034651104474095584,p238,1
11x0,1.588178918789011,p238,1
11x1,0.04976277891937553,p238,1
000x,-0.08092190762392612,p276,1
001x,0.020203386088286986,p276,1
010x,0.033338188649533085,p276,1
011x,-1.823181888085277,p276,1
100x,-1.2970149179271453,p276,1
101x,0.056962568724012286,p276,1
110x,0.015537394589297815,p276,1
111x,-1.5228787452803376,p276,1
xx00,-1.6043834243016133,p69|p104,2
xx01,-0.4060912080586292,p69|p104,2
xx10,1.3689181575365619,p69|p104,2
xx11,1.6324621177057763,p69|p104,2
x0x0,-1.4098178901951912,p69|p238,2
x0x1,-0.15696569725624676,p69|p238,2
x1x0,1.563483691642984,p69|p238,2
x1x1,1.8815876285081587,p69|p238,2
x00x,-1.216093010303219,p69|p276,2
x01x,0.036759182635725196,p69|p276,2
x10x,-0.01780079406023516,p69|p276,2
x11x,0.3003031428049395,p69|p276,2
0xx0,0.003505928076088738,p104|p238,2
0xx1,-1.9541394423709346,p104|p238,2
1xx0,2.9768075099142637,p104|p238,2
1xx1,0.08441388339347111,p104|p238,2
0x0x,0.11426009627345923,p104|p276,2
0x1x,-1.8433852741735641,p104|p276,2
1x0x,1.3125523125164429,p104|p276,2
1x1x,-1.57984131400435,p104|p276,2
00xx,0.10112529371221311,p238|p276,2
01xx,-1.8565200767348102,p238|p276,2
10xx,1.3539774866511574,p238|p276,2
11xx,-1.5384161398696354,p238|p276,2
xxx0,2.973301581838175,p69|p104|p238,3
xxx1,2.0385533257644055,p69|p104|p238,3
xx0x,1.198292216242984,p69|p104|p276,3
xx1x,0.26354396016921444,p69|p104|p276,3
x0xx,1.2528521929389445,p69|p238|p276,3
x1xx,0.3181039368651748,p69|p238|p276,3
0xxx,-1.9576453704470234,p104|p238|p276,3
1xxx,-2.892393626520793,p104|p238|p276,3
xxxx,-0.9347482560737697,p69|p104|p238|p276,4
