"model_order","R2","(Adjusted)","Delta R2"
"order1","0.583850274325966","0.432523101353591","0.583850274325966"
"order2","0.670808352533578","0.0124250576007352","0.0869580782076124"
"order3","0.994685299213987","0.920279488209798","0.323876946680409"
