"id","effect","muts","cv","colors","enz"
"0000",0,0,NA,"#FFFFFF","TEM"
"0001",-0.0809219076239261,1,NA,"#F3FCFF","TEM"
"0010",0.0211892990699381,1,NA,"#FFFBFB","TEM"
"0100",0.27415784926368,1,NA,"#FFDFDD","TEM"
"1000",-0.189767482004916,1,NA,"#E8FAFF","TEM"
"0011",0.0413926851582251,2,NA,"#FFFBFB","TEM"
"0101",0.307496037913213,2,NA,"#FFDBD9","TEM"
"0110",0.298853076409707,2,NA,"#FFDFDD","TEM"
"1001",-1.48678239993206,2,NA,"#50D9FF","TEM"
"1010",-1.57839607313017,2,NA,"#45D7FF","TEM"
"1100",-1.51999305704285,2,NA,"#4CD8FF","TEM"
"0111",-1.52432881167557,3,NA,"#4CD8FF","TEM"
"1011",-1.52143350440616,3,NA,"#4CD8FF","TEM"
"1101",-1.50445566245355,3,NA,"#4CD8FF","TEM"
"1110",0.0681858617461616,3,NA,"#FFF7F7","TEM"
"1111",-1.45469288353418,4,NA,"#53DAFF","TEM"
