"indices","effect"
"INTERCEPT",-0.615593560765154
"69",-1.06564667865912
"104",-0.0325072758130399
"238",-0.181120466060205
"276",-0.574744490108195
"69|104",0.123863205360262
"69|238",0.234785966587462
"69|276",-0.112103934865349
"104|238",0.138823484876611
"104|276",-0.249551772423501
"238|276",-0.242479179530136
"69|104|238",0.626481863450322
"69|104|276",0.182729522051525
"69|238|276",0.196369516225514
"104|238|276",-0.606254874620977
