"id","effect","muts","cv","colors"
"0000",1,0,NA,"#FF7871"
"0001",1,1,NA,"#FF7871"
"0010",1,1,NA,"#FF7871"
"0100",1,1,NA,"#FF7871"
"1000",1,1,NA,"#FF7871"
"0011",1.26219162363741,2,NA,"#FF5148"
"0101",1.30094847475006,2,NA,"#FF4E45"
"0110",1.0081053698075,2,NA,"#FF746D"
"1001",0.0608004774516021,2,NA,"#FFF7F7"
"1010",0.0389208314904909,2,NA,"#FFFBFB"
"1100",0.0248666095777617,2,NA,"#FFFBFB"
"0111",0.0182492889491095,3,NA,"#FFFBFB"
"1011",0.0534646325239037,3,NA,"#FFF7F7"
"1101",0.0310510204972449,3,NA,"#FFFBFB"
"1110",0.917500258782124,3,NA,"#FF837C"
"1111",0.0331626599559804,4,NA,"#FFFBFB"
