genotype,avg,pos,mutations,likely,enzyme_name,measure_type,cond
x000,-0.1897674820049159,p69,1,FALSE,TEM,growth,CPR
0x00,0.2741578492636798,p104,1,TRUE,TEM,growth,CPR
00x0,0.021189299069938092,p238,1,FALSE,TEM,growth,CPR
000x,-0.08092190762392612,p276,1,FALSE,TEM,growth,CPR
xx00,-1.6043834243016133,p69|p104,2,FALSE,TEM,growth,CPR
x0x0,-1.4098178901951912,p69|p238,2,FALSE,TEM,growth,CPR
x00x,-1.216093010303219,p69|p276,2,FALSE,TEM,growth,CPR
0xx0,0.003505928076088738,p104|p238,2,FALSE,TEM,growth,CPR
0x0x,0.11426009627345923,p104|p276,2,TRUE,TEM,growth,CPR
00xx,0.10112529371221311,p238|p276,2,FALSE,TEM,growth,CPR
xxx0,2.973301581838175,p69|p104|p238,3,FALSE,TEM,growth,CPR
xx0x,1.198292216242984,p69|p104|p276,3,FALSE,TEM,growth,CPR
x0xx,1.2528521929389445,p69|p238|p276,3,FALSE,TEM,growth,CPR
0xxx,-1.9576453704470234,p104|p238|p276,3,FALSE,TEM,growth,CPR
xxxx,-0.9347482560737697,p69|p104|p238|p276,4,FALSE,TEM,growth,CPR
