mean,max,obs,geno,enzyme_name,measure_type,cond
0.006164439676193973,0.2741578492636798,0,0000,TEM,growth,CPR
-0.29837598466294823,0.38841794553713904,-0.08092190762392612,0001,TEM,growth,CPR
-0.43390606959068384,0.27766377733976855,0.021189299069938092,0010,TEM,growth,CPR
-0.5787058301703231,0.033338188649533085,0.2741578492636798,0100,TEM,growth,CPR
-1.3386230280301106,-1.2970149179271453,-0.1897674820049159,1000,TEM,growth,CPR
-1.5642738431990888,-1.5628261895643818,0.04139268515822508,0011,TEM,growth,CPR
-1.8218882749777738,-1.8119517003667642,0.3074960379132129,0101,TEM,growth,CPR
-1.026924551374411,-0.23066721466354503,0.29885307640970665,0110,TEM,growth,CPR
-0.02616218349779298,-0.017673262521490374,-1.486782399932061,1001,TEM,growth,CPR
0.8517722518001715,1.6465819348763306,-1.578396073130169,1010,TEM,growth,CPR
0.8018581566891544,1.588178918789011,-1.5199930570428493,1100,TEM,growth,CPR
0.06963592814139452,0.06963592814139452,-1.5243288116755704,0111,TEM,growth,CPR
0.06674062087198074,0.06674062087198074,-1.5214335044061567,1011,TEM,growth,CPR
0.04976277891937553,0.04976277891937553,-1.5044556624535514,1101,TEM,growth,CPR
-1.5228787452803376,-1.5228787452803376,0.06818586174616162,1110,TEM,growth,CPR
