MAE,Last MAE,Step,Enzyme,Linear MAE,Linear Last MAE
2.296998691478757,7.25423220458568,1,AP,0.6738812980507082,0.9571545220492457
0.5209981987565394,2.1425317039845027,2,AP,0.34739708360640487,0.5207144939504875
0.1859126564266655,2.431874969598341,3,AP,0.060974308951230335,0.016621266034604787
0.0339204708267694,1.085455066456607,4,AP,0.033890919622234644,0.033890919622233895
