"positions","mean","median","top","bottom","range","skew","pos_pct","neg_pct","wt_res"
"p101",-1.00418046997836,-0.488796740067253,0.41929211729661,-3.36493974856911,3.78423186586572,-1.27513674726965,0.25,0.75,32.2916586871478
"p166",-1.78144109306205,-2.04114296074966,0.258021213531457,-3.79860287567955,4.05662408921101,0.593465609530022,0.125,0.875,90.9549863073587
"p153",-0.0743495708220869,-0.00876536222786051,1.29363127359095,-2.35261702988538,3.64624830347633,-0.199633348832323,0.5,0.5,97.6182631662009
"p322",-3.71331278252104,-3.41876173667603,-1.7892343266555,-6.50393454964187,4.71470022298637,-0.725355004169003,0,1,46.4592967285053
"p328",-1.05527347602237,-0.711075199266623,0.38685693240018,-2.92445303860747,3.31130997100765,-1.06143403818495,0.0625,0.9375,70.0972876884098
