"genotype","predicted effect"
"DRDEK",0.0338909196222454
"ARDEK",-1.83759627447826
"DSDEK",-3.83323146907581
"DRAEK",-2.38607343773359
"DRDYK",-4.97589897264454
"DRDEA",-2.95817020568411
"ASDEK",-4.00202163626841
"ARAEK",-3.24693568995345
"ARDYK",-8.27408793599707
"ARDEA",-4.31829159848912
"DSAEK",-4.65150627752451
"DSDYK",-8.56132964717542
"DSDEA",-6.38523838811975
"DRAYK",-5.40372179381375
"DRAEA",-3.12199695334516
"DRDYA",-5.58935837077567
"ASAEK",-4.53220147341183
"ASDYK",-8.20998217867792
"ASDEA",-6.38607343773359
"ARAYK",-7.71928811676898
"ARAEA",-3.75405022302819
"ARDYA",-8.79183878391759
"DSAYK",-7.55447786812298
"DSAEA",-5.27692896830852
"DSDYA",-8.24216686204931
"DRAYA",-6.32808149075591
"ASAYK",-7.79232177623165
"ASAEA",-5.0250869403371
"ASDYA",-8.46441963416736
"ARAYA",-8.46441963416736
"DSAYA",-8.12199695334516
"ASAYA",-8.60278254769754
