"genotype","predicted effect"
"DRDEK",0.0651409195625061
"ARDEK",-1.8688462745625
"DSDEK",-3.8644814685625
"DRAEK",-2.4173234375625
"DRDYK",-5.0071489725625
"DRDEA",-2.9894202055625
"ASDEK",-3.9707716364375
"ARAEK",-3.2156856904375
"ARDYK",-8.2428379364375
"ARDEA",-4.2870415984375
"DSAEK",-4.6202562774375
"DSDYK",-8.5300796474375
"DSDEA",-6.3539883884375
"DRAYK",-5.3724717934375
"DRAEA",-3.0907469534375
"DRDYA",-5.5581083704375
"ASAEK",-4.5634514735625
"ASDYK",-8.2412321785625
"ASDEA",-6.4173234375625
"ARAYK",-7.7505381165625
"ARAEA",-3.7853002225625
"ARDYA",-8.8230887835625
"DSAYK",-7.5857278685625
"DSAEA",-5.3081789685625
"DSDYA",-9.2734168615625
"DRAYA",-6.3593314905625
"ASAYK",-8.7610717764375
"ASAEA",-4.9938369404375
"ASDYA",-10.4331696304375
"ARAYA",-8.4331696344375
"DSAYA",-8.0907469534375
"ASAYA",-9.63403254756251
