pos,mutations,idiosync
p101,Order 1,2.3372926981051894
p166,Order 1,2.1929249582950443
p153,Order 1,2.1243501374625766
p322,Order 1,2.0915477296775498
p328,Order 1,1.8489913256906327
p101|p166,Order 2,1.9789514214099377
p101|p153,Order 2,1.8580804937833337
p101|p322,Order 2,1.5650780331120704
p101|p328,Order 2,1.3782659093991432
p166|p153,Order 2,1.9338765424008004
p166|p322,Order 2,1.5755376292203647
p166|p328,Order 2,1.4541501415409828
p153|p322,Order 2,2.362452272134744
p153|p328,Order 2,2.2261680958427075
p322|p328,Order 2,2.348414510020862
p101|p166|p153,Order 3,2.149830407812654
p101|p166|p322,Order 3,2.1871044899314325
p101|p166|p328,Order 3,1.7631173247599974
p101|p153|p322,Order 3,2.208523109780916
p101|p153|p328,Order 3,1.7896175506031968
p101|p322|p328,Order 3,1.8342263341663414
p166|p153|p322,Order 3,2.4429885849276367
p166|p153|p328,Order 3,2.072040027865619
p166|p322|p328,Order 3,2.1106883106227845
p153|p322|p328,Order 3,2.1328744503973502
p101|p166|p153|p322,Order 4,2.949278838702617
p101|p166|p153|p328,Order 4,2.9492788387026176
p101|p166|p322|p328,Order 4,2.949278838702617
p101|p153|p322|p328,Order 4,2.9492788387026176
p166|p153|p322|p328,Order 4,2.949278838702618
