pos,mutations,idiosync
p101,Order 1,2.4250751035823876
p166,Order 1,2.6256133145771106
p153,Order 1,1.9711398614861386
p322,Order 1,2.436470783150923
p328,Order 1,1.945659915020189
p101|p166,Order 2,1.9517847638283097
p101|p153,Order 2,1.275018403484661
p101|p322,Order 2,1.6525309237791266
p101|p328,Order 2,0.7190107330951517
p166|p153,Order 2,1.4916600878586854
p166|p322,Order 2,1.7544518960579447
p166|p328,Order 2,0.6982467370881869
p153|p322,Order 2,2.863402866630771
p153|p328,Order 2,2.7327773714676624
p322|p328,Order 2,2.7539031138933994
p101|p166|p153,Order 3,1.1978401038548347
p101|p166|p322,Order 3,1.222241561641971
p101|p166|p328,Order 3,0.7858319718403765
p101|p153|p322,Order 3,1.2379222350852335
p101|p153|p328,Order 3,0.8100055018825175
p101|p322|p328,Order 3,0.845672769859591
p166|p153|p322,Order 3,1.1970646169057664
p166|p153|p328,Order 3,0.7460704725488593
p166|p322|p328,Order 3,0.7846493934307996
p153|p322|p328,Order 3,0.8088582667715876
p101|p166|p153|p322,Order 4,1.5350652763295236
p101|p166|p153|p328,Order 4,1.5350652763295236
p101|p166|p322|p328,Order 4,1.5350652763295234
p101|p153|p322|p328,Order 4,1.5350652763295236
p166|p153|p322|p328,Order 4,1.5350652763295238
