"model_order","R2","(Adjusted)","Delta R2"
"order1","0.874133941543514","0.849928930301883","0.874133941543514"
"order2","0.96977018653308","0.941429736407843","0.095636244989566"
"order3","0.999014659669124","0.994909074957139","0.0292444731360437"
"order4","0.999789631935884","0.9934785900124","0.000774972266759932"
