"indices","effect"
"INTERCEPT",-5.71180264438054
"101",-1.00406944640459
"166",-1.78161546851977
"153",-0.0741284793071262
"322",-3.71341628202744
"328",-1.05525733522909
"101|166",0.955567797554102
"101|153",0.217531614073777
"101|322",-0.438694134713248
"101|328",0.0311913705103059
"166|153",0.39002353534316
"166|322",0.531267672441464
"166|328",0.134304659570368
"153|322",0.21437750486982
"153|328",0.379155175551071
"322|328",0.541012836798645
"101|166|153",-0.255900632817524
"101|166|322",0.339812082043342
"101|166|328",-0.0956975686880318
"101|153|322",-0.0674015251628683
"101|153|328",0.00601271695164555
"101|322|328",-0.0988920201484193
"166|153|322",-0.178692766737681
"166|153|328",-0.082274503491682
"166|322|328",0.0516262070972283
"153|322|328",-0.626778444877775
"101|166|153|322",-0.106160505803513
"101|166|153|328",0.0308923656298334
"101|166|322|328",-0.0407372633886773
"101|153|322|328",0.0457595560114807
"166|153|322|328",-0.0307785237627969
