"indices","sign","effect"
"322|328",0,2.24412514432751
"153|328",0,2.12092549111601
"153|322",0,1.85800504300538
"153|322|328",0,3.9260289294403
"166|328",0,0.303980889962637
"166|322|328",0,3.45784171197066
"166|153",0,1.46508712593408
"166|153|328",0,3.83230905241825
"166|153|322",0,3.57432199718561
"166|153|322|328",0,5.86262351545909
"101|328",0,0.375936356312856
"101|322",0,-1.56083940097835
"101|322|328",0,0.914686583548058
"101|153",0,0.876048664459873
"101|153|328",0,3.35992401703644
"101|153|322",0,1.41367974650883
"101|153|322|328",0,3.52532482696489
"101|166",0,1.56696285346716
"101|166|328",0,2.17453923199241
"101|166|322",0,2.36992420585039
"101|166|322|328",0,4.97131067275906
"101|166|153",0,3.45637951537345
"101|166|153|328",0,5.82078753546873
"101|166|153|322",0,5.0716016702315
"101|166|153|322|328",0,7.25423220458568
