"id","effect","muts","cv","colors"
"00000",1,0,NA,"#FFFFFF"
"00001",1,1,NA,"#FFFFFF"
"00010",1,1,NA,"#FFFFFF"
"00100",1,1,NA,"#FFFFFF"
"01000",1,1,NA,"#FFFFFF"
"10000",1,1,NA,"#FFFFFF"
"00011",175.438596491228,2,NA,"#FFFFFF"
"00101",132.106896812779,2,NA,"#FFFFFF"
"00110",72.1115852694799,2,NA,"#FFFFFF"
"01001",2.01363564293642,2,NA,"#FFFFFF"
"01010",1.4013019971312,2,NA,"#FFFFFF"
"01100",29.1801235197462,2,NA,"#FFFFFF"
"10001",2.37649199807312,2,NA,"#FFFFFF"
"10010",0.0274891049279249,2,NA,"#FFFFFF"
"10100",7.51707121133873,2,NA,"#FFFFFF"
"11000",36.8946040139406,2,NA,"#FFFFFF"
"00111",8433.90936270191,3,NA,"#FFFFFF"
"01011",286.973445452329,3,NA,"#FFFFFF"
"01101",6796.87139176596,3,NA,"#FFFFFF"
"01110",3752.51120037615,3,NA,"#FFFFFF"
"10011",8.21649477759592,3,NA,"#FFFFFF"
"10101",2290.46688394759,3,NA,"#FFFFFF"
"10110",25.9226709109378,3,NA,"#FFFFFF"
"11001",149.46490553919,3,NA,"#FFFFFF"
"11010",234.381973039396,3,NA,"#FFFFFF"
"11100",2860.08878726101,3,NA,"#FFFFFF"
"01111",728825.426529731,4,NA,"#FFB8B4"
"10111",3352.16067502948,4,NA,"#FFFFFF"
"11011",936.075056423324,4,NA,"#FFFFFF"
"11101",661892.614924279,4,NA,"#FFBFBC"
"11110",11792.3855581906,4,NA,"#FFFFFF"
"11111",1795693.47510657,5,NA,"#FF4E45"
