pos,mutations,idiosync
p21,Order 1,0.7801714820008758
p26,Order 1,0.9907284634061478
p28,Order 1,0.8767246569951386
p30,Order 1,0.7819433042479087
p94,Order 1,0.9493952646920827
p21|p26,Order 2,0.7589383822790392
p21|p28,Order 2,1.0778580571030405
p21|p30,Order 2,0.7426795812129242
p21|p94,Order 2,1.0180022223699359
p26|p28,Order 2,1.3812059772024319
p26|p30,Order 2,1.2820843681196514
p26|p94,Order 2,0.9860951351916594
p28|p30,Order 2,1.3036898143591846
p28|p94,Order 2,1.4056076036862186
p30|p94,Order 2,0.9382006873628582
p21|p26|p28,Order 3,0.813440330410667
p21|p26|p30,Order 3,0.24294235040485176
p21|p26|p94,Order 3,0.7947649519009534
p21|p28|p30,Order 3,1.0480648901606564
p21|p28|p94,Order 3,1.2926988656053504
p21|p30|p94,Order 3,1.0336373501470322
p26|p28|p30,Order 3,1.0624228468636567
p26|p28|p94,Order 3,1.3043667615696775
p26|p30|p94,Order 3,1.0481929513068606
p28|p30|p94,Order 3,1.4622337335517266
p21|p26|p28|p30,Order 4,0.3875716688364067
p21|p26|p28|p94,Order 4,0.3875716688364067
p21|p26|p30|p94,Order 4,0.3875716688364067
p21|p28|p30|p94,Order 4,0.3875716688364067
p26|p28|p30|p94,Order 4,0.38757166883640704
