"indices","effect"
"INTERCEPT",2.09993317835463
"21",0.983757728839917
"26",0.984680812056648
"28",1.57538068963205
"30",0.974192126366844
"94",1.22071028432384
"21|26",0.140223722573609
"21|28",-0.0368921664226438
"21|30",0.129857364992327
"21|94",0.155349917371748
"26|28",0.080420971075737
"26|30",0.067148017922075
"26|94",0.265139448964926
"28|30",0.065363834922521
"28|94",0.00428140907619893
"30|94",0.00662469813424691
"21|26|28",0.0827390360063205
"21|26|30",-0.12832404063567
"21|26|94",-0.0205195762934136
"21|28|30",-0.0210878113787821
"21|28|94",-0.190473106335188
"21|30|94",-0.0191977485826083
"26|28|30",-0.228625636477163
"26|28|94",-0.157593101794193
"26|30|94",0.0889604992497338
"28|30|94",-0.121349167529354
"21|26|28|30",0.0193813978363177
"21|26|28|94",-0.0840117192668739
"21|26|30|94",-0.00488898156465901
"21|28|30|94",0.110579373047706
"26|28|30|94",-0.112338558773009
