"indices","sign","effect"
"28|94",0,0.809563765908659
"28|30",0,0.943884058021069
"28|30|94",0,1.34328134153479
"26|94",0,0.341557459842178
"26|30",0,0.509157486719971
"26|30|94",0,1.74365342828537
"26|28",0,0.448245126983433
"26|28|94",0,1.68499130405925
"26|28|30",0,1.28889447864412
"26|28|30|94",0,2.11082372405962
"21|94",0,0.848449899695207
"21|30",0,0.881294004929269
"21|30|94",0,1.29934501945248
"21|28",0,0.309271124956767
"21|28|94",0,1.03185932058696
"21|28|30",0,1.46104489987957
"21|28|30|94",0,2.22578082913231
"21|26",0,0.307491579946378
"21|26|94",0,1.70202296897289
"21|26|30",0,1.05836879590041
"21|26|30|94",0,2.87588870238727
"21|26|28",0,1.58690064375826
"21|26|28|94",0,2.40481326127833
"21|26|28|30",0,2.287835681459
"21|26|28|30|94",0,2.96772231483759
