"id","effect","muts","cv","colors"
"00000",1,0,NA,"#FFFFFF"
"00001",1,1,NA,"#FFFFFF"
"00010",1,1,NA,"#FFFFFF"
"00100",1,1,NA,"#FFFFFF"
"01000",1,1,NA,"#FFFFFF"
"10000",1,1,NA,"#FFFFFF"
"00011",1.37430259271415,2,NA,"#FFFFFF"
"00101",6.45006016847172,2,NA,"#FFFFFF"
"00110",8.78787878787879,2,NA,"#FFFFFF"
"01001",2.19562142419828,2,NA,"#FFFFFF"
"01010",3.22966507177034,2,NA,"#FFFFFF"
"01100",2.80701754385965,2,NA,"#FFFFFF"
"10001",7.05423461554421,2,NA,"#FFFFFF"
"10010",7.60841170323929,2,NA,"#FFFFFF"
"10100",2.03831417624521,2,NA,"#FFFFFF"
"11000",2.02997916246555,2,NA,"#FFFFFF"
"00111",22.0435400940816,3,NA,"#FFFBFB"
"01011",55.4183292165432,3,NA,"#FFF4F3"
"01101",48.4162673028339,3,NA,"#FFF4F3"
"01110",19.4488747120326,3,NA,"#FFFBFB"
"10011",19.9225543119481,3,NA,"#FFFBFB"
"10101",10.7611657468498,3,NA,"#FFFBFB"
"10110",28.9097875304772,3,NA,"#FFF7F7"
"11001",50.3527238639636,3,NA,"#FFF4F3"
"11010",11.4384926090915,3,NA,"#FFFBFB"
"11100",38.627859559499,3,NA,"#FFF7F7"
"01111",129.069528651516,4,NA,"#FFE6E4"
"10111",168.182509773447,4,NA,"#FFDFDD"
"11011",751.43029862706,4,NA,"#FF716A"
"11101",253.988036839913,4,NA,"#FFCDCA"
"11110",194.015166791936,4,NA,"#FFDBD9"
"11111",928.37260136187,5,NA,"#FF4E45"
