genotype,avg,pos,mutations,likely,enzyme_name,measure_type,cond
x0000,0.24054924828259971,p21,1,FALSE,DHFR,ki,trajr
0x000,0.23299611039215382,p26,1,FALSE,DHFR,ki,trajr
00x00,0.8750612633917001,p28,1,TRUE,DHFR,ki,trajr
000x0,0.24551266781414982,p30,1,FALSE,DHFR,ki,trajr
0000x,0.4424797690644486,p94,1,FALSE,DHFR,ki,trajr
xx000,0.3074915799463783,p21|p26,2,FALSE,DHFR,ki,trajr
x0x00,0.30927112495676723,p21|p28,2,FALSE,DHFR,ki,trajr
x00x0,0.8812940049292692,p21|p30,2,FALSE,DHFR,ki,trajr
x000x,0.8484498996952068,p21|p94,2,FALSE,DHFR,ki,trajr
0xx00,0.44824512698343333,p26|p28,2,FALSE,DHFR,ki,trajr
0x0x0,0.509157486719971,p26|p30,2,FALSE,DHFR,ki,trajr
0x00x,0.3415574598421778,p26|p94,2,FALSE,DHFR,ki,trajr
00xx0,0.9438840580210686,p28|p30,2,FALSE,DHFR,ki,trajr
00x0x,0.809563765908659,p28|p94,2,TRUE,DHFR,ki,trajr
000xx,0.13808236582222805,p30|p94,2,FALSE,DHFR,ki,trajr
xxx00,0.5218928118716802,p21|p26|p28,3,FALSE,DHFR,ki,trajr
xx0x0,-0.6395742756952106,p21|p26|p30,3,FALSE,DHFR,ki,trajr
xx00x,0.2045240294891274,p21|p26|p94,3,FALSE,DHFR,ki,trajr
x0xx0,-0.6734042880275373,p21|p28|p30,3,FALSE,DHFR,ki,trajr
x0x0x,-0.9354254699736737,p21|p28|p94,3,FALSE,DHFR,ki,trajr
x00xx,-0.5684812509942287,p21|p30|p94,3,FALSE,DHFR,ki,trajr
0xxx0,-0.6123921930803554,p26|p28|p30,3,FALSE,DHFR,ki,trajr
0xx0x,0.08562495132497605,p26|p28|p94,3,TRUE,DHFR,ki,trajr
0x0xx,0.7548561159009967,p26|p30|p94,3,FALSE,DHFR,ki,trajr
00xxx,-0.5482488482171632,p28|p30|p94,3,FALSE,DHFR,ki,trajr
xxxx0,0.2919702448335325,p21|p26|p28|p30,4,FALSE,DHFR,ki,trajr
xxx0x,-0.5363820187664007,p21|p26|p28|p94,4,TRUE,DHFR,ki,trajr
xx0xx,0.09853128673135603,p21|p26|p30|p94,4,FALSE,DHFR,ki,trajr
x0xxx,1.0207954670117156,p21|p28|p30|p94,4,FALSE,DHFR,ki,trajr
0xxxx,-0.7595065651663738,p26|p28|p30|p94,4,FALSE,DHFR,ki,trajr
xxxxx,-0.2740545552300101,p21|p26|p28|p30|p94,5,TRUE,DHFR,ki,trajr
