"id","effect","muts","cv","colors"
"00000",1,0,NA,"#FFEDEC"
"00001",1,1,NA,"#FFEDEC"
"00010",1,1,NA,"#FFEDEC"
"00100",1,1,NA,"#FFEDEC"
"01000",1,1,NA,"#FFEDEC"
"10000",1,1,NA,"#FFEDEC"
"00011",0.925511466863267,2,NA,"#FFEDEC"
"00101",0.211330993907928,2,NA,"#FFFBFB"
"00110",2.21281568364195,2,NA,"#FFD8D6"
"01001",1.09705997108168,2,NA,"#FFE9E8"
"01010",1.318854368295,2,NA,"#FFE6E4"
"01100",0.872302499336292,2,NA,"#FFF0F0"
"10001",0.129308826711078,2,NA,"#FFFBFB"
"10010",0.33515776149138,2,NA,"#FFF7F7"
"10100",0.149659524581577,2,NA,"#FFFBFB"
"11000",0.902759057369084,2,NA,"#FFEDEC"
"00111",0.961711016483727,3,NA,"#FFEDEC"
"01011",0.566031917723178,3,NA,"#FFF4F3"
"01101",0.202304047776124,3,NA,"#FFFBFB"
"01110",1.89132386587795,3,NA,"#FFDBD9"
"10011",0.344177369322412,3,NA,"#FFF7F7"
"10101",0.0130247321106999,3,NA,"#FFFFFF"
"10110",0.0940017463775607,3,NA,"#FFFFFF"
"11001",2.15250132896777,3,NA,"#FFD8D6"
"11010",0.576916575517053,3,NA,"#FFF4F3"
"11100",0.102262895584559,3,NA,"#FFFBFB"
"01111",0.913014530545937,4,NA,"#FFEDEC"
"10111",0.386239999921108,4,NA,"#FFF7F7"
"11011",9.90414721917687,4,NA,"#FF4E45"
"11101",0.279421715069905,4,NA,"#FFFBFB"
"11110",0.136386897285355,4,NA,"#FFFBFB"
"11111",7.64301803303585,5,NA,"#FF746D"
