MAE,Last MAE,Step,Enzyme,Linear MAE,Linear Last MAE
0.463785857275913,0.009839140427315485,1,TEM,0.4040222772902304,0.8270318510228514
0.2777841108276527,0.4671007979071393,2,TEM,0.3555660688166445,0.7661844661776287
0.23593228881307834,3.774916621009253,3,TEM,0.23593228881307834,0.23593228881307793
