"genotype","predicted effect"
"MEGN",-0.235932288813079
"MEGD",-0.113760188054986
"MESN",2.244532460575
"MESD",2.212774031092
"MKGN",1.40324962356126
"MKGD",0.640285551778564
"MKSN",2.08003805664384
"MKSD",2.73699155103083
"LEGN",0.0728890258726277
"LEGD",-0.442840688636499
"LESN",1.82097256252339
"LESD",0.74378816050891
"LKGN",-0.194539603654854
"LKGD",0.626867395916457
"LKSN",0.603288209839098
"LKSD",2.43708861831582
