"model_order","R2","(Adjusted)","Delta R2"
"order1","0.731448339839033","0.633793190689591","0.731448339839033"
"order2","0.840410954173365","0.521232862520094","0.108962614334332"
"order3","0.952112801022196","0.281692015332945","0.111701846848831"
