"indices","effect"
"INTERCEPT",1.03973077990615
"69",-0.66258313964106
"104",0.503855791045456
"238",1.64040685281993
"276",0.130837048175477
"69|104",-0.184381901008433
"69|238",-0.254716497397553
"69|276",0.13473627470563
"104|238",-0.295020985762884
"104|276",0.506462159487605
"238|276",0.214615719666081
"69|104|238",0.21335514828717
"69|104|276",0.555568221655306
"69|238|276",-0.101881039316067
"104|238|276",0.393462024102692
