"indices","sign","effect"
"238|276",0,0.789798625011226
"104|238",0,-0.859947161053176
"104|238|276",0,-0.325165767424278
"69|276",0,0.305827339985093
"69|238",0,0.211347942515005
"69|238|276",0,-0.988008560257574
"69|104",0,-0.962881386649502
"69|104|276",0,-0.263646487836284
"69|104|238",0,-2.64551832254363
